# Paired posed WebXR hands; MIT, Copyright (c) 2019 Amazon
v -64.38528348059485 148.3957349306358 81.40739525411816
v -62.907631738369304 151.24669228046702 80.62852471404219
v -63.219367721737 149.16354739237886 85.8718899458463
v -61.9227057233933 151.82940998648877 85.55627469365892
v -60.60350372466607 147.37160832942317 89.25361067908221
v -58.97133662467499 149.58568260275862 89.22672455671155
v -59.92839578259346 153.32718535557655 84.98625916740151
v -60.722117245755946 152.4395228114059 80.01281832783255
v -57.39647693219778 151.00095769350662 88.71212800905934
v -60.722117245755946 152.4395228114059 80.01281832783255
v -59.05907307286995 152.7380377773522 79.92058566145404
v -59.92839578259346 153.32718535557655 84.98625916740151
v -57.25268307775145 153.467330711417 84.08264007768108
v -57.39647693219778 151.00095769350662 88.71212800905934
v -55.92257905758028 151.6830136183284 87.73341845385617
v -49.80699602013816 142.629851497628 88.90518775621607
v -53.567715532668856 147.16791686223524 89.48758219294886
v -49.51836205346115 143.5696073460977 86.02645083610233
v -53.14334959551164 147.98204916864245 87.30844621460554
v -50.65606449929591 144.3542175709398 80.98805347448729
v -45.11810353694728 139.59641890532814 84.43914047233869
v -46.48087651995194 140.51690972042755 79.24982744190233
v -45.399293445974735 138.45574348874896 87.44506401994701
v -40.42508225127963 135.55636053645986 81.59675532345275
v -40.31777973240466 134.03099906183206 84.85141928845111
v -56.42706808733016 149.07411006101518 77.82592178164762
v -53.38419296512088 144.2463960927302 76.53280070894027
v -53.98369978793725 148.92630570962763 82.41826649382574
v -61.24717272414223 147.24921677897117 75.76000586165688
v -57.964376943758126 142.32404605034753 73.09933374856807
v -58.67887879390137 148.42639371190518 76.32834057762366
v -55.47211746174134 143.5972862012158 74.57304928609163
v -63.754292844927136 139.64147350519966 81.60536827906228
v -62.89079372389497 138.6868456400336 84.68652035699155
v -62.15055075583705 135.37451903812973 79.79612610780913
v -61.34344184585051 134.34689529781934 83.66762996054888
v -56.859077362601774 136.70953621938216 89.98756707978606
v -59.466884140550334 141.23196445657965 89.92514278560395
v -54.07072633967598 138.80607595938702 91.3381102404511
v -57.55866907501642 143.4174509142608 90.9324119792487
v -53.567715532668856 147.16791686223524 89.48758219294886
v -49.80699602013816 142.629851497628 88.90518775621607
v -55.456829763993134 145.56693609452074 90.86684701905563
v -51.300300367185876 140.83075654742544 90.97903012586578
v -55.47211746174134 143.5972862012158 74.57304928609163
v -58.67887879390137 148.42639371190518 76.32834057762366
v -31.49172638932754 124.48016550922216 77.78547339540899
v -37.30768518149463 127.00143233560641 84.19524276381524
v -36.13554195919327 129.5660338080331 81.37300135667466
v -33.56738413876166 121.74108718994597 80.49794707698352
v -31.61877809536943 126.4972628297621 73.76989364900221
v -36.13554195919327 129.5660338080331 81.37300135667466
v -36.360175352152986 130.8882134565403 78.01553785136086
v -31.49172638932754 124.48016550922216 77.78547339540899
v -33.81580989728577 127.25981929585433 69.8061846603202
v -38.47356028611584 131.4622585651865 73.94948644459384
v -41.96949659759909 131.33240248799183 70.56076288219268
v -37.24566711897816 126.85165428744628 66.50164544362946
v -44.571182456726866 130.67675215243253 69.02718432937303
v -40.068215810295776 125.86430066532316 64.88143877378866
v -40.068215810295776 125.86430066532316 64.88143877378866
v -44.571182456726866 130.67675215243253 69.02718432937303
v -42.910175352405176 124.33376751367645 64.38528498945236
v -47.20766529195314 129.37711734339308 68.40925255026897
v -47.312021535568505 116.83698387284161 71.06839084567373
v -51.342503106534224 121.96967056604433 74.82542575766635
v -45.96354622828303 115.7298689519476 75.04817617368583
v -49.564455332759366 120.94254760078113 78.57902387246267
v -49.41751544919558 140.0936337963949 75.10867949602455
v -51.73114959633876 139.33560423624044 73.28313685944565
v -45.42231691254995 136.059337932002 72.82393137467588
v -47.78441736253746 135.16293992998197 71.20970749212321
v -51.053361271752195 125.72828357917462 84.71574366567638
v -46.947000905997804 120.96972276276875 81.91247206329287
v -53.51462582844383 125.51288486890948 81.08764227107793
v -46.70123763681904 136.5346390638843 90.09384561055148
v -40.31777973240466 134.03099906183206 84.85141928845111
v -41.54793140101133 131.81728776740061 87.61887219923939
v -45.399293445974735 138.45574348874896 87.44506401994701
v -54.11273234923207 137.84488277336482 71.7669350214422
v -50.524955913052665 133.3911486739672 70.43925609926391
v -51.73114959633876 139.33560423624044 73.28313685944565
v -47.78441736253746 135.16293992998197 71.20970749212321
v -32.79628080879868 96.99443404690238 70.28185468272983
v -31.45343784588716 92.89629606071958 68.90942374301505
v -35.70095797555051 95.28934700605132 65.28440927623274
v -34.86492230236922 90.85622325109503 62.976319470550365
v -30.180940510604827 89.16879697858127 67.58633943929637
v -28.459185083962492 85.6886172790993 66.72492950017951
v -33.52239436941877 85.8979779867483 60.009173497193586
v -31.21104160672731 81.57458822331638 58.365586194723434
v -26.23169331457927 92.08472491766847 22.955851072634037
v -30.21815121497233 84.9003671932537 24.77710411274657
v -23.10611135462255 86.3668501982537 19.97209826760267
v -27.989641706013362 72.5427615005118 27.121283755484242
v -23.793593187531535 76.61785741456569 19.655149381767128
v -19.037332224919627 98.93414046539965 24.93912180697354
v -26.23169331457927 92.08472491766847 22.955851072634037
v -16.602715066985603 94.37190014071855 21.07983265588511
v -23.10611135462255 86.3668501982537 19.97209826760267
v -8.512802959457836 109.20211636967724 57.5247362740604
v -11.180384369199784 111.20332305157245 50.18546491683696
v -4.834807661807275 105.89240516813359 53.109065884881176
v -8.350595951237622 107.35548140062741 45.22111987566379
v -43.211349912740694 36.67519644872824 75.83644880325579
v -43.325191398472946 31.112958188154167 77.30410512859237
v -40.2439307699604 37.92903505491141 80.88783299448545
v -40.311600884451884 32.16581734588963 82.66311071714036
v -46.43217878311013 40.91106363071132 76.23893107249569
v -43.669566163450526 42.59430151629557 81.3616523066154
v -52.861469958315254 41.11455200731739 86.33746281429949
v -53.56561396170345 35.36751298155583 88.22346515211396
v -55.45861071917968 39.24716662619075 80.82011332179535
v -56.055536551176665 33.87831461818804 82.37544828382292
v -52.91049115157931 28.68136713890464 82.37117395134935
v -50.108007994943875 29.64675342401729 88.08125789783243
v -47.28471186535612 27.380626931008266 80.17915083065637
v -44.58044047701704 28.444814523125046 85.67720206218196
v -35.510962663900564 29.16341794817761 61.29723927115221
v -36.241771416796716 32.614050115193514 59.641665388282455
v -37.1621855732501 27.55029666620657 55.18906306927864
v -37.79448982561159 32.531065716627346 55.42500799200684
v -36.96943783046947 25.54382915295328 61.6280745685261
v -38.79883685457551 23.538155393884914 58.01085129002228
v -50.146834482768085 26.69611294044538 75.7193194631688
v -55.440018441564874 27.933612491653136 77.08626006747342
v -51.18560488367298 38.50379046729128 66.33270815935899
v -54.543187207303525 39.38851280538513 69.88710259291743
v -54.19313228674386 35.241071265875256 64.49928243689833
v -57.81045155234465 36.665323417196205 70.16505645634433
v -51.59436922263187 41.917778762914864 78.39064798902295
v -49.008683352174366 43.624743368460784 83.77380603748186
v -41.85714504097794 27.284978149729866 54.150906188880086
v -37.1621855732501 27.55029666620657 55.18906306927864
v -41.391663696080606 31.12281315372436 53.999723659089234
v -37.79448982561159 32.531065716627346 55.42500799200684
v -42.135797727998096 24.21303671901925 56.12293866438287
v -38.79883685457551 23.538155393884914 58.01085129002228
v -37.912612246878695 39.3725811563151 86.0589781811841
v -38.06276005417098 33.35943012613451 87.80754234975876
v -42.462469602782456 29.600379747591532 90.97991465743036
v -47.59292154825656 31.063244418125123 93.47276987796842
v -51.10119285215716 36.90160252685267 93.750079598193
v -50.445639353825214 42.52801477265537 91.94410337013889
v -46.993635162594806 45.12393988987856 89.322904532166
v -41.44422284201869 44.36303644260016 86.49663224796156
v -37.246865125480504 30.78462339867516 65.5401874516127
v -40.939343464582294 32.06731887182725 69.35474320150446
v -38.6307961730864 34.805988727220935 62.927273910474675
v -42.39412482604255 36.09964495405873 66.5618686130995
v -42.804012033358916 26.99222612750947 69.16275568106195
v -39.20692088697511 25.86994865543752 65.20216266940892
v -45.89811314368772 28.498111776199707 56.77652669913837
v -49.916818848895204 29.7233046185681 60.398804647702256
v -44.84896806650267 24.886040399101596 58.8678098530035
v -48.978423224615675 25.016533077333186 62.80275759124245
v -41.69892269487079 22.57612916278454 62.24871804409971
v -45.87368965064234 23.58876746889073 66.51966831362489
v -48.579716202014176 34.27804143632845 60.41810083100282
v -44.435045536061615 32.721469543523575 56.57691112497738
v -45.75525013762631 37.11428460098163 62.29304653699341
v -41.02204084703585 36.02250113743144 58.370960649474355
v -38.05749705155627 40.61715702180196 89.19489199723682
v -37.91952821634115 33.94735859157269 90.85817412481401
v -38.292693116140164 41.68091747631749 87.94950355561377
v -37.03272076627432 34.85245664514616 89.91362166711711
v -40.8768830105181 30.887071167010582 94.43655546456914
v -37.78568342314853 32.37612537863644 93.92570015025667
v -40.8768830105181 30.887071167010582 94.43655546456914
v -43.28680998469351 32.51845679700424 97.59043401020654
v -37.78568342314853 32.37612537863644 93.92570015025667
v -37.8985638591309 33.884025482284336 97.40831416277825
v -45.48381085780734 37.938038701341135 99.63897582066436
v -38.38864114797645 38.94570324388924 100.57954403743707
v -46.41778250195197 43.56451256656983 97.90868479405054
v -40.73356891195115 44.48247754542476 99.81262264326651
v -44.85349802960651 46.25497640283751 94.13637970950387
v -41.36711943458093 47.315460486712766 95.82516690708906
v -41.10181119258155 45.80523263091118 90.71128058630781
v -40.026473738957094 47.072667892920805 91.10678522004778
v -58.50301670968989 31.632200425205994 71.03483303413253
v -55.090488653279195 30.530270420507797 64.71509716460709
v -57.864725133257124 32.895598448004854 76.7479418061337
v -56.428679593880915 26.869558497134626 72.14034175642628
v -52.3642564915891 25.74120534058433 72.51336633141635
v -53.88563564311702 25.76453347992554 67.13547079701613
v -50.4069281705248 25.000865974438547 70.08034974139484
v -57.37213383127636 37.99161466266402 75.47710371610162
v -53.6030098529898 40.534262396528156 73.85350098309682
v -46.339894824252994 30.266737838975608 73.2607605801001
v -45.96238591616725 35.42794007418701 71.77442574000335
v -48.9242737893577 39.40240735913419 72.14306972593069
v -49.09387824159224 29.06566541915867 72.19087776531826
v -48.24233464972145 34.122288738032495 71.16806103347653
v -47.04724768633932 28.371303214444417 72.26333775002826
v -45.36198608660751 33.383382430561824 72.03573769887659
v -46.96809872430189 37.29047205304402 69.5549479816462
v -50.52199511261475 38.45325427793098 70.04666152652783
v -54.543187207303525 39.38851280538513 69.88710259291743
v -53.6030098529898 40.534262396528156 73.85350098309682
v -52.3642564915891 25.74120534058433 72.51336633141635
v -50.146834482768085 26.69611294044538 75.7193194631688
v -42.28237288480249 21.363989363548633 67.24697621828564
v -42.09057110156786 16.32093633305538 68.80032235324275
v -40.35318645366372 22.282050173514563 70.72168562386888
v -40.24302875858847 17.291292803267254 72.27610208046298
v -45.62929288148821 25.063814260005138 67.44709701467602
v -43.77770169545637 26.281566657527073 70.92879359759993
v -53.13576017334079 18.112302800064036 72.78717636142315
v -50.28594492793245 14.270736966871596 72.86171481461811
v -54.63098059002891 17.19103567261024 67.76764239441216
v -51.96377282392606 13.409033229268282 68.38548759685109
v -44.400259610494096 20.0528647116914 64.52909362118318
v -44.43349119886049 14.888267301485591 66.19072586726226
v -47.75511913090542 23.990334875437732 64.38895945392501
v -54.57333530612099 21.409236495512957 67.23133306793173
v -53.079239138931854 22.98862481578454 71.24252033759278
v -34.29710585581505 13.090476524750237 55.1211305762175
v -34.750123534268496 15.605103569483049 53.44015928347414
v -34.68636510584283 11.289998612445935 49.823547287197975
v -35.53494639650977 15.43054751799751 49.82083658910079
v -35.16247679020118 10.20175957643675 55.59176930074054
v -36.1273583190788 8.025101991450192 52.88367484471606
v -43.292945369158836 8.445256670642777 59.419669566237864
v -45.76345957181811 9.847656217415377 55.97818309610849
v -47.21718644706961 9.656432266763062 62.38099596529523
v -50.104647191201714 11.243768296051975 59.046729911706876
v -50.18717663998535 25.61494332399316 69.17503751911747
v -48.79613844889244 27.02610658983393 72.82346960809028
v -51.8141312419574 24.10227216309319 75.29229653947974
v -46.56383027701983 13.218578401179876 53.53241145267164
v -42.89245015674837 11.745319326035663 50.57242499634563
v -45.63907737503845 16.96414570150165 52.77852237150087
v -41.41078298034288 15.832667122078718 50.15003536850681
v -38.525677067335806 10.110422839449008 48.12115722227842
v -34.68636510584283 11.289998612445935 49.823547287197975
v -38.309648086659486 14.266491188945281 47.715113898008845
v -35.53494639650977 15.43054751799751 49.82083658910079
v -38.86334827293478 7.617987481446221 50.98185748811323
v -36.1273583190788 8.025101991450192 52.88367484471606
v -41.95543229129942 8.879117969537013 53.06745519018569
v -39.52404541274316 7.561355921965507 56.048996373515685
v -45.624738099124905 13.116238938102612 71.31469324650297
v -43.92847475388774 14.176986842855534 75.00525457893096
v -48.807454678167815 15.735522992719908 76.74945659619762
v -51.732536596523644 19.57684835689446 76.97874906738485
v -50.99805018588094 14.743938167709338 56.80150617301543
v -54.61085779799518 16.12967890334499 62.55010947579676
v -52.87560879141219 12.7306083797707 63.82975634958486
v -35.93181369019139 14.60018811942659 58.0890133514167
v -39.07659119158586 16.104122873550303 60.93682812849779
v -36.78396985675529 17.673176619459205 55.413299645498775
v -40.05265524111525 19.455367972110203 58.176173244930105
v -40.18870110411271 11.494964507298938 61.67072731969012
v -37.21652303422493 10.395795394912355 58.45595003837698
v -42.758471629160134 20.06844702494685 54.486176295769795
v -38.84716996117694 18.236962104036316 51.451128283304804
v -39.055244134451044 18.745944439973208 75.74224596002632
v -39.51390482658359 23.593721805866615 74.41866224716905
v -42.81129165420511 15.394743835298712 78.93088300531647
v -43.92847475388774 14.176986842855534 75.00525457893096
v -42.81129165420511 15.394743835298712 78.93088300531647
v -46.938816238109084 16.762280014129395 81.00716220994256
v -49.346201730311925 20.95063561793925 81.44321284154971
v -49.6349896646404 25.76276789685639 80.02132504007741
v -47.0196295686224 28.476071567047 77.09783736854604
v -42.81546634778453 27.88442922260115 74.8917910892649
v -39.758339411604624 24.724796449828204 76.66860480749519
v -39.57653516615967 19.23020262450151 77.67654181161288
v -41.08557960924512 16.402316666553034 81.51074616700551
v -41.08557960924512 16.402316666553034 81.51074616700551
v -43.4028513312257 17.693278918461978 84.44526154107949
v -44.88939392622392 22.09349620769757 85.6611881183447
v -45.663287731147776 27.01040254444584 84.98728042788234
v -45.14347283357768 29.70346633748494 81.6760624239242
v -42.116916612474114 29.34917893235729 78.33474897333849
v -51.82981333528915 24.3284497776732 65.7327047402984
v -54.52560551219005 20.232555237609517 62.211076157226806
v -42.62552129504589 17.308607809672544 63.85751099066243
v -44.32252197642215 21.244583977276562 60.55763481687547
v -47.86562340805181 12.179026688350497 67.92182826338329
v -45.67100848301622 18.979385960517185 64.03448407240957
v -46.220197089724586 13.659505639631078 65.2982152702279
v -48.15508284844845 22.679480637968346 62.21264407763652
v -43.70607887693666 12.929582224351421 64.41908577887341
v -47.65869311969541 21.569272168312693 57.408490154940914
v -52.07581629361321 23.110951324513323 61.79922255799582
v -50.33807923386506 18.93420370332278 56.35062806856534
v -49.809224466994856 11.026302844959645 65.05650145763627
v -47.65869311969541 21.569272168312693 57.408490154940914
v -52.07581629361321 23.110951324513323 61.79922255799582
v -11.794411756147559 84.76530273956217 178.202802426502
v -10.338151201152696 88.27922391095153 178.11139898598873
v -6.6926542793243025 83.95144980157362 181.63503167951157
v -6.111561385659481 89.01502104649245 179.54755814993376
v -11.341388207904542 81.10031838763996 177.7395995519932
v -7.845120956242867 79.27268637327603 179.50198964282623
v -4.1807977273669445 80.22207435533596 163.55646314335553
v -8.851000774700053 78.38576215900756 163.59246328214903
v -4.301338070179999 80.03699557510778 168.864927523155
v -8.6909204297895 78.01772595334968 168.8545560981633
v -2.047593051011515 83.9042955187441 178.4778332411407
v -6.6926542793243025 83.95144980157362 181.63503167951157
v -2.8391952105266407 87.78191668140603 178.110102655894
v -6.111561385659481 89.01502104649245 179.54755814993376
v -3.5763737738205155 79.87164541069103 177.72517524761417
v -7.845120956242867 79.27268637327603 179.50198964282623
v -2.290765442714809 85.0109250459675 168.92541237615828
v -1.9726029678983488 85.42025444695467 163.8846963398123
v -2.225002425742674 84.41549693510687 173.18316746061947
v -3.292354382059527 88.7925565335738 173.61720880649762
v -3.103753762699994 89.46806192866856 169.40202928993514
v -13.921358297056145 85.27377549437128 173.87524012912056
v -14.597504619571437 86.13226486408816 169.75148951331835
v -11.18336374477017 89.91534181425853 174.23919816048308
v -11.831070630984087 90.81608278077263 170.0142271844835
v -13.321298004941852 80.86051250454288 169.1736966046363
v -12.516038650774338 80.54863860920783 173.49010411926528
v -4.036223513859166 80.09125431499608 173.29200519428153
v -8.056797248169268 77.65170392937105 173.63057424471987
v -6.813204909722821 92.50878233276893 170.19861469465565
v -6.45179033531466 91.56156739051592 174.82499281449626
v -13.516725699602151 81.60044232408936 138.15473426323965
v -15.671881807839696 88.00097246590963 138.4054342648853
v -13.926788646518075 81.81042482667098 143.38659147676753
v -15.973263832307374 87.91791407712311 143.78419981387455
v -6.681837991417666 96.13906562471288 139.56172243640253
v -1.3893004179513362 93.03075363895303 139.70163058346358
v -6.796441507728641 95.84969344803163 144.70166768857231
v -1.424525379333498 92.34075263983834 144.71753862781716
v -13.202755029589019 94.08103489030198 139.04794371880698
v -13.365143768842135 93.83748430468319 144.30137920655736
v -12.929079504902072 80.2675236861378 113.04083435432308
v -16.162626971229543 87.32647618296072 112.38912943612034
v -13.239368734753894 81.67728880741018 117.69562074413138
v -16.16649433348096 88.22161670688979 117.13143719689651
v -6.537796783010714 79.63590297814085 113.60350622374135
v -6.070352655804041 79.76002159278461 118.48835346006618
v 1.1424544920257267 82.22036925562715 113.8723459303975
v -6.537796783010714 79.63590297814085 113.60350622374135
v 0.648961440630591 82.13217278531121 118.59151844504434
v -6.070352655804041 79.76002159278461 118.48835346006618
v 1.3328709799471719 95.24063335017159 111.45403740598694
v 3.80983000657599 88.80793062950302 112.58429738016483
v 0.8625523604783234 94.74562121663611 117.36887502088054
v 3.1603477711104055 88.52282044412158 118.04611028298264
v -5.627122206721964 98.5974222187638 110.99496955677898
v -6.339653124315212 98.00779404927432 116.91321276519639
v -13.206960893999618 95.65917010150518 116.85259530251285
v -13.170387732016824 95.71137413084787 110.49856440250902
v -13.623260830261305 81.59153267017385 133.7750489762558
v -16.136171328317786 88.3677192825371 133.9486499672578
v -7.634001961821728 79.32716762182747 138.5907334610234
v -7.412548339983137 79.43402829290224 134.1796890197067
v -2.0008387794604108 81.64995814095958 139.19935271916256
v -1.5235623871132296 81.77925104800765 134.78044945637802
v -7.634001961821728 79.32716762182747 138.5907334610234
v -7.412548339983137 79.43402829290224 134.1796890197067
v 0.40349132562788464 86.99642250333687 139.52639193200397
v 0.9442346128264099 87.28792546456148 135.1324305064659
v -0.8218356162206786 93.60961984330393 135.10969171474778
v -6.560015447414837 96.4513217354677 134.8819540555599
v -13.405492456330808 94.48496317840619 134.40444518956997
v -1.3535968627060995 85.92944756732723 154.3606930617068
v -1.8443934194336264 85.76101606225052 159.14926915951307
v -2.823369291411658 91.11525437932852 154.68686545686987
v -3.275981722813154 90.60193421010969 159.65380802218394
v -4.133183699827306 80.42930317922705 158.7494254900016
v -15.460485369230032 86.8153478078451 159.81417299020012
v -13.913405291517286 81.25808895900637 159.29439319155935
v -15.98136907209112 87.17636815997147 154.494250234497
v -14.202304915458576 81.45559918819865 153.96027801093805
v -12.51844338965355 92.28485325746774 160.2768816026395
v -12.969294293142825 92.93426373501558 154.92955715994708
v -13.914622640140976 81.26315368917977 164.07186434522455
v -15.242066606376275 86.26796760091796 164.60504316642903
v -12.222377345512584 91.81013946871846 165.03822447387313
v -6.844965565477298 93.29096655505573 164.97875260030224
v -7.008422810276638 93.66524167483354 160.1371868078978
v -3.2594305714405345 90.38244736892968 164.43526402494007
v -8.75352265218806 78.77531140024584 158.80062233278514
v -3.6885237710638714 80.61421308702326 153.9334755992975
v -8.875344845697184 78.99895900683846 153.75503390763282
v -7.053603340344966 94.32947222111076 154.96354663031246
v -13.640061717567791 81.44684242870618 128.39752715221002
v -16.422927447627256 88.36071256836016 128.55618897763998
v -6.907268746145609 79.5061180672557 128.89828630462037
v -0.8538293551371354 82.07854494155477 129.54622254458448
v -6.907268746145609 79.5061180672557 128.89828630462037
v 1.8167120671600325 87.82839963223735 129.7973358654203
v -0.6901042642895108 94.01912077530974 129.5300571765739
v -6.680066174028852 96.79792335475953 129.2204989062863
v -13.560417554483665 94.91584006042609 128.8420225271535
v -43.88991097046537 61.849234455838406 84.11459294566875
v -45.39499526427913 55.82486481374868 85.58242645396656
v -41.490965478394685 62.087102601676726 88.96918465280571
v -42.92450216884875 56.2609527467979 90.38140717107868
v -46.79567790068476 67.81433147174316 84.81078649794334
v -44.46086082670815 68.40509677782607 89.86896289076444
v -38.4688725387337 57.43459986874646 65.90296281993888
v -39.47760494078499 61.03154343654906 64.62568927758791
v -40.14176119054412 56.19777479371845 59.46057018059914
v -41.253185542952544 61.6386567486556 60.23634072815582
v -39.607682095169686 53.72285591761643 65.9129931302299
v -41.07019881159098 51.612525918264325 62.15325514485719
v -52.06781434560464 69.6357074900458 87.41162661438334
v -49.669253193412494 70.42756692220402 92.6856822641288
v -56.21313264894877 66.91421817801522 89.90025071036169
v -53.90182691662192 67.81292158803176 95.32752577276717
v -44.89064317875542 56.388502004003854 58.061908683645825
v -40.14176119054412 56.19777479371845 59.46057018059914
v -44.44555235921843 60.734761533489504 58.44753522581433
v -41.253185542952544 61.6386567486556 60.23634072815582
v -45.05460853729039 52.18414014434981 60.086477581355
v -41.07019881159098 51.612525918264325 62.15325514485719
v -51.65314290969383 53.242522537257344 67.59857343240287
v -52.36605455012975 58.24179261049735 65.51025832900821
v -57.15748200603379 54.08243380431732 73.02200485632967
v -58.193379108391326 59.18657541614216 71.4117321510854
v -59.40879922185169 55.032110723915864 79.19296724345801
v -60.98470461376465 60.114544668130435 78.43804245563166
v -58.1281371760623 55.40935773591721 84.85456982093753
v -60.15643683441416 60.667177879624624 84.8437360973062
v -49.18904164361769 57.048590473895416 61.99272715192975
v -47.64808383600931 62.07654302124952 62.12654523476332
v -51.096981849481665 63.185716414677806 65.49501506505028
v -41.70258028391355 62.828780034896795 68.26938179455755
v -40.234413449778835 58.22602558179944 71.05022848908503
v -44.27320942181688 63.93951259573788 71.70144234641718
v -42.685744312697906 59.06807043979077 74.24859191408382
v -44.54589032218749 53.375244843300635 73.5370684845997
v -41.854334932057505 53.375000104422014 69.97477461174692
v -47.89323154628128 52.66940462860043 63.936178454210065
v -45.10954322163598 50.356453142875175 66.76684813445789
v -48.74710875588892 50.88417076828545 70.44255564611163
v -44.69241336419663 64.95871109686904 63.78517676636586
v -47.76077628048823 65.92992873380823 67.92590862770047
v -47.13414324491115 71.16544883526674 98.42571421299554
v -44.65953899812025 71.84890859936885 102.41839699249167
v -50.96150818464281 68.80785370034491 101.79009308507658
v -45.681653395798236 69.62061906111488 107.27174002786607
v -33.37376313912412 57.2320307527998 92.12499027924814
v -38.882952147398655 57.03898833643507 95.02895396476832
v -31.271092300594294 56.01963289325128 98.96254824100565
v -37.705483844732306 55.321867343392256 101.69443070856387
v -53.34270777912288 51.70294888220139 75.21644977518638
v -47.3343117441681 59.62493090500146 77.91523729082397
v -48.94371962352026 65.4905690702759 75.65029594406161
v -59.89618707801945 65.30587408472543 77.63202813329066
v -56.40755947048603 67.99780822135061 77.55658025846168
v -59.052438745516035 66.10095108797162 83.64192179404115
v -55.22324028541823 68.69433963859676 82.22948835568377
v -49.26442934604276 54.16597845601677 77.26216945251605
v -56.744878563457455 64.6228476005318 71.05419571582972
v -53.16043722580404 67.21696311394085 72.73932516083171
v 14.235282444636038 75.71082060958872 71.005736359901
v 14.77367976952404 70.03407735487707 71.08217233870796
v 13.984513298522266 75.07287460503017 78.90429579968067
v 14.272385670365983 69.2005331795411 78.95939105610698
v 14.310581488380748 64.61931578328023 70.77954777122054
v 13.746692562989194 63.64928722520729 78.56231769497342
v 15.119689436861094 70.67647642216168 63.53476884838907
v 14.29197300651703 76.20355571216058 63.4686113380846
v 14.524342137315335 76.5841278901347 56.13402304070814
v 13.36836383743454 82.2123378039318 55.81061075026438
v 15.246456406076657 76.9604875090027 49.014855596764804
v 14.014585148089106 82.28648571888775 48.95908702713795
v 10.726563028881483 49.90294292444382 67.73618081654791
v 9.716759114449344 48.877041133138874 74.89573310527436
v 12.370980702663555 54.57149109252974 69.18058011345882
v 11.716037796799812 53.435222101544156 76.50597775395347
v 7.946502255163371 44.16178308992584 73.15785764552172
v 9.066799369590212 45.26816766409923 66.25924917478079
v 11.71821798833865 50.814771787708025 60.88179576073226
v 13.005082190880959 55.51395091162037 62.012321788620135
v 2.8832687937365016 32.128715515216896 60.57520072247659
v 1.1495814099254653 31.0206088965666 66.46044015628945
v 5.411074007091725 36.337800377898944 62.67150575355293
v 3.844124102761595 35.445396857210774 68.97628434797514
v -13.538387578406967 49.98787148086034 97.37227596753364
v -20.96177617483209 52.955422298615346 92.38712743432464
v -10.583528496433008 54.53513964089801 98.0943576200133
v -19.073244925809856 54.23225448929266 92.82730862666935
v -7.793078453807046 78.8173237607079 108.09912259107593
v -14.583789687449427 79.50349844237581 107.9724807989941
v -9.05388861865383 77.31627248229526 104.78872920997907
v -15.561957318245522 76.25218220476802 100.80831132078804
v -21.331549799403376 35.77105547384952 84.91350626873876
v -23.222280171746366 37.5824050869091 78.97489212061052
v -19.40549428070174 37.73903891177631 85.96796789190901
v -21.057768337729108 40.80095382782694 79.97484957746195
v -20.682199732301296 47.447449011831154 79.8901683561054
v -23.608736564515443 39.673822316161136 80.65714975660899
v -24.869381637674962 46.17760659678747 80.50842592636866
v -16.68677291844987 85.71077583532438 108.29856766516406
v -15.673135846348687 92.94578991044804 106.3953257206951
v -9.375070275892218 98.15931174238092 105.00175315697122
v -5.627122206721964 98.5974222187638 110.99496955677898
v -4.2989548072518975 98.92945915025558 104.94804767787029
v 1.9896636639034695 95.67573769717268 105.68381785065066
v -4.2989548072518975 98.92945915025558 104.94804767787029
v 4.419082518735698 89.48736155496488 107.03265283040301
v 1.1990915407257552 82.52298007191898 107.91299089151619
v -7.793078453807046 78.8173237607079 108.09912259107593
v -9.05388861865383 77.31627248229526 104.78872920997907
v -1.969139364546367 78.27470406959037 104.53206974979487
v -12.44868302245547 75.86818858850259 102.20654296241986
v -7.244497268585399 73.5911815027315 104.12753096218727
v 3.697033061885138 73.01266049482255 101.71899929151887
v 4.655857467693675 78.79444227710461 100.67673176487163
v -21.491154545959827 49.31541803777789 96.59163924450593
v -24.78465392794104 51.954199320723944 91.77342688650306
v -18.321052396334487 42.786116708740025 97.70271300216999
v -25.184702216874328 41.562586226398686 98.45045947873926
v -27.681656689680672 47.470048034655875 97.78591328885364
v -0.9226712636833945 50.19057788645473 97.23733562110988
v 0.2692867203072935 55.377799798558 98.60370173058098
v -17.85463242595128 37.61674433274553 92.0812076125677
v -21.441585977575464 37.39572448433805 86.04564665201386
v -24.398803333386066 36.627661057445714 93.64006455722597
v -25.82478125674395 35.53209618819389 87.9738413747994
v -19.915135522977003 32.03228892846235 86.27231773767382
v -25.923247334976175 34.78043332404271 83.70464443050055
v -15.081992977985868 36.05869634483155 87.83544501691662
v -21.331549799403376 35.77105547384952 84.91350626873876
v -9.479184266602537 32.20483995808185 86.46185385051186
v -6.2953324809655635 36.5275215256966 88.50148139420706
v -14.276485961033778 107.56503687516172 37.307541149934224
v -16.83988515367529 111.59262740965235 42.659675156058135
v -11.180069225994995 102.81451833470848 31.618541847926917
v -8.723318252626871 98.85557744434936 26.408128965723012
v -22.04256557416556 104.69952210289752 31.280813265565893
v -24.210931915873076 109.40298782447798 37.08390056467343
v -0.4287280238998298 100.62021069110544 48.682117717178464
v -4.833080612404298 102.55774780452248 39.913937223424725
v -35.96073144406151 83.76174919645379 51.14840977234802
v -33.36173040000374 78.2676246230202 48.725461774919886
v -36.22507800873671 87.55087560195075 35.063484180675715
v -33.92325798908433 92.95783971325764 30.18432078018493
v -38.704489742251255 95.05939545510391 40.91278276975831
v -36.317945464416624 100.08553171701837 36.47435255429559
v -32.7512595814136 79.7343396857701 30.274053615573223
v -31.50193447863938 105.47390669583541 34.74220146507429
v -29.254168642859263 99.3403203073104 28.590003000864623
v -31.50193447863938 105.47390669583541 34.74220146507429
v -29.254168642859263 99.3403203073104 28.590003000864623
v -42.36474664618971 136.19466106607098 77.0577064357903
v -14.321708873720377 80.95959855988508 10.332616494825045
v -10.413890262553249 88.22823750053652 11.3891245177698
v -18.084112679061775 82.31265932787224 16.112690986529184
v -13.181840620365776 90.44355222734588 17.035129178293257
v -11.522966970451826 67.83697161317424 84.47816091424494
v -10.78090711504777 68.24118053334759 83.50095356074533
v -12.512483319402211 71.6420169554581 86.87208854290608
v -12.378564349834388 71.42313300970311 85.30452593029199
v -20.568270858407942 76.41575255253126 68.8798321950376
v -20.643956844101254 80.16985936342903 72.93063236121978
v -18.767475016494636 74.53014935127001 72.0841146332131
v -18.737272001940443 78.56984040140837 75.66281260030541
v -18.988068720183875 65.29593125457316 63.63309012449814
v -19.277490334214814 60.08619063569383 59.4253674718595
v -20.877331041927807 67.69104142917153 58.55235286102031
v -21.480288616933866 62.82434865597807 53.10186167210791
v -20.62178399954389 72.33327820301248 63.94000561468485
v -23.13917593933502 78.40548679487937 66.00414477670995
v -23.743927160234456 74.81548613147625 60.12112486079987
v -21.627168665872276 32.31719771299007 66.82070599267607
v -19.706313976089234 25.581869087877827 64.76696963425755
v -22.95422235648794 33.05411221351572 62.84663458992125
v -20.47505120835372 26.18411560851419 60.201057321684914
v -22.113198569775573 39.50364240265536 65.23461219215793
v -20.239220968712413 38.6696170570157 68.91808080795816
v -15.510281528159881 48.90573058237567 73.4491341443034
v -17.847914533115556 44.07980151078871 71.02379893597215
v -17.31297071255808 50.13719769017385 70.45287189739219
v -19.437582329159135 45.126091109393144 67.55055106625626
v -15.341555758762553 55.07997380290259 73.13849210161092
v -14.130723253495267 53.74653542713413 76.54977133348444
v -13.445715453476295 59.959235738232266 75.72503135978744
v -11.59179142849199 58.45945042208642 78.31012378757961
v -10.701533450958346 67.23582464477111 81.73272538120841
v -13.562457344471614 73.3989991493507 83.30819646603679
v -12.88506387633532 69.10559917486175 81.04546063847154
v -17.63824667977 58.21733294917931 64.48352305198598
v -17.12332151250413 63.354217506964225 68.14231020746115
v -16.51398756554868 56.52446112455533 69.07335175252385
v -15.69018199841337 61.607867370688865 72.20550755899427
v -19.979677562101845 52.9404560447782 61.07402268336739
v -19.236876997497774 51.44261917391671 66.03152957268513
v -21.1472891024461 46.356572761970085 63.26016990266346
v -22.559070079569867 47.79669053096546 58.24182732858878
v -24.710618951912558 35.140363164929674 52.846899022830215
v -24.681062838032133 41.934148424718515 55.52147844560593
v -24.17427576069176 34.141500452611226 58.18521644145826
v -23.63513294320213 40.72473657860241 60.760547903071526
v -21.02288261203112 28.155485583130826 49.58120241892794
v -20.92282207452105 27.072939423679372 55.14130268541099
v -18.773264182025407 70.14320471856766 67.94312072446557
v -12.219162931825906 64.6579626238003 78.11927601658341
v -10.672763506256372 62.98413238416354 80.12677174442872
v -61.84192750565496 144.54739101726366 88.51826876976988
v -63.691549182879044 145.8089977477814 85.69407826565454
v -64.58512935440588 145.12534711180516 82.2252217272341
v -63.24681931286788 144.70681037035757 76.89387473488826
v -63.925124025625294 142.1153121204772 78.75256086889098
v -60.74918445222486 140.2681786300774 73.9793087655689
v -62.0234007050362 137.77784404114078 76.2380370657419
v -47.075327200899686 118.70876888927646 68.00980392037853
v -45.72211166362183 121.5591579930192 65.48186775180714
v -51.33116304509584 123.94841283151875 71.71490819009567
v -50.001972772007285 127.00549793739363 69.34971116362487
v -52.89746925254945 131.73882042816152 89.38438808706515
v -50.09822406283619 133.89355266197396 90.78922400280639
v -43.83264546541184 121.90578270885106 84.14341151310282
v -48.05518546315942 126.88670898546346 87.27367892996895
v -40.46172911499005 124.02283531404916 85.11319505788289
v -44.97127257077623 128.92247634141816 88.43906827917228
v -57.03088175329772 135.4199508701477 71.66453394419611
v -58.834104093524594 132.79204887908907 74.10166344666317
v -33.994526970557565 77.54495518642963 38.71902966656525
v -29.558506689128755 70.16948367703162 36.066894507840786
v -29.289429060261735 72.67481649255721 46.44053565061003
v -27.464939442551035 91.87931342417562 72.71610219692363
v -28.87524822887086 95.2801029093552 73.16033454611558
v -25.144899617732147 94.22326327788207 75.48132578900955
v -25.965320632761067 97.5004118979777 75.44163825232691
v -55.158689877821296 128.07271639294672 73.3868332802325
v -53.41455130693449 130.9012238527878 70.95174707555941
v -17.369064237128 84.377833385059 103.37362291175832
v -16.506861351914587 79.72116994008871 100.95533673331155
v -19.591496119002105 58.34514782150071 87.22964578070724
v -15.573302760384145 61.19192381915206 85.12123095685773
v -19.05818065946935 66.00662586494575 87.43626497294329
v -15.321179110884254 66.6921613240609 86.87031877734768
v -18.223544820148494 43.65156831337547 78.80174079723723
v -16.974457261308217 48.72715347439003 79.38051553046388
v -20.555446932908218 39.37631167713852 76.67857864141313
v -26.479003845558722 29.173149695856175 71.84749044607031
v -23.337324762741204 22.77400806870149 72.76839791128887
v -23.140372960800352 29.432083548938202 72.37159124742841
v -20.04422646611243 23.077772541033724 72.98368359587836
v -3.0754346190592017 99.13261893924084 98.49885887536861
v -8.746272695365525 99.2839365258524 97.90885502104938
v 6.347143224943494 90.28588902062415 100.35831104194054
v 2.968879402182968 96.23585220079224 99.16219066503407
v -7.456540622275586 107.11212972182531 63.90672775851147
v -3.269326806112846 104.41971097588926 60.67444064482876
v -19.61012035046754 98.58352873475586 78.59897000868433
v -19.88586078669832 94.60932788799282 80.77147071956215
v -22.51271534162788 96.6816485687569 77.55938111285595
v -22.34975535581775 93.49018175292746 78.09598780700335
v -19.480358827027928 101.66297093196346 76.77577620384098
v -23.059369036881023 100.02903984383764 76.8093256304758
v -19.96874690436634 104.86547583763422 74.68703565934679
v -23.693083213188746 103.22219357832232 75.77690908695007
v -6.6667581078527975 103.54621198889438 74.18023189771499
v -6.721394518105043 102.10185591621347 79.31898394940008
v -11.195303994853232 103.51375307994385 75.325099635641
v -11.187551064553817 101.6543584670741 79.64832500786706
v -7.256624718231623 100.95345287923048 84.93338269675623
v -1.8119462941293616 99.92818301326047 85.2004569412245
v -1.6938925790589352 101.07176407935349 78.65208900427521
v -1.8652419303058916 102.20675779910064 72.8067825302429
v -2.5170197159890897 103.32699238015408 67.00002543771397
v -6.911488431401869 105.09539203029777 69.28455670733219
v 3.9928594702609566 96.78810673059856 77.378628461
v 4.218632033903123 96.35361042151884 84.96860431137021
v 3.819138809275972 97.61809878286711 70.35841647168155
v 3.262380562889501 98.61858235753552 63.59818428880792
v -59.193953916730244 134.95554257490073 87.09599342763889
v -61.297596780225554 139.18316626851836 87.49092720779593
v -43.47578310184909 115.91176269390022 78.47941171104526
v -59.10766726486945 130.75533530277738 78.01791682168273
v -57.98894313590555 129.94016793078134 82.38009744877287
v -55.0919975485101 126.23521355648249 77.01648990927568
v -55.749000350414306 130.40085993578643 86.25621510063577
v -25.471193342707707 83.56295363383424 68.64975577181463
v -26.67062536268744 79.79532820839123 62.96135388703322
v -27.9797765216645 75.97157781780113 55.11946828996138
v -37.97913467065645 89.80086835556472 54.6921448704097
v -63.45761885835538 142.36650142556343 85.30063500463959
v -62.42950761830649 142.15544893579948 87.30847018067995
v -64.20554230769604 142.35769470540123 83.13062186823151
v -22.803418852056613 81.75660547212848 70.50341632472038
v 1.9954358103541694 99.48646577822582 56.7733829649722
v -6.300503469806692 95.45401763268212 20.927645071717972
v -4.0436812724236635 93.14105660778657 14.817045711520066
v -1.4976157893073216 98.04620094246351 34.62288511574058
v 1.0031095836208272 94.56458772268007 27.637572236427104
v 3.374991701914312 92.78290979110038 20.049418595767115
v 4.680146959662186 94.27106754405182 44.448567447644145
v 7.548884653158227 91.13450756977602 35.01259846807965
v 10.686232110795821 89.09564549819426 26.375269133960195
v 10.73741304657059 87.85150913339488 47.21621982501362
v 12.513845131618316 85.98245345914714 39.809933763721894
v 16.330709359642807 81.43779689328505 32.434272565962345
v -10.48019132894747 27.51532028218272 83.78454424743396
v -18.454690630918062 26.940442625771816 85.04688237195936
v 1.2855411492542075 30.057747045590887 40.99311582372924
v -4.4345366578910115 27.321085008125735 40.38638566932253
v 0.4497540967512495 28.88427767772255 47.33436484690262
v -5.277115075074293 25.95325973202491 47.032817855486854
v -7.37019881103726 23.7494126466093 58.00678949900516
v -1.8870593732408583 26.717021738955047 58.65720417913221
v -6.110909296273941 24.841440016756835 52.82464977746506
v -0.639061825918781 27.767248703687535 53.28713452647186
v -8.936226220870706 22.737745585448664 63.64679944244818
v -3.27374930779558 25.789815787753845 64.47687967540224
v -11.528881812335856 22.86861749665359 79.65783316728763
v -15.806641045340887 20.655850691196385 76.27227564951977
v -17.63074551430294 22.205835069214316 80.93560047493797
v -19.827959981671793 20.3897665310366 76.70907888374944
v -10.974628319583873 21.7420874636772 69.77982001601201
v -5.546050371634727 24.414810542470683 71.41162897171355
v -11.999937139222244 25.737198849915274 40.95993142685768
v -12.569740476578016 24.44973180485035 47.301672113749554
v -13.905252086152759 23.05403712184353 58.42284703017438
v -13.213451090563703 23.620944629460446 53.12548151933955
v -14.456979039905564 22.71055475973126 63.428247175955924
v -13.905252086152759 23.05403712184353 58.42284703017438
v -14.456979039905564 22.71055475973126 63.428247175955924
v -4.079242192279547 28.8259274976434 33.23840315718434
v 1.808506918809849 31.95474269822551 33.7221982769586
v -11.700674399122175 27.534335154904305 33.85948366658712
v -24.373225687953337 70.71513271853142 53.01178038701593
v -25.12310228160844 66.40388235895006 45.82861920119194
v -24.971414322538234 36.816724444251335 46.88379629980916
v -20.766864210183872 29.56329809512394 43.35322461654916
v -24.775006317511757 38.35488151224219 40.19416949722747
v -20.606274811981066 31.288117944163808 36.628099217642614
v -11.999937139222244 25.737198849915274 40.95993142685768
v -11.700674399122175 27.534335154904305 33.85948366658712
v -4.617661215061547 30.444901887774833 26.538114440913013
v 1.390011910311434 34.169759779515324 23.058820623778765
v -11.820528176629235 29.309687717148634 27.905900651424844
v -25.425697400726165 60.9120560784871 41.058916702898514
v -22.820668041154406 57.483405522807836 48.468971125045975
v -24.68792064067013 51.392452070514366 45.666946290620935
v -25.80946449177225 53.82046711482601 37.5785914989988
v -27.011857723604138 63.26743138001075 32.76545564874349
v -25.98329174545285 65.85680049713547 24.244276327309127
v -24.52973540518169 40.067403772485704 33.173195761738135
v -20.373851997243815 33.105599520568134 30.213557757535476
v -11.820528176629235 29.309687717148634 27.905900651424844
v -16.44473442452238 59.39264039725171 8.948893941893319
v -16.955247479900283 66.61130108381955 9.918858187875086
v -20.741212598087564 58.4885467622578 16.518299473992123
v -21.520429047258656 67.52930698724836 17.347030945004054
v -15.890770903263087 53.192270677685244 8.618396832090689
v -19.819229128989598 51.902014058976334 15.054832441293401
v -14.259776897260313 47.345094794795656 8.307944259319266
v -17.996114712539477 45.36409561565853 14.230470410762724
v -15.2146749318237 39.71919729631688 14.083663553657942
v -11.767510257539096 42.1172159999103 9.253380059321712
v -7.981088863303693 32.58858248875112 19.584086201310754
v -3.9996844162584684 34.82867385343749 15.707831144027267
v -11.701631340153645 35.407814715931416 15.48289077842669
v -8.442529646336824 37.803520462397586 11.579032630283752
v -17.920406794218145 74.11328340911672 12.12081471446829
v -18.084112679061775 82.31265932787224 16.112690986529184
v -14.321708873720377 80.95959855988508 10.332616494825045
v -24.71163065229959 57.20831556850213 22.249269551967295
v -26.37297466009393 55.522202404787144 30.095138511283388
v -12.807788040301052 31.889990498607872 21.530551596742686
v -17.847831040407268 37.71365249725558 17.798544717925502
v -21.556551496807668 43.68632202370519 18.852239827125576
v -23.69388945566572 50.29797992669183 20.598430608981797
v -23.749700789627088 41.85750596718873 25.494563353036487
v -25.67777446177003 48.5958088877113 27.942936326914893
v -19.759488939518913 35.681050106976116 23.248486894839044
v 6.212093036775841 39.61685646816011 71.22546277238409
v 7.403257753078922 40.72313323502723 64.56410668027621
v 13.14157720868684 58.357634015597576 77.82216257900788
v 13.549160737854637 59.434679896377986 70.14992914729342
v 12.847516172212533 80.92192824637883 78.5082049394594
v 13.132529149587493 81.46756722062585 70.70595531861149
v 10.191969161793171 52.282113816039896 84.26531301879432
v 11.787147149144522 57.21810068400937 85.7071489831759
v 4.511212196956695 38.337632033032534 77.96456221033377
v 2.1068213874307142 34.2414603837796 75.40161862853975
v 14.537692176588548 61.02717597595949 55.950548976296936
v 15.214947778921676 61.49105725214741 49.65523723055711
v 13.716451185646982 56.34732548998582 55.13886756177835
v 14.518985354549804 57.22796141424692 48.52577795018484
v 9.959218333944046 42.46187514811098 51.921959567120574
v 11.041602379307236 43.27049059712836 45.99555762534936
v 8.274791241160463 38.07522716388857 50.42518019372838
v 9.541171203134233 39.21466602348486 44.22164144363862
v -10.590316234691668 43.40130689717175 97.52219113827185
v -0.828566548371587 44.673340961154224 95.55078985747792
v -12.444975756666203 38.37426711989414 91.97249273165015
v -2.447143061548307 39.923253868139184 92.05409435727994
v 12.658395821352475 74.36724283233725 86.9888519664995
v 11.91720614817747 80.29214449367653 86.50664786188267
v 16.300066917905905 71.3112873316534 49.13294796977848
v 15.541749647354344 71.09372135249083 56.31110757660958
v 16.061008923668226 77.7580530605934 41.736547339012986
v 17.212086083292657 71.19176800779476 41.62399193622211
v 15.587560078371961 58.62031660909715 41.95946205411016
v 17.24351876961965 62.146006221102 34.312945247596865
v 14.590506235486341 53.282257364171144 40.19809951145757
v 16.275599897126423 54.15028516770603 31.402130831280925
v 16.068449986637244 65.94780880912982 49.43161136259383
v 15.478199618186354 65.83961936999984 56.2714820883361
v 16.70249614434649 65.2343025608109 42.57374318008085
v 13.444572076510882 52.4636080029759 47.3268385895678
v 12.57631170706807 51.67019211325851 54.11112744841053
v 12.25830595465975 47.564463678075775 46.52635159702654
v 11.284002956637014 46.988447390885554 53.0386638429812
v 11.858170810209158 43.99440130148318 41.25502501304294
v 10.996183547250086 41.29993337488137 38.00232090775536
v 6.980236952221406 35.01789253472622 42.49547646729801
v 7.909108529234931 36.87380736982089 35.33239781984028
v 5.598833132157935 33.80477857283155 48.88211436102278
v 3.4084125940123458 66.81750374921133 102.66790613265324
v 1.727931804802088 60.08768697557051 101.29695616970507
v -7.971513627965891 65.85087111143176 105.25031300448646
v -10.322810682775938 58.020077139336465 101.88622012324355
v 13.41086860179852 68.34324020659813 87.25335700716298
v 12.503041241566883 62.58689071873327 86.64498922522019
v 8.226324518079538 91.16127444770015 85.10984840608208
v 8.069816128879317 91.52527839134245 77.09322696823492
v 7.844503583468685 92.23711880720228 69.24404837783727
v 7.387104825381942 93.16242008781117 62.0195447506677
v 6.412289324878799 93.73460251794917 54.55666403129904
v 10.630687334085932 88.0127297560863 55.024483316284844
v 10.914622696589063 87.70923154856257 62.57012537629464
v 10.975049356222884 87.11339100197384 70.10262634966722
v 8.346877502049779 47.53820120904287 82.27206464838105
v 6.370497552883256 42.8424133832179 80.18297644952207
v -28.428491194183394 22.40249234694795 72.84474450551879
v -31.243437405114843 28.156008698905467 72.03813849934845
v -19.827959981671793 20.3897665310366 76.70907888374944
v -25.2148480559655 19.76482083632704 77.14690212317308
v -23.429626759587595 21.210147094752465 82.10327052619256
v -25.2148480559655 19.76482083632704 77.14690212317308
v -24.629644176657294 25.84233441312972 85.50929000194995
v -27.298619810602997 31.028762723596287 84.99365292412413
v -30.67459602223598 33.96881436429943 82.14607660868384
v -27.784790727114892 34.384642251916695 75.02181637482336
v -23.02986734484998 34.96664576340997 73.95003985004732
v -26.35113624236198 51.320072192589315 85.14806227518542
v -24.78465392794104 51.954199320723944 91.77342688650306
v -31.588052641908934 49.577823190472024 86.21210211004895
v -30.27750209889696 50.204071484063064 92.79342281592406
v -21.441585977575464 37.39572448433805 86.04564665201386
v -28.192195551603934 37.92486634600101 82.5772025365606
v -30.57558162531441 44.409449788610985 81.7164040405336
v -22.579579018966655 52.17680377405295 83.64116228441036
v -30.27750209889696 50.204071484063064 92.79342281592406
v -19.40549428070174 37.73903891177631 85.96796789190901
v -35.2988028805374 27.261310439866 72.63408131425226
v -33.076847009553454 21.35755395698623 73.53889973441211
v -31.207606416730446 18.65089225935111 78.28147859073053
v -30.34791338499685 20.02956283910072 83.36259727938175
v -31.208817590911462 24.897716053284896 86.33587200465665
v -33.27581542652892 29.96359113343329 85.45244242128773
v -35.20679440908843 32.81539818810302 81.60246787288686
v -36.109250683756926 32.05976402343007 76.78987542821311
v -32.272053281633035 33.21241684223254 76.18126887784605
v -16.421259840774425 88.48945662343914 123.09643106017957
v -13.587755883359275 81.5153667891176 122.99535407122633
v -6.66223691354299 79.6318507423445 123.64865939013508
v -0.4382192509177277 82.21197573647984 124.08480780928218
v 2.5813407817497636 88.0107214817451 124.23825157632703
v 0.09871427999315341 94.24000571494807 123.82849827318199
v -6.581012214501223 97.29284280013555 123.41042346979597
v -13.489583983689549 95.4249531893074 123.25568910162218
v -34.82186797393523 64.50700389426225 89.50146446849092
v -28.592416599200693 64.59948368734422 88.14525757961394
v -27.34866214445325 57.712444136800606 90.56742996355513
v -25.342782020240644 56.344998003391524 97.3086364996877
v -31.271092300594294 56.01963289325128 98.96254824100565
v -29.85118760497265 58.23951161533026 104.85022070802178
v -25.342782020240644 56.344998003391524 97.3086364996877
v -23.390794660125476 58.41436529415027 103.27895451220442
v -23.134953697203603 64.89289490666133 106.67352294714473
v -29.55170033823214 64.27911687734368 108.15256657084778
v -24.890327595918894 71.84913131385777 103.74292355189755
v -31.20845441369618 70.74859349589521 105.39783013993149
v -26.632967497494185 73.83462673439574 98.17531345465704
v -33.2686214224554 73.12801901613683 99.77174323325123
v -34.695598408322205 71.1047179076468 93.166823706911
v -28.000371612120585 71.27757824526937 92.63841877449181
v -25.82478125674395 35.53209618819389 87.9738413747994
v -26.87115480187696 119.24820272206509 75.05829642791014
v -30.179560326062795 116.39236484301946 77.72149926395508
v -25.770946840332613 122.25276511212168 70.19633631693732
v -26.87115480187696 119.24820272206509 75.05829642791014
v -27.784494954455035 123.31826025946133 64.76601863790361
v -31.638818416962337 122.90985137696676 60.227513300223656
v -35.334096497394114 121.53636859638414 58.307109641093
v -35.334096497394114 121.53636859638414 58.307109641093
v -38.676862678133574 118.9150938304868 58.12591001549278
v -41.64142745452913 110.28508224517552 71.63094629321817
v -42.86921892524174 110.8338558892857 67.14525251268826
v -41.87877367837613 115.5168454843429 60.00187211362566
v -39.73596970392647 111.21682620056691 74.92098827573459
v -43.07294133616875 112.64626991926254 63.624857770632275
v -20.929075677197464 56.570408642085525 94.97160121577564
v -18.507531573210027 55.97761388921141 94.21591695127337
v -22.733520117166304 57.82568238487684 88.37756850112564
v -21.849803065835456 72.2226070097489 93.4101693925297
v -19.64333818162802 74.84779182524548 99.31433730139194
v -26.632967497494185 73.83462673439574 98.17531345465704
v -22.277791995933015 65.57861549766923 87.6923281803525
v -17.81731770594206 72.81742349753293 94.30353317383147
v -16.746180719596303 72.80604290026136 103.74631532166455
v -19.64333818162802 74.84779182524548 99.31433730139194
v -20.929075677197464 56.570408642085525 94.97160121577564
v -16.77574754042139 57.97830253296237 102.20083082218154
v -18.507531573210027 55.97761388921141 94.21591695127337
v -16.25799744491654 65.65807408765511 105.66773156424583
v -41.610857426928085 56.750406014775066 95.82645578871116
v -40.47611471963525 62.62911394614352 94.20144398696658
v -42.88101963757991 69.10728459619192 95.09708733263716
v -41.48324535515657 63.19030676610909 95.7777588119339
v -41.78598985462824 56.86445262063711 97.60331555877517
v -42.69015296235392 69.88250727521964 97.6661724343204
v -46.974294295977735 61.10884362500762 79.41611585131238
v -50.02717383270551 60.576395677223445 78.40493120761225
v -48.63150536758083 55.23463730240064 81.09870928645562
v -51.41168683021739 54.73783254470371 78.67216847547179
v -49.96405789636632 67.21956579940354 80.008539593169
v -52.23270375380682 66.35595477549472 77.48229944588178
v -52.17492072678784 62.422219535122345 103.39185391213174
v -50.20836105032792 56.67972263511689 102.50667282105167
v -55.23005408022763 61.90497405253795 96.51214871736761
v -53.212404208283814 56.32785993758031 95.99438371148749
v -44.599967141141065 56.81155789492284 107.50103846722034
v -45.48989446118571 63.09888864075474 109.34578622785523
v -45.68228934788425 54.16909302396237 99.31668039627746
v -47.869836923732066 53.84235353294495 93.48867976166434
v -43.33979307026582 54.45303479302656 102.79448400249161
v -45.68228934788425 54.16909302396237 99.31668039627746
v -43.33979307026582 54.45303479302656 102.79448400249161
v -55.524456567012145 52.454182533470004 79.52238222317618
v -53.32140107458843 53.05926760682331 83.51823926355634
v -56.40755947048603 67.99780822135061 77.55658025846168
v -55.22324028541823 68.69433963859676 82.22948835568377
v -39.96120136865081 64.07644108215457 92.7668307876551
v -37.705483844732306 55.321867343392256 101.69443070856387
v -36.78479717622642 57.549312072919726 107.09404783832852
v -36.61101450731028 63.77219153231879 109.70781566601701
v -38.10024998630456 70.17969172903781 107.23155199789655
v -39.500938178217986 72.59853439305142 101.71179878365955
v -40.079800093366046 70.61882124193195 95.85564722698642
v -6.66223691354299 79.6318507423445 123.64865939013508
v -0.6367685966142191 86.11327226384596 149.48010022783214
v -2.96112765546986 80.86192730643538 149.03133341429316
v -8.697999269944123 79.0872830175241 148.6728547207036
v -16.204834392635938 87.51902986320468 149.03662169699712
v -14.299936305074311 81.70628951887292 148.60811126438827
v -13.205110598223868 93.6741924638347 149.5897398598453
v -2.1376669646790414 91.89391244012157 149.74031625363526
v -6.704591366657745 95.1619858241347 149.81543487407316
v -2.3792218220022936 81.12586188063162 144.08523409044957
v -0.013419090359303998 86.40503551993922 144.4777484837138
v -8.201895774309993 79.12060450457196 143.61224112469264
v -33.465945576711434 36.162485219466355 86.29244982273835
v -35.49244206294953 42.94357137819297 84.56732719789537
v -32.275166211420505 34.01908569269606 91.14378196161437
v -31.579554304958158 35.46772256422938 96.00014332162831
v -32.275166211420505 34.01908569269606 91.14378196161437
v -31.806857964712123 40.25492100192829 99.55283187066597
v -33.73074472949312 45.82607186086892 98.84685707111957
v -35.8169071471237 48.735960352988414 94.45388721336145
v -36.57420969736824 48.43580287445678 88.4612933902103
v -55.193392345348386 55.80980181558151 90.74944388883874
v -57.43572040798707 61.29474758018195 91.2725287344626
v -50.15696695245556 53.52687268870656 88.40544465150974
v -42.462469602782456 29.600379747591532 90.97991465743036
v -37.47864660813398 20.069998496431175 76.09606313288317
v -39.0277078491737 26.012325149144367 74.89012238664183
v -36.82159022690307 17.50700808187439 80.47832981499538
v -37.10899850327119 18.76465218284475 84.91122022235766
v -36.82159022690307 17.50700808187439 80.47832981499538
v -37.63325223436901 23.61631541515007 87.17724207993032
v -39.24678233253443 28.71707937928948 86.40211344819647
v -40.179647828244114 31.307254440106234 82.50244680701913
v -40.20709888895415 30.91868283926943 78.62548287187057
v 4.2316397918855175 32.83719410373441 54.860765609880474
v 9.067020587096215 39.01020471987361 26.427275039252827
v 13.559856447725789 45.28714918725454 30.90271423800306
v -1.0562623846440966 29.560560278486115 73.00902908020032
v -9.103469079355715 81.56233333750295 -19.604741548950386
v -4.409895359064307 87.02028754837286 -17.961895401033345
v -9.87987590690148 81.17216001252379 -11.866188404619747
v -5.230284809008036 86.97167213274375 -10.193875204203943
v 3.438434819085581 91.10451176082553 -15.253034828201722
v 1.7174210081341013 90.78613137022234 -7.519972837467019
v 11.54539301362465 90.75443802329339 -12.429427955361525
v 9.65136553267245 90.53544558497545 -4.438724891477945
v 18.54127937845869 86.0635060587671 -9.969156311726755
v 16.837647772978894 86.30335667416715 -1.6061886748670733
v 21.536265623912232 63.048397497749505 1.2598521005411785
v 23.273786266964787 63.02603870928545 -8.210491629665771
v 20.81932932257756 55.54417442294515 1.0576132790811945
v 22.171375578778406 55.972110153012956 -8.631889305689581
v 21.689401608343733 70.87911812003023 1.167405511811395
v 23.38144015143734 70.52300822861548 -8.12162089607215
v 22.55925786437592 78.29383884005985 -8.486028667361332
v 20.85749635295956 78.91654683755824 0.3475102136451316
v -11.869868220620868 74.91565274883614 -20.57006900334906
v -9.103469079355715 81.56233333750295 -19.604741548950386
v -12.529764720064795 74.61965382807996 -12.875362515117581
v -9.87987590690148 81.17216001252379 -11.866188404619747
v -14.253434970107879 61.72963322565431 -13.62291702116019
v -13.655823451713442 62.38764003010039 -21.133065167528517
v -13.823446678600138 68.14935815832257 -13.405061834284103
v -13.137232852854337 68.74872423270125 -20.987063376348086
v -11.57288817393102 48.67537347636727 -12.836120908443625
v -10.933780691185925 48.69587784119801 -20.202033274068295
v -13.658571672697313 55.328017766984175 -13.491846522653915
v -13.252412135989784 56.107933780963606 -20.971626114095248
v -6.8085342994112334 87.03965835658958 -2.329593562244693
v -10.988649419435538 80.76741803321272 -4.14534904380813
v -0.04728671662896505 90.99433008037036 0.4812430177625962
v 7.769106260509591 90.9465301164605 3.957885832924231
v 15.124866864617843 87.2654740102771 7.383499486948213
v 19.766468560177426 54.74995320861056 10.895397338217865
v 20.258341448404103 62.82798182096175 11.619560518532287
v 20.564568268233607 70.96862285357524 11.382397593946068
v 19.729425785047063 79.40392425638213 10.066885944588675
v -13.165316455847435 74.02688058556723 -5.344103149396075
v -10.988649419435538 80.76741803321272 -4.14534904380813
v -14.19345785388998 67.45298550546089 -5.943491457209064
v -14.471087344959818 61.15549572555258 -6.225384370529268
v -13.91263876032374 54.753700525328235 -6.113275603196404
v -12.116011696303028 48.455366767004065 -5.51275135666484
v -7.615639228299026 43.26786262271675 -11.413864452350312
v -8.546518895711595 43.317080821508384 -4.175044116418294
v 19.234351423967773 47.13089438718329 9.462680205476783
v 19.398015163078778 48.17804609967568 0.007308316507810553
v 14.63177347596275 40.29135666876438 6.890895612248003
v 15.690062012380706 42.38920222763013 -1.9534689440227557
v -12.268877534431857 80.40044494868332 3.1203417722929854
v -8.578738650043848 87.23256665675633 4.884703121904886
v -2.1018964800444544 91.75263502609754 7.941278475304098
v 5.626508817084604 91.63916374155293 12.221570730988223
v 13.05082961608129 88.06385366365285 16.723048263665564
v 19.04534533477876 62.4457497524776 22.26724506212207
v 18.077339372557752 54.36464783023916 21.18423206814004
v 19.604195284007858 70.78738787825822 22.05153983627383
v 18.309837391244027 70.49429181369841 32.547076507429345
v 18.601310475123206 79.95186088214652 20.59417658409405
v -12.268877534431857 80.40044494868332 3.1203417722929854
v -14.438647277604456 73.49321930376904 3.302467136011886
v -14.793630871839339 60.36866929646831 1.1709151947974574
v -14.746367760236526 66.89273588880243 1.8743507820503171
v -12.831708890030647 48.14538452249167 1.4442907555064082
v -14.348810700796976 54.221089415367715 1.0887006370867285
v -9.708618460671975 43.01380144130122 2.707631905137099
v -0.6631818839207687 37.4409112396862 8.730603524187753
v -5.510942513855602 39.41847425356701 5.226426732976047
v 11.457129133200995 40.364092519357406 16.361388074492506
v 15.961254833629827 46.506771949430686 19.43330049253667
v -39.49325953458785 99.91769504390757 61.282087631219234
v -40.3240597052822 105.03973172935969 64.75274640783523
v -36.38278557262471 99.81247031002302 67.45538361888981
v -37.9090368125352 104.68116329885987 69.41290614927114
v -21.91376611849913 114.29395576263764 71.87772265778639
v -26.35299148174481 112.14346733659804 75.10581397680515
v -36.06429243217949 106.12264937948073 72.71758134276052
v -21.91376611849913 114.29395576263764 71.87772265778639
v -20.79047349575624 119.10367943228084 66.76305690677424
v -16.389806420151935 112.61742218962334 66.75187440186309
v -16.90729735593367 116.66269658520007 60.958458292087776
v -23.24578855121511 121.02407328847556 60.18114671682151
v -20.421900510525415 118.06825241439536 54.25570272996132
v -28.003528817402856 120.44384819328107 54.73557209990802
v -26.931072579482173 116.85225730790984 48.82196765313239
v -32.808715288602926 117.94215084275639 52.933197857634205
v -32.8537879874432 114.00169544665299 47.194210568746364
v -32.808715288602926 117.94215084275639 52.933197857634205
v -36.863203547509414 114.35262889064151 53.32677379478678
v -32.8537879874432 114.00169544665299 47.194210568746364
v -37.226828959951916 109.85753677130899 48.06116889872932
v -12.183944029237747 111.28718366160423 61.85603880371762
v -13.804831666790959 114.1191528865655 55.1888647739762
v -18.91588091057264 114.9914748479649 48.00041094903328
v -26.06788711634811 113.15288716924496 42.529761092154644
v -32.76200580969152 109.90091242626232 40.53423542400879
v -32.76200580969152 109.90091242626232 40.53423542400879
v -37.52397146272317 105.33442371849597 42.31392255861467
v -39.06200744433468 95.27380309747107 58.48753423002109
v -34.053495184011545 101.28145708875695 71.55389229878396
v -31.752963212081703 103.08186783397016 74.68795217774017
v -34.20150650280981 107.39565377561155 76.15519224518198
v -28.494391154315032 104.99183960019721 75.89581730263751
v -30.811253499971073 109.31896342219648 76.73749517443221
v -16.017874999766363 108.7460557237641 70.11177979512351
v -11.633618596208873 108.0902406030939 66.98819711832444
v -20.267717138197256 108.3649475867233 72.83381703036943
v -24.636263385912567 106.91674698420223 74.93346870366231
v -15.123280083582307 22.61235671134427 69.10490913964401
v -18.989569836639795 25.279494880127658 68.32884807256322
v -20.585925529174236 31.499165530576164 69.87728615887737
v -18.19623859195388 24.711891164439827 71.66740411320427
v -20.11198690713439 30.623824318305097 71.8636134412896
v -19.287163148002975 37.874189198298964 71.62552604342719
v -19.240117697202272 36.91892066745605 73.1859587092775
v -17.14875115658581 43.192540464876906 73.51363725148346
v -14.974708112020855 47.84411144518029 75.86361254616259
v -17.148802681105973 42.039305867870425 75.02977421973172
v -14.908522485978425 46.6210332959129 77.25279850242563
v -13.568937120233299 52.528834710654834 78.17910954333065
v -12.357643109296108 51.24961987441252 78.583384667508
v -11.149599298453488 57.068118164627606 79.99753220176244
v -11.56191053996434 55.69530532465566 80.92048226254005
v -10.613582783663398 61.37273170074007 81.44556189019936
v -10.63740627945061 65.25482983331473 82.62839966363644
v -11.304799659387609 59.94366795505199 82.32125141363171
v -11.308478119710655 63.96880137755215 83.69734497048434
v -15.123280083582307 22.61235671134427 69.10490913964401
v -25.734630733127634 45.414176254913485 43.15652202518615
v -25.38009853812726 43.622580026929086 49.66110339839291
v -23.745984065406407 49.42817182175994 52.50854289510252
v -21.090661176386472 54.691231683888084 55.53020003769196
v -17.457643951238655 68.22458620041522 71.93389745119838
v -17.694378491886958 72.7505008326943 75.63273061361694
v -16.730648248462284 76.93424928172647 78.52658350213804
v -14.622480707215765 70.92617553675379 78.52077355459679
v -15.087213368105916 75.19038973721223 81.11538268391402
v -14.545852555146961 66.39316472657086 75.3718698224005
v -2.4388560967199338 99.38112385016122 91.9120087137093
v -8.90614179544172 99.86284053949942 91.59476169468716
v -3.0754346190592017 99.13261893924084 98.49885887536861
v -44.58044047701704 28.444814523125046 85.67720206218196
v -47.28471186535612 27.380626931008266 80.17915083065637
v -50.4069281705248 25.000865974438547 70.08034974139484
v -51.59436922263187 41.917778762914864 78.39064798902295
v -45.87368965064234 23.58876746889073 66.51966831362489
v -41.69892269487079 22.57612916278454 62.24871804409971
v -49.008683352174366 43.624743368460784 83.77380603748186
v -46.993635162594806 45.12393988987856 89.322904532166
v -41.02204084703585 36.02250113743144 58.370960649474355
v -45.75525013762631 37.11428460098163 62.29304653699341
v -44.85349802960651 46.25497640283751 94.13637970950387
v -41.36711943458093 47.315460486712766 95.82516690708906
v -51.18560488367298 38.50379046729128 66.33270815935899
v -45.624738099124905 13.116238938102612 71.31469324650297
v -43.292945369158836 8.445256670642777 59.419669566237864
v -39.52404541274316 7.561355921965507 56.048996373515685
v -47.86562340805181 12.179026688350497 67.92182826338329
v -51.82981333528915 24.3284497776732 65.7327047402984
v -50.18717663998535 25.61494332399316 69.17503751911747
v -48.79613844889244 27.02610658983393 72.82346960809028
v -38.84716996117694 18.236962104036316 51.451128283304804
v -42.758471629160134 20.06844702494685 54.486176295769795
v -47.0196295686224 28.476071567047 77.09783736854604
v -45.14347283357768 29.70346633748494 81.6760624239242
v -49.809224466994856 11.026302844959645 65.05650145763627
v -47.21718644706961 9.656432266763062 62.38099596529523
v -6.813204909722821 92.50878233276893 170.19861469465565
v -6.844965565477298 93.29096655505573 164.97875260030224
v -8.6909204297895 78.01772595334968 168.8545560981633
v -8.056797248169268 77.65170392937105 173.63057424471987
v -7.053603340344966 94.32947222111076 154.96354663031246
v -6.704591366657745 95.1619858241347 149.81543487407316
v -8.201895774309993 79.12060450457196 143.61224112469264
v -6.45179033531466 91.56156739051592 174.82499281449626
v -6.339653124315212 98.00779404927432 116.91321276519639
v -6.681837991417666 96.13906562471288 139.56172243640253
v -6.560015447414837 96.4513217354677 134.8819540555599
v -8.875344845697184 78.99895900683846 153.75503390763282
v -8.75352265218806 78.77531140024584 158.80062233278514
v -7.008422810276638 93.66524167483354 160.1371868078978
v -8.851000774700053 78.38576215900756 163.59246328214903
v -50.15696695245556 53.52687268870656 88.40544465150974
v -47.869836923732066 53.84235353294495 93.48867976166434
v -48.74710875588892 50.88417076828545 70.44255564611163
v -45.10954322163598 50.356453142875175 66.76684813445789
v -52.06781434560464 69.6357074900458 87.41162661438334
v -44.69241336419663 64.95871109686904 63.78517676636586
v -47.76077628048823 65.92992873380823 67.92590862770047
v -49.669253193412494 70.42756692220402 92.6856822641288
v -47.13414324491115 71.16544883526674 98.42571421299554
v -33.2686214224554 73.12801901613683 99.77174323325123
v -39.500938178217986 72.59853439305142 101.71179878365955
v -53.32140107458843 53.05926760682331 83.51823926355634
v -55.524456567012145 52.454182533470004 79.52238222317618
v -53.16043722580404 67.21696311394085 72.73932516083171
v -53.34270777912288 51.70294888220139 75.21644977518638
v 10.165356228503509 46.19929528499525 59.57585069981119
v 14.875765303448064 65.35288748638187 63.37881777530449
v 13.282198951129496 81.93489161235856 63.15550135090256
v 6.837301381679012 37.18708086333154 56.54540225802995
v -19.073244925809856 54.23225448929266 92.82730862666935
v -20.7353499871583 54.994092767380636 85.67994480503205
v -20.96177617483209 52.955422298615346 92.38712743432464
v -27.12878006060008 101.13046833846782 75.7108000224153
v -12.569740476578016 24.44973180485035 47.301672113749554
v -13.213451090563703 23.620944629460446 53.12548151933955
v -39.74174548234662 105.89119828207782 51.18820876729705
v -39.842194842299044 100.9144900909327 46.314063914529704
v -15.806641045340887 20.655850691196385 76.27227564951977
v -13.360483547872986 96.75170237384087 102.34754044224158
v -12.471392995264594 98.03048057341964 97.36820563962273
v -12.089592797523485 100.25559494276871 84.06918510469747
v -11.187551064553817 101.6543584670741 79.64832500786706
v -7.256624718231623 100.95345287923048 84.93338269675623
v -15.70099919514736 103.08839611381912 76.28578295824093
v -15.70099919514736 103.08839611381912 76.28578295824093
v -16.03422159446851 100.60644049562596 79.43794540082139
v -40.648672371575955 102.27802051368377 56.20550654846778
v -40.498648138287095 97.36439184356041 51.97081805647362
v -15.2146749318237 39.71919729631688 14.083663553657942
v -11.767510257539096 42.1172159999103 9.253380059321712
v -8.546518895711595 43.317080821508384 -4.175044116418294
v -9.708618460671975 43.01380144130122 2.707631905137099
v -3.5559581144885 40.14822165581609 -2.0165136697725545
v -14.0954237024285 34.38604693447415 18.06740957479156
v -14.0954237024285 34.38604693447415 18.06740957479156
v 8.689907730617467 41.61056073208904 58.152677541190236
v 13.95857139635178 60.33848927328614 62.86327847208779
v -25.923247334976175 34.78043332404271 83.70464443050055
v -30.67459602223598 33.96881436429943 82.14607660868384
v -31.207606416730446 18.65089225935111 78.28147859073053
v -35.20679440908843 32.81539818810302 81.60246787288686
v -6.581012214501223 97.29284280013555 123.41042346979597
v -12.44868302245547 75.86818858850259 102.20654296241986
v -44.65953899812025 71.84890859936885 102.41839699249167
v -6.680066174028852 96.79792335475953 129.2204989062863
v -6.796441507728641 95.84969344803163 144.70166768857231
v -8.697999269944123 79.0872830175241 148.6728547207036
v -2.2201542595423547 40.24789957321454 -9.49135346779386
v -1.1992082849120387 39.861311597501604 -16.36771794951763
v -7.615639228299026 43.26786262271675 -11.413864452350312
v -6.552426091798375 42.958283860490354 -18.5259578551202
v -39.239899687117195 91.67202316994221 47.094142977786134
v -13.119159435151555 21.228001116475852 74.24730919742606
v -18.187827379141957 23.905582728031227 72.97074515348164
v -11.277953985821584 105.71455626690795 71.2667815164832
v -15.800418297894362 105.87751498179259 73.11897074214366
v -20.192792370335653 35.93684377695258 73.78417892366973
v -20.673713474094324 29.821872747973742 72.43083162342259
v -13.85085763674377 50.00557676938293 78.69280169701086
v -15.815086166351685 45.27986430443221 77.63435364293683
v -18.172261241672768 40.79561738604682 75.7481111672171
v -13.651409808134215 54.36521560690633 81.53495347062805
v -13.702280171703597 71.55251078627684 88.8799172802491
v -12.950635972004985 67.26253407314492 85.63198685015693
v -12.81941684679445 62.772449480834084 84.43384887128904
v -15.46957913049602 71.6402209316631 90.75007018038835
v -17.335616796021608 53.044095818465124 81.74253911248525
v -13.282400135726832 58.53267118123404 83.04426696391276
v -16.77848762215444 56.970601819149884 83.60090099972145
v -2.4388560967199338 99.38112385016122 91.9120087137093
v 3.7947796255211124 96.44373109967404 92.12174346076796
v -7.7687710491899304 23.421606682837172 76.6048865795117
v -13.119159435151555 21.228001116475852 74.24730919742606
v 8.150283242202919 56.10148723462609 93.42655600722982
v 6.588938616380075 51.21871429562876 91.96603903645783
v 0.6083889032593714 37.24638191603373 84.43761467611965
v -1.7545588475033416 33.05264824950623 82.15574909090965
v 9.933554258447385 73.54973969616863 94.97367252635033
v 9.323767728201835 79.53645856433477 94.15962641450787
v 9.664371304390379 61.34899833408506 94.94621168014677
v 10.622268753657863 67.4965711355932 95.91428908153341
v 5.6116898261650565 46.1353804070203 89.90496498587554
v 3.6045054483455146 41.35030246211009 87.01670307685715
v -4.023698068066947 28.30642751214024 79.37982613958367
v 7.872617429889088 90.80475956982244 92.92432087036424
v -17.5783330859755 89.64724251591224 102.14242287204068
v -18.252458795028335 86.85482903518611 98.46354058313197
v -17.420500071180363 83.01951944574573 98.17566181008804
v -18.225834201483785 89.96352147480255 96.40994650597531
v -16.507837415195123 93.82835386286325 99.3782509633574
v -16.500804314568747 79.38310369850298 95.95484057550645
v -21.331928140176018 90.89395875304409 79.51273970894428
v -21.689664588579035 87.98124906865095 77.40552208969896
v -22.229953018714173 91.16109526286841 77.90226985795742
v -22.960832473591438 89.31235384569649 75.94625857055523
v -16.50820089260092 80.37344947743398 90.99981313663457
v -17.544841627272945 82.03439639995278 89.59512867097526
v -17.922109975308516 83.86955497800635 94.67917991451438
v -18.707556074708446 86.12614808748532 93.17041980159271
v -18.067965087890673 83.74069181130226 87.45080165218423
v -18.75308838359545 88.0945945085455 90.52201917651308
v -17.202359512980724 81.77689848654458 95.06114925071121
v -16.042639424707055 79.30492412600191 92.24758313302605
v -20.2765969147354 89.8022497255207 80.97356748599397
v -20.471938590605525 86.91571623310315 79.14105274113173
v -13.507127241237708 98.67380643069002 88.30840783990257
v -12.183274409011686 98.76724267437486 93.66638135632428
v -19.407778666455197 91.63199517000706 83.47032346350946
v -19.41909854426572 86.49362670299985 81.74900868368282
v -18.9582540270533 85.28043154344908 84.99150821153175
v -18.971418245466655 89.72364906216312 87.3812826595317
v -17.347483475121525 94.19761512394868 89.56264087913338
v -16.792389712934423 96.20506414793084 86.10699271025459
v -16.607933734826208 98.00860727870396 82.71386380975915
v -24.129814454588434 91.44810484831724 75.6337709593612
v -40.552049007129675 116.96596470151047 80.73973335325148
v -37.01566148173978 118.9432811945277 81.64828324358093
v -37.44584757223683 112.11546895597138 78.00407601598721
v -34.09404900849918 114.00981822216954 78.77213113972634
v -36.864527969092435 84.52830457193359 42.331075489136616
v -39.877521988792644 110.29307507067712 55.79987370861495
v 1.9760233919689993 38.49474722215715 0.8071153095658632
v 7.7445348414195845 38.467376916981436 3.9739516311027705
v 4.973574450465014 37.69415856398171 13.013177996654669
v -26.00723516336518 47.262628240068864 35.83369245804948
v -12.807788040301052 31.889990498607872 21.530551596742686
v 9.694769562518559 39.2188577344388 -4.528881987952261
v 3.888800251461877 38.70620245708062 -7.03707953175469
v -41.02224687445752 107.47195980468668 59.98042156571319
v -30.289603260538353 98.93059060389132 73.8779715185432
v -35.8169071471237 48.735960352988414 94.45388721336145
v -40.179647828244114 31.307254440106234 82.50244680701913
v -15.734498743349157 95.81731121188633 95.63476681451307
v -17.733268789492715 92.28189604715033 93.05960402336815
v 14.727071729143386 81.82390322372785 43.60163134197849
v 13.171292041949632 47.52554631121731 39.777991343195794
v 6.19639678715124 84.212088932592 101.13644068620157
v 9.158712395090182 85.24896568232344 93.70152135838072
v 10.53237182443531 85.98968479143372 85.85469536884284
v 10.953999132717488 86.52436200819233 77.91984974225355
v -15.872382974574752 75.7582315786678 95.88866565501264
v -15.068725233695154 75.5934078250787 91.82111393682365
v -14.49642262187101 75.71145309503734 89.6598983147352
v -14.507363387430686 76.35141428690319 87.71900805677207
v -15.476483574820552 77.82424130141918 86.06243632813482
v -16.73879837820895 79.4605517258168 84.09186550160473
v -17.62266911821077 81.05442556125459 81.58524674503809
v -19.516891645896724 82.46836040525318 79.10995350276613
v -20.707800384541756 83.6435232668885 76.43611939787212
v -22.236653119386336 85.014561886484 74.2374643871178
v -24.143775670612015 86.62563611485619 72.70803676114593
v -25.82118246768085 89.04601328191723 72.49097494762349
v -20.267717138197256 108.3649475867233 72.83381703036943
v -19.96874690436634 104.86547583763422 74.68703565934679
v -14.906159276824944 97.25594939180881 91.89491750697911
v 19.95892524836061 49.38339595931268 -9.33160350697098
v 15.795136547547182 61.78666862304616 44.75699409060192
v -6.552426091798375 42.958283860490354 -18.5259578551202
v 16.59081914010927 43.731666927592414 -10.642153646817247
v 5.086667744850011 38.525202085793715 -14.189100582723068
v 11.103738156734059 39.41738253420299 -12.573866298683283
v 11.54539301362465 90.75443802329339 -12.429427955361525
v 3.438434819085581 91.10451176082553 -15.253034828201722
v 18.54127937845869 86.0635060587671 -9.969156311726755
v 22.55925786437592 78.29383884005985 -8.486028667361332
v -4.409895359064307 87.02028754837286 -17.961895401033345
v 23.38144015143734 70.52300822861548 -8.12162089607215
v -9.103469079355715 81.56233333750295 -19.604741548950386
v -11.869868220620868 74.91565274883614 -20.57006900334906
v -13.137232852854337 68.74872423270125 -20.987063376348086
v 23.273786266964787 63.02603870928545 -8.210491629665771
v -13.655823451713442 62.38764003010039 -21.133065167528517
v 22.171375578778406 55.972110153012956 -8.631889305689581
v -13.252412135989784 56.107933780963606 -20.971626114095248
v -10.933780691185925 48.69587784119801 -20.202033274068295
v 19.95892524836061 49.38339595931268 -9.33160350697098
v -6.552426091798375 42.958283860490354 -18.5259578551202
v -1.1992082849120387 39.861311597501604 -16.36771794951763
v 5.086667744850011 38.525202085793715 -14.189100582723068
v 16.59081914010927 43.731666927592414 -10.642153646817247
v 11.103738156734059 39.41738253420299 -12.573866298683283
v -64.38528348059485 -148.3957349306358 81.40739525411816
v -62.907631738369304 -151.24669228046702 80.62852471404219
v -63.219367721737 -149.16354739237886 85.8718899458463
v -61.9227057233933 -151.82940998648877 85.55627469365892
v -60.60350372466607 -147.37160832942317 89.25361067908221
v -58.97133662467499 -149.58568260275862 89.22672455671155
v -59.92839578259346 -153.32718535557655 84.98625916740151
v -60.722117245755946 -152.4395228114059 80.01281832783255
v -57.39647693219778 -151.00095769350662 88.71212800905934
v -60.722117245755946 -152.4395228114059 80.01281832783255
v -59.05907307286995 -152.7380377773522 79.92058566145404
v -59.92839578259346 -153.32718535557655 84.98625916740151
v -57.25268307775145 -153.467330711417 84.08264007768108
v -57.39647693219778 -151.00095769350662 88.71212800905934
v -55.92257905758028 -151.6830136183284 87.73341845385617
v -49.80699602013816 -142.629851497628 88.90518775621607
v -53.567715532668856 -147.16791686223524 89.48758219294886
v -49.51836205346115 -143.5696073460977 86.02645083610233
v -53.14334959551164 -147.98204916864245 87.30844621460554
v -50.65606449929591 -144.3542175709398 80.98805347448729
v -45.11810353694728 -139.59641890532814 84.43914047233869
v -46.48087651995194 -140.51690972042755 79.24982744190233
v -45.399293445974735 -138.45574348874896 87.44506401994701
v -40.42508225127963 -135.55636053645986 81.59675532345275
v -40.31777973240466 -134.03099906183206 84.85141928845111
v -56.42706808733016 -149.07411006101518 77.82592178164762
v -53.38419296512088 -144.2463960927302 76.53280070894027
v -53.98369978793725 -148.92630570962763 82.41826649382574
v -61.24717272414223 -147.24921677897117 75.76000586165688
v -57.964376943758126 -142.32404605034753 73.09933374856807
v -58.67887879390137 -148.42639371190518 76.32834057762366
v -55.47211746174134 -143.5972862012158 74.57304928609163
v -63.754292844927136 -139.64147350519966 81.60536827906228
v -62.89079372389497 -138.6868456400336 84.68652035699155
v -62.15055075583705 -135.37451903812973 79.79612610780913
v -61.34344184585051 -134.34689529781934 83.66762996054888
v -56.859077362601774 -136.70953621938216 89.98756707978606
v -59.466884140550334 -141.23196445657965 89.92514278560395
v -54.07072633967598 -138.80607595938702 91.3381102404511
v -57.55866907501642 -143.4174509142608 90.9324119792487
v -53.567715532668856 -147.16791686223524 89.48758219294886
v -49.80699602013816 -142.629851497628 88.90518775621607
v -55.456829763993134 -145.56693609452074 90.86684701905563
v -51.300300367185876 -140.83075654742544 90.97903012586578
v -55.47211746174134 -143.5972862012158 74.57304928609163
v -58.67887879390137 -148.42639371190518 76.32834057762366
v -31.49172638932754 -124.48016550922216 77.78547339540899
v -37.30768518149463 -127.00143233560641 84.19524276381524
v -36.13554195919327 -129.5660338080331 81.37300135667466
v -33.56738413876166 -121.74108718994597 80.49794707698352
v -31.61877809536943 -126.4972628297621 73.76989364900221
v -36.13554195919327 -129.5660338080331 81.37300135667466
v -36.360175352152986 -130.8882134565403 78.01553785136086
v -31.49172638932754 -124.48016550922216 77.78547339540899
v -33.81580989728577 -127.25981929585433 69.8061846603202
v -38.47356028611584 -131.4622585651865 73.94948644459384
v -41.96949659759909 -131.33240248799183 70.56076288219268
v -37.24566711897816 -126.85165428744628 66.50164544362946
v -44.571182456726866 -130.67675215243253 69.02718432937303
v -40.068215810295776 -125.86430066532316 64.88143877378866
v -40.068215810295776 -125.86430066532316 64.88143877378866
v -44.571182456726866 -130.67675215243253 69.02718432937303
v -42.910175352405176 -124.33376751367645 64.38528498945236
v -47.20766529195314 -129.37711734339308 68.40925255026897
v -47.312021535568505 -116.83698387284161 71.06839084567373
v -51.342503106534224 -121.96967056604433 74.82542575766635
v -45.96354622828303 -115.7298689519476 75.04817617368583
v -49.564455332759366 -120.94254760078113 78.57902387246267
v -49.41751544919558 -140.0936337963949 75.10867949602455
v -51.73114959633876 -139.33560423624044 73.28313685944565
v -45.42231691254995 -136.059337932002 72.82393137467588
v -47.78441736253746 -135.16293992998197 71.20970749212321
v -51.053361271752195 -125.72828357917462 84.71574366567638
v -46.947000905997804 -120.96972276276875 81.91247206329287
v -53.51462582844383 -125.51288486890948 81.08764227107793
v -46.70123763681904 -136.5346390638843 90.09384561055148
v -40.31777973240466 -134.03099906183206 84.85141928845111
v -41.54793140101133 -131.81728776740061 87.61887219923939
v -45.399293445974735 -138.45574348874896 87.44506401994701
v -54.11273234923207 -137.84488277336482 71.7669350214422
v -50.524955913052665 -133.3911486739672 70.43925609926391
v -51.73114959633876 -139.33560423624044 73.28313685944565
v -47.78441736253746 -135.16293992998197 71.20970749212321
v -32.79628080879868 -96.99443404690238 70.28185468272983
v -31.45343784588716 -92.89629606071958 68.90942374301505
v -35.70095797555051 -95.28934700605132 65.28440927623274
v -34.86492230236922 -90.85622325109503 62.976319470550365
v -30.180940510604827 -89.16879697858127 67.58633943929637
v -28.459185083962492 -85.6886172790993 66.72492950017951
v -33.52239436941877 -85.8979779867483 60.009173497193586
v -31.21104160672731 -81.57458822331638 58.365586194723434
v -26.23169331457927 -92.08472491766847 22.955851072634037
v -30.21815121497233 -84.9003671932537 24.77710411274657
v -23.10611135462255 -86.3668501982537 19.97209826760267
v -27.989641706013362 -72.5427615005118 27.121283755484242
v -23.793593187531535 -76.61785741456569 19.655149381767128
v -19.037332224919627 -98.93414046539965 24.93912180697354
v -26.23169331457927 -92.08472491766847 22.955851072634037
v -16.602715066985603 -94.37190014071855 21.07983265588511
v -23.10611135462255 -86.3668501982537 19.97209826760267
v -8.512802959457836 -109.20211636967724 57.5247362740604
v -11.180384369199784 -111.20332305157245 50.18546491683696
v -4.834807661807275 -105.89240516813359 53.109065884881176
v -8.350595951237622 -107.35548140062741 45.22111987566379
v -43.211349912740694 -36.67519644872824 75.83644880325579
v -43.325191398472946 -31.112958188154167 77.30410512859237
v -40.2439307699604 -37.92903505491141 80.88783299448545
v -40.311600884451884 -32.16581734588963 82.66311071714036
v -46.43217878311013 -40.91106363071132 76.23893107249569
v -43.669566163450526 -42.59430151629557 81.3616523066154
v -52.861469958315254 -41.11455200731739 86.33746281429949
v -53.56561396170345 -35.36751298155583 88.22346515211396
v -55.45861071917968 -39.24716662619075 80.82011332179535
v -56.055536551176665 -33.87831461818804 82.37544828382292
v -52.91049115157931 -28.68136713890464 82.37117395134935
v -50.108007994943875 -29.64675342401729 88.08125789783243
v -47.28471186535612 -27.380626931008266 80.17915083065637
v -44.58044047701704 -28.444814523125046 85.67720206218196
v -35.510962663900564 -29.16341794817761 61.29723927115221
v -36.241771416796716 -32.614050115193514 59.641665388282455
v -37.1621855732501 -27.55029666620657 55.18906306927864
v -37.79448982561159 -32.531065716627346 55.42500799200684
v -36.96943783046947 -25.54382915295328 61.6280745685261
v -38.79883685457551 -23.538155393884914 58.01085129002228
v -50.146834482768085 -26.69611294044538 75.7193194631688
v -55.440018441564874 -27.933612491653136 77.08626006747342
v -51.18560488367298 -38.50379046729128 66.33270815935899
v -54.543187207303525 -39.38851280538513 69.88710259291743
v -54.19313228674386 -35.241071265875256 64.49928243689833
v -57.81045155234465 -36.665323417196205 70.16505645634433
v -51.59436922263187 -41.917778762914864 78.39064798902295
v -49.008683352174366 -43.624743368460784 83.77380603748186
v -41.85714504097794 -27.284978149729866 54.150906188880086
v -37.1621855732501 -27.55029666620657 55.18906306927864
v -41.391663696080606 -31.12281315372436 53.999723659089234
v -37.79448982561159 -32.531065716627346 55.42500799200684
v -42.135797727998096 -24.21303671901925 56.12293866438287
v -38.79883685457551 -23.538155393884914 58.01085129002228
v -37.912612246878695 -39.3725811563151 86.0589781811841
v -38.06276005417098 -33.35943012613451 87.80754234975876
v -42.462469602782456 -29.600379747591532 90.97991465743036
v -47.59292154825656 -31.063244418125123 93.47276987796842
v -51.10119285215716 -36.90160252685267 93.750079598193
v -50.445639353825214 -42.52801477265537 91.94410337013889
v -46.993635162594806 -45.12393988987856 89.322904532166
v -41.44422284201869 -44.36303644260016 86.49663224796156
v -37.246865125480504 -30.78462339867516 65.5401874516127
v -40.939343464582294 -32.06731887182725 69.35474320150446
v -38.6307961730864 -34.805988727220935 62.927273910474675
v -42.39412482604255 -36.09964495405873 66.5618686130995
v -42.804012033358916 -26.99222612750947 69.16275568106195
v -39.20692088697511 -25.86994865543752 65.20216266940892
v -45.89811314368772 -28.498111776199707 56.77652669913837
v -49.916818848895204 -29.7233046185681 60.398804647702256
v -44.84896806650267 -24.886040399101596 58.8678098530035
v -48.978423224615675 -25.016533077333186 62.80275759124245
v -41.69892269487079 -22.57612916278454 62.24871804409971
v -45.87368965064234 -23.58876746889073 66.51966831362489
v -48.579716202014176 -34.27804143632845 60.41810083100282
v -44.435045536061615 -32.721469543523575 56.57691112497738
v -45.75525013762631 -37.11428460098163 62.29304653699341
v -41.02204084703585 -36.02250113743144 58.370960649474355
v -38.05749705155627 -40.61715702180196 89.19489199723682
v -37.91952821634115 -33.94735859157269 90.85817412481401
v -38.292693116140164 -41.68091747631749 87.94950355561377
v -37.03272076627432 -34.85245664514616 89.91362166711711
v -40.8768830105181 -30.887071167010582 94.43655546456914
v -37.78568342314853 -32.37612537863644 93.92570015025667
v -40.8768830105181 -30.887071167010582 94.43655546456914
v -43.28680998469351 -32.51845679700424 97.59043401020654
v -37.78568342314853 -32.37612537863644 93.92570015025667
v -37.8985638591309 -33.884025482284336 97.40831416277825
v -45.48381085780734 -37.938038701341135 99.63897582066436
v -38.38864114797645 -38.94570324388924 100.57954403743707
v -46.41778250195197 -43.56451256656983 97.90868479405054
v -40.73356891195115 -44.48247754542476 99.81262264326651
v -44.85349802960651 -46.25497640283751 94.13637970950387
v -41.36711943458093 -47.315460486712766 95.82516690708906
v -41.10181119258155 -45.80523263091118 90.71128058630781
v -40.026473738957094 -47.072667892920805 91.10678522004778
v -58.50301670968989 -31.632200425205994 71.03483303413253
v -55.090488653279195 -30.530270420507797 64.71509716460709
v -57.864725133257124 -32.895598448004854 76.7479418061337
v -56.428679593880915 -26.869558497134626 72.14034175642628
v -52.3642564915891 -25.74120534058433 72.51336633141635
v -53.88563564311702 -25.76453347992554 67.13547079701613
v -50.4069281705248 -25.000865974438547 70.08034974139484
v -57.37213383127636 -37.99161466266402 75.47710371610162
v -53.6030098529898 -40.534262396528156 73.85350098309682
v -46.339894824252994 -30.266737838975608 73.2607605801001
v -45.96238591616725 -35.42794007418701 71.77442574000335
v -48.9242737893577 -39.40240735913419 72.14306972593069
v -49.09387824159224 -29.06566541915867 72.19087776531826
v -48.24233464972145 -34.122288738032495 71.16806103347653
v -47.04724768633932 -28.371303214444417 72.26333775002826
v -45.36198608660751 -33.383382430561824 72.03573769887659
v -46.96809872430189 -37.29047205304402 69.5549479816462
v -50.52199511261475 -38.45325427793098 70.04666152652783
v -54.543187207303525 -39.38851280538513 69.88710259291743
v -53.6030098529898 -40.534262396528156 73.85350098309682
v -52.3642564915891 -25.74120534058433 72.51336633141635
v -50.146834482768085 -26.69611294044538 75.7193194631688
v -42.28237288480249 -21.363989363548633 67.24697621828564
v -42.09057110156786 -16.32093633305538 68.80032235324275
v -40.35318645366372 -22.282050173514563 70.72168562386888
v -40.24302875858847 -17.291292803267254 72.27610208046298
v -45.62929288148821 -25.063814260005138 67.44709701467602
v -43.77770169545637 -26.281566657527073 70.92879359759993
v -53.13576017334079 -18.112302800064036 72.78717636142315
v -50.28594492793245 -14.270736966871596 72.86171481461811
v -54.63098059002891 -17.19103567261024 67.76764239441216
v -51.96377282392606 -13.409033229268282 68.38548759685109
v -44.400259610494096 -20.0528647116914 64.52909362118318
v -44.43349119886049 -14.888267301485591 66.19072586726226
v -47.75511913090542 -23.990334875437732 64.38895945392501
v -54.57333530612099 -21.409236495512957 67.23133306793173
v -53.079239138931854 -22.98862481578454 71.24252033759278
v -34.29710585581505 -13.090476524750237 55.1211305762175
v -34.750123534268496 -15.605103569483049 53.44015928347414
v -34.68636510584283 -11.289998612445935 49.823547287197975
v -35.53494639650977 -15.43054751799751 49.82083658910079
v -35.16247679020118 -10.20175957643675 55.59176930074054
v -36.1273583190788 -8.025101991450192 52.88367484471606
v -43.292945369158836 -8.445256670642777 59.419669566237864
v -45.76345957181811 -9.847656217415377 55.97818309610849
v -47.21718644706961 -9.656432266763062 62.38099596529523
v -50.104647191201714 -11.243768296051975 59.046729911706876
v -50.18717663998535 -25.61494332399316 69.17503751911747
v -48.79613844889244 -27.02610658983393 72.82346960809028
v -51.8141312419574 -24.10227216309319 75.29229653947974
v -46.56383027701983 -13.218578401179876 53.53241145267164
v -42.89245015674837 -11.745319326035663 50.57242499634563
v -45.63907737503845 -16.96414570150165 52.77852237150087
v -41.41078298034288 -15.832667122078718 50.15003536850681
v -38.525677067335806 -10.110422839449008 48.12115722227842
v -34.68636510584283 -11.289998612445935 49.823547287197975
v -38.309648086659486 -14.266491188945281 47.715113898008845
v -35.53494639650977 -15.43054751799751 49.82083658910079
v -38.86334827293478 -7.617987481446221 50.98185748811323
v -36.1273583190788 -8.025101991450192 52.88367484471606
v -41.95543229129942 -8.879117969537013 53.06745519018569
v -39.52404541274316 -7.561355921965507 56.048996373515685
v -45.624738099124905 -13.116238938102612 71.31469324650297
v -43.92847475388774 -14.176986842855534 75.00525457893096
v -48.807454678167815 -15.735522992719908 76.74945659619762
v -51.732536596523644 -19.57684835689446 76.97874906738485
v -50.99805018588094 -14.743938167709338 56.80150617301543
v -54.61085779799518 -16.12967890334499 62.55010947579676
v -52.87560879141219 -12.7306083797707 63.82975634958486
v -35.93181369019139 -14.60018811942659 58.0890133514167
v -39.07659119158586 -16.104122873550303 60.93682812849779
v -36.78396985675529 -17.673176619459205 55.413299645498775
v -40.05265524111525 -19.455367972110203 58.176173244930105
v -40.18870110411271 -11.494964507298938 61.67072731969012
v -37.21652303422493 -10.395795394912355 58.45595003837698
v -42.758471629160134 -20.06844702494685 54.486176295769795
v -38.84716996117694 -18.236962104036316 51.451128283304804
v -39.055244134451044 -18.745944439973208 75.74224596002632
v -39.51390482658359 -23.593721805866615 74.41866224716905
v -42.81129165420511 -15.394743835298712 78.93088300531647
v -43.92847475388774 -14.176986842855534 75.00525457893096
v -42.81129165420511 -15.394743835298712 78.93088300531647
v -46.938816238109084 -16.762280014129395 81.00716220994256
v -49.346201730311925 -20.95063561793925 81.44321284154971
v -49.6349896646404 -25.76276789685639 80.02132504007741
v -47.0196295686224 -28.476071567047 77.09783736854604
v -42.81546634778453 -27.88442922260115 74.8917910892649
v -39.758339411604624 -24.724796449828204 76.66860480749519
v -39.57653516615967 -19.23020262450151 77.67654181161288
v -41.08557960924512 -16.402316666553034 81.51074616700551
v -41.08557960924512 -16.402316666553034 81.51074616700551
v -43.4028513312257 -17.693278918461978 84.44526154107949
v -44.88939392622392 -22.09349620769757 85.6611881183447
v -45.663287731147776 -27.01040254444584 84.98728042788234
v -45.14347283357768 -29.70346633748494 81.6760624239242
v -42.116916612474114 -29.34917893235729 78.33474897333849
v -51.82981333528915 -24.3284497776732 65.7327047402984
v -54.52560551219005 -20.232555237609517 62.211076157226806
v -42.62552129504589 -17.308607809672544 63.85751099066243
v -44.32252197642215 -21.244583977276562 60.55763481687547
v -47.86562340805181 -12.179026688350497 67.92182826338329
v -45.67100848301622 -18.979385960517185 64.03448407240957
v -46.220197089724586 -13.659505639631078 65.2982152702279
v -48.15508284844845 -22.679480637968346 62.21264407763652
v -43.70607887693666 -12.929582224351421 64.41908577887341
v -47.65869311969541 -21.569272168312693 57.408490154940914
v -52.07581629361321 -23.110951324513323 61.79922255799582
v -50.33807923386506 -18.93420370332278 56.35062806856534
v -49.809224466994856 -11.026302844959645 65.05650145763627
v -47.65869311969541 -21.569272168312693 57.408490154940914
v -52.07581629361321 -23.110951324513323 61.79922255799582
v -11.794411756147559 -84.76530273956217 178.202802426502
v -10.338151201152696 -88.27922391095153 178.11139898598873
v -6.6926542793243025 -83.95144980157362 181.63503167951157
v -6.111561385659481 -89.01502104649245 179.54755814993376
v -11.341388207904542 -81.10031838763996 177.7395995519932
v -7.845120956242867 -79.27268637327603 179.50198964282623
v -4.1807977273669445 -80.22207435533596 163.55646314335553
v -8.851000774700053 -78.38576215900756 163.59246328214903
v -4.301338070179999 -80.03699557510778 168.864927523155
v -8.6909204297895 -78.01772595334968 168.8545560981633
v -2.047593051011515 -83.9042955187441 178.4778332411407
v -6.6926542793243025 -83.95144980157362 181.63503167951157
v -2.8391952105266407 -87.78191668140603 178.110102655894
v -6.111561385659481 -89.01502104649245 179.54755814993376
v -3.5763737738205155 -79.87164541069103 177.72517524761417
v -7.845120956242867 -79.27268637327603 179.50198964282623
v -2.290765442714809 -85.0109250459675 168.92541237615828
v -1.9726029678983488 -85.42025444695467 163.8846963398123
v -2.225002425742674 -84.41549693510687 173.18316746061947
v -3.292354382059527 -88.7925565335738 173.61720880649762
v -3.103753762699994 -89.46806192866856 169.40202928993514
v -13.921358297056145 -85.27377549437128 173.87524012912056
v -14.597504619571437 -86.13226486408816 169.75148951331835
v -11.18336374477017 -89.91534181425853 174.23919816048308
v -11.831070630984087 -90.81608278077263 170.0142271844835
v -13.321298004941852 -80.86051250454288 169.1736966046363
v -12.516038650774338 -80.54863860920783 173.49010411926528
v -4.036223513859166 -80.09125431499608 173.29200519428153
v -8.056797248169268 -77.65170392937105 173.63057424471987
v -6.813204909722821 -92.50878233276893 170.19861469465565
v -6.45179033531466 -91.56156739051592 174.82499281449626
v -13.516725699602151 -81.60044232408936 138.15473426323965
v -15.671881807839696 -88.00097246590963 138.4054342648853
v -13.926788646518075 -81.81042482667098 143.38659147676753
v -15.973263832307374 -87.91791407712311 143.78419981387455
v -6.681837991417666 -96.13906562471288 139.56172243640253
v -1.3893004179513362 -93.03075363895303 139.70163058346358
v -6.796441507728641 -95.84969344803163 144.70166768857231
v -1.424525379333498 -92.34075263983834 144.71753862781716
v -13.202755029589019 -94.08103489030198 139.04794371880698
v -13.365143768842135 -93.83748430468319 144.30137920655736
v -12.929079504902072 -80.2675236861378 113.04083435432308
v -16.162626971229543 -87.32647618296072 112.38912943612034
v -13.239368734753894 -81.67728880741018 117.69562074413138
v -16.16649433348096 -88.22161670688979 117.13143719689651
v -6.537796783010714 -79.63590297814085 113.60350622374135
v -6.070352655804041 -79.76002159278461 118.48835346006618
v 1.1424544920257267 -82.22036925562715 113.8723459303975
v -6.537796783010714 -79.63590297814085 113.60350622374135
v 0.648961440630591 -82.13217278531121 118.59151844504434
v -6.070352655804041 -79.76002159278461 118.48835346006618
v 1.3328709799471719 -95.24063335017159 111.45403740598694
v 3.80983000657599 -88.80793062950302 112.58429738016483
v 0.8625523604783234 -94.74562121663611 117.36887502088054
v 3.1603477711104055 -88.52282044412158 118.04611028298264
v -5.627122206721964 -98.5974222187638 110.99496955677898
v -6.339653124315212 -98.00779404927432 116.91321276519639
v -13.206960893999618 -95.65917010150518 116.85259530251285
v -13.170387732016824 -95.71137413084787 110.49856440250902
v -13.623260830261305 -81.59153267017385 133.7750489762558
v -16.136171328317786 -88.3677192825371 133.9486499672578
v -7.634001961821728 -79.32716762182747 138.5907334610234
v -7.412548339983137 -79.43402829290224 134.1796890197067
v -2.0008387794604108 -81.64995814095958 139.19935271916256
v -1.5235623871132296 -81.77925104800765 134.78044945637802
v -7.634001961821728 -79.32716762182747 138.5907334610234
v -7.412548339983137 -79.43402829290224 134.1796890197067
v 0.40349132562788464 -86.99642250333687 139.52639193200397
v 0.9442346128264099 -87.28792546456148 135.1324305064659
v -0.8218356162206786 -93.60961984330393 135.10969171474778
v -6.560015447414837 -96.4513217354677 134.8819540555599
v -13.405492456330808 -94.48496317840619 134.40444518956997
v -1.3535968627060995 -85.92944756732723 154.3606930617068
v -1.8443934194336264 -85.76101606225052 159.14926915951307
v -2.823369291411658 -91.11525437932852 154.68686545686987
v -3.275981722813154 -90.60193421010969 159.65380802218394
v -4.133183699827306 -80.42930317922705 158.7494254900016
v -15.460485369230032 -86.8153478078451 159.81417299020012
v -13.913405291517286 -81.25808895900637 159.29439319155935
v -15.98136907209112 -87.17636815997147 154.494250234497
v -14.202304915458576 -81.45559918819865 153.96027801093805
v -12.51844338965355 -92.28485325746774 160.2768816026395
v -12.969294293142825 -92.93426373501558 154.92955715994708
v -13.914622640140976 -81.26315368917977 164.07186434522455
v -15.242066606376275 -86.26796760091796 164.60504316642903
v -12.222377345512584 -91.81013946871846 165.03822447387313
v -6.844965565477298 -93.29096655505573 164.97875260030224
v -7.008422810276638 -93.66524167483354 160.1371868078978
v -3.2594305714405345 -90.38244736892968 164.43526402494007
v -8.75352265218806 -78.77531140024584 158.80062233278514
v -3.6885237710638714 -80.61421308702326 153.9334755992975
v -8.875344845697184 -78.99895900683846 153.75503390763282
v -7.053603340344966 -94.32947222111076 154.96354663031246
v -13.640061717567791 -81.44684242870618 128.39752715221002
v -16.422927447627256 -88.36071256836016 128.55618897763998
v -6.907268746145609 -79.5061180672557 128.89828630462037
v -0.8538293551371354 -82.07854494155477 129.54622254458448
v -6.907268746145609 -79.5061180672557 128.89828630462037
v 1.8167120671600325 -87.82839963223735 129.7973358654203
v -0.6901042642895108 -94.01912077530974 129.5300571765739
v -6.680066174028852 -96.79792335475953 129.2204989062863
v -13.560417554483665 -94.91584006042609 128.8420225271535
v -43.88991097046537 -61.849234455838406 84.11459294566875
v -45.39499526427913 -55.82486481374868 85.58242645396656
v -41.490965478394685 -62.087102601676726 88.96918465280571
v -42.92450216884875 -56.2609527467979 90.38140717107868
v -46.79567790068476 -67.81433147174316 84.81078649794334
v -44.46086082670815 -68.40509677782607 89.86896289076444
v -38.4688725387337 -57.43459986874646 65.90296281993888
v -39.47760494078499 -61.03154343654906 64.62568927758791
v -40.14176119054412 -56.19777479371845 59.46057018059914
v -41.253185542952544 -61.6386567486556 60.23634072815582
v -39.607682095169686 -53.72285591761643 65.9129931302299
v -41.07019881159098 -51.612525918264325 62.15325514485719
v -52.06781434560464 -69.6357074900458 87.41162661438334
v -49.669253193412494 -70.42756692220402 92.6856822641288
v -56.21313264894877 -66.91421817801522 89.90025071036169
v -53.90182691662192 -67.81292158803176 95.32752577276717
v -44.89064317875542 -56.388502004003854 58.061908683645825
v -40.14176119054412 -56.19777479371845 59.46057018059914
v -44.44555235921843 -60.734761533489504 58.44753522581433
v -41.253185542952544 -61.6386567486556 60.23634072815582
v -45.05460853729039 -52.18414014434981 60.086477581355
v -41.07019881159098 -51.612525918264325 62.15325514485719
v -51.65314290969383 -53.242522537257344 67.59857343240287
v -52.36605455012975 -58.24179261049735 65.51025832900821
v -57.15748200603379 -54.08243380431732 73.02200485632967
v -58.193379108391326 -59.18657541614216 71.4117321510854
v -59.40879922185169 -55.032110723915864 79.19296724345801
v -60.98470461376465 -60.114544668130435 78.43804245563166
v -58.1281371760623 -55.40935773591721 84.85456982093753
v -60.15643683441416 -60.667177879624624 84.8437360973062
v -49.18904164361769 -57.048590473895416 61.99272715192975
v -47.64808383600931 -62.07654302124952 62.12654523476332
v -51.096981849481665 -63.185716414677806 65.49501506505028
v -41.70258028391355 -62.828780034896795 68.26938179455755
v -40.234413449778835 -58.22602558179944 71.05022848908503
v -44.27320942181688 -63.93951259573788 71.70144234641718
v -42.685744312697906 -59.06807043979077 74.24859191408382
v -44.54589032218749 -53.375244843300635 73.5370684845997
v -41.854334932057505 -53.375000104422014 69.97477461174692
v -47.89323154628128 -52.66940462860043 63.936178454210065
v -45.10954322163598 -50.356453142875175 66.76684813445789
v -48.74710875588892 -50.88417076828545 70.44255564611163
v -44.69241336419663 -64.95871109686904 63.78517676636586
v -47.76077628048823 -65.92992873380823 67.92590862770047
v -47.13414324491115 -71.16544883526674 98.42571421299554
v -44.65953899812025 -71.84890859936885 102.41839699249167
v -50.96150818464281 -68.80785370034491 101.79009308507658
v -45.681653395798236 -69.62061906111488 107.27174002786607
v -33.37376313912412 -57.2320307527998 92.12499027924814
v -38.882952147398655 -57.03898833643507 95.02895396476832
v -31.271092300594294 -56.01963289325128 98.96254824100565
v -37.705483844732306 -55.321867343392256 101.69443070856387
v -53.34270777912288 -51.70294888220139 75.21644977518638
v -47.3343117441681 -59.62493090500146 77.91523729082397
v -48.94371962352026 -65.4905690702759 75.65029594406161
v -59.89618707801945 -65.30587408472543 77.63202813329066
v -56.40755947048603 -67.99780822135061 77.55658025846168
v -59.052438745516035 -66.10095108797162 83.64192179404115
v -55.22324028541823 -68.69433963859676 82.22948835568377
v -49.26442934604276 -54.16597845601677 77.26216945251605
v -56.744878563457455 -64.6228476005318 71.05419571582972
v -53.16043722580404 -67.21696311394085 72.73932516083171
v 14.235282444636038 -75.71082060958872 71.005736359901
v 14.77367976952404 -70.03407735487707 71.08217233870796
v 13.984513298522266 -75.07287460503017 78.90429579968067
v 14.272385670365983 -69.2005331795411 78.95939105610698
v 14.310581488380748 -64.61931578328023 70.77954777122054
v 13.746692562989194 -63.64928722520729 78.56231769497342
v 15.119689436861094 -70.67647642216168 63.53476884838907
v 14.29197300651703 -76.20355571216058 63.4686113380846
v 14.524342137315335 -76.5841278901347 56.13402304070814
v 13.36836383743454 -82.2123378039318 55.81061075026438
v 15.246456406076657 -76.9604875090027 49.014855596764804
v 14.014585148089106 -82.28648571888775 48.95908702713795
v 10.726563028881483 -49.90294292444382 67.73618081654791
v 9.716759114449344 -48.877041133138874 74.89573310527436
v 12.370980702663555 -54.57149109252974 69.18058011345882
v 11.716037796799812 -53.435222101544156 76.50597775395347
v 7.946502255163371 -44.16178308992584 73.15785764552172
v 9.066799369590212 -45.26816766409923 66.25924917478079
v 11.71821798833865 -50.814771787708025 60.88179576073226
v 13.005082190880959 -55.51395091162037 62.012321788620135
v 2.8832687937365016 -32.128715515216896 60.57520072247659
v 1.1495814099254653 -31.0206088965666 66.46044015628945
v 5.411074007091725 -36.337800377898944 62.67150575355293
v 3.844124102761595 -35.445396857210774 68.97628434797514
v -13.538387578406967 -49.98787148086034 97.37227596753364
v -20.96177617483209 -52.955422298615346 92.38712743432464
v -10.583528496433008 -54.53513964089801 98.0943576200133
v -19.073244925809856 -54.23225448929266 92.82730862666935
v -7.793078453807046 -78.8173237607079 108.09912259107593
v -14.583789687449427 -79.50349844237581 107.9724807989941
v -9.05388861865383 -77.31627248229526 104.78872920997907
v -15.561957318245522 -76.25218220476802 100.80831132078804
v -21.331549799403376 -35.77105547384952 84.91350626873876
v -23.222280171746366 -37.5824050869091 78.97489212061052
v -19.40549428070174 -37.73903891177631 85.96796789190901
v -21.057768337729108 -40.80095382782694 79.97484957746195
v -20.682199732301296 -47.447449011831154 79.8901683561054
v -23.608736564515443 -39.673822316161136 80.65714975660899
v -24.869381637674962 -46.17760659678747 80.50842592636866
v -16.68677291844987 -85.71077583532438 108.29856766516406
v -15.673135846348687 -92.94578991044804 106.3953257206951
v -9.375070275892218 -98.15931174238092 105.00175315697122
v -5.627122206721964 -98.5974222187638 110.99496955677898
v -4.2989548072518975 -98.92945915025558 104.94804767787029
v 1.9896636639034695 -95.67573769717268 105.68381785065066
v -4.2989548072518975 -98.92945915025558 104.94804767787029
v 4.419082518735698 -89.48736155496488 107.03265283040301
v 1.1990915407257552 -82.52298007191898 107.91299089151619
v -7.793078453807046 -78.8173237607079 108.09912259107593
v -9.05388861865383 -77.31627248229526 104.78872920997907
v -1.969139364546367 -78.27470406959037 104.53206974979487
v -12.44868302245547 -75.86818858850259 102.20654296241986
v -7.244497268585399 -73.5911815027315 104.12753096218727
v 3.697033061885138 -73.01266049482255 101.71899929151887
v 4.655857467693675 -78.79444227710461 100.67673176487163
v -21.491154545959827 -49.31541803777789 96.59163924450593
v -24.78465392794104 -51.954199320723944 91.77342688650306
v -18.321052396334487 -42.786116708740025 97.70271300216999
v -25.184702216874328 -41.562586226398686 98.45045947873926
v -27.681656689680672 -47.470048034655875 97.78591328885364
v -0.9226712636833945 -50.19057788645473 97.23733562110988
v 0.2692867203072935 -55.377799798558 98.60370173058098
v -17.85463242595128 -37.61674433274553 92.0812076125677
v -21.441585977575464 -37.39572448433805 86.04564665201386
v -24.398803333386066 -36.627661057445714 93.64006455722597
v -25.82478125674395 -35.53209618819389 87.9738413747994
v -19.915135522977003 -32.03228892846235 86.27231773767382
v -25.923247334976175 -34.78043332404271 83.70464443050055
v -15.081992977985868 -36.05869634483155 87.83544501691662
v -21.331549799403376 -35.77105547384952 84.91350626873876
v -9.479184266602537 -32.20483995808185 86.46185385051186
v -6.2953324809655635 -36.5275215256966 88.50148139420706
v -14.276485961033778 -107.56503687516172 37.307541149934224
v -16.83988515367529 -111.59262740965235 42.659675156058135
v -11.180069225994995 -102.81451833470848 31.618541847926917
v -8.723318252626871 -98.85557744434936 26.408128965723012
v -22.04256557416556 -104.69952210289752 31.280813265565893
v -24.210931915873076 -109.40298782447798 37.08390056467343
v -0.4287280238998298 -100.62021069110544 48.682117717178464
v -4.833080612404298 -102.55774780452248 39.913937223424725
v -35.96073144406151 -83.76174919645379 51.14840977234802
v -33.36173040000374 -78.2676246230202 48.725461774919886
v -36.22507800873671 -87.55087560195075 35.063484180675715
v -33.92325798908433 -92.95783971325764 30.18432078018493
v -38.704489742251255 -95.05939545510391 40.91278276975831
v -36.317945464416624 -100.08553171701837 36.47435255429559
v -32.7512595814136 -79.7343396857701 30.274053615573223
v -31.50193447863938 -105.47390669583541 34.74220146507429
v -29.254168642859263 -99.3403203073104 28.590003000864623
v -31.50193447863938 -105.47390669583541 34.74220146507429
v -29.254168642859263 -99.3403203073104 28.590003000864623
v -42.36474664618971 -136.19466106607098 77.0577064357903
v -14.321708873720377 -80.95959855988508 10.332616494825045
v -10.413890262553249 -88.22823750053652 11.3891245177698
v -18.084112679061775 -82.31265932787224 16.112690986529184
v -13.181840620365776 -90.44355222734588 17.035129178293257
v -11.522966970451826 -67.83697161317424 84.47816091424494
v -10.78090711504777 -68.24118053334759 83.50095356074533
v -12.512483319402211 -71.6420169554581 86.87208854290608
v -12.378564349834388 -71.42313300970311 85.30452593029199
v -20.568270858407942 -76.41575255253126 68.8798321950376
v -20.643956844101254 -80.16985936342903 72.93063236121978
v -18.767475016494636 -74.53014935127001 72.0841146332131
v -18.737272001940443 -78.56984040140837 75.66281260030541
v -18.988068720183875 -65.29593125457316 63.63309012449814
v -19.277490334214814 -60.08619063569383 59.4253674718595
v -20.877331041927807 -67.69104142917153 58.55235286102031
v -21.480288616933866 -62.82434865597807 53.10186167210791
v -20.62178399954389 -72.33327820301248 63.94000561468485
v -23.13917593933502 -78.40548679487937 66.00414477670995
v -23.743927160234456 -74.81548613147625 60.12112486079987
v -21.627168665872276 -32.31719771299007 66.82070599267607
v -19.706313976089234 -25.581869087877827 64.76696963425755
v -22.95422235648794 -33.05411221351572 62.84663458992125
v -20.47505120835372 -26.18411560851419 60.201057321684914
v -22.113198569775573 -39.50364240265536 65.23461219215793
v -20.239220968712413 -38.6696170570157 68.91808080795816
v -15.510281528159881 -48.90573058237567 73.4491341443034
v -17.847914533115556 -44.07980151078871 71.02379893597215
v -17.31297071255808 -50.13719769017385 70.45287189739219
v -19.437582329159135 -45.126091109393144 67.55055106625626
v -15.341555758762553 -55.07997380290259 73.13849210161092
v -14.130723253495267 -53.74653542713413 76.54977133348444
v -13.445715453476295 -59.959235738232266 75.72503135978744
v -11.59179142849199 -58.45945042208642 78.31012378757961
v -10.701533450958346 -67.23582464477111 81.73272538120841
v -13.562457344471614 -73.3989991493507 83.30819646603679
v -12.88506387633532 -69.10559917486175 81.04546063847154
v -17.63824667977 -58.21733294917931 64.48352305198598
v -17.12332151250413 -63.354217506964225 68.14231020746115
v -16.51398756554868 -56.52446112455533 69.07335175252385
v -15.69018199841337 -61.607867370688865 72.20550755899427
v -19.979677562101845 -52.9404560447782 61.07402268336739
v -19.236876997497774 -51.44261917391671 66.03152957268513
v -21.1472891024461 -46.356572761970085 63.26016990266346
v -22.559070079569867 -47.79669053096546 58.24182732858878
v -24.710618951912558 -35.140363164929674 52.846899022830215
v -24.681062838032133 -41.934148424718515 55.52147844560593
v -24.17427576069176 -34.141500452611226 58.18521644145826
v -23.63513294320213 -40.72473657860241 60.760547903071526
v -21.02288261203112 -28.155485583130826 49.58120241892794
v -20.92282207452105 -27.072939423679372 55.14130268541099
v -18.773264182025407 -70.14320471856766 67.94312072446557
v -12.219162931825906 -64.6579626238003 78.11927601658341
v -10.672763506256372 -62.98413238416354 80.12677174442872
v -61.84192750565496 -144.54739101726366 88.51826876976988
v -63.691549182879044 -145.8089977477814 85.69407826565454
v -64.58512935440588 -145.12534711180516 82.2252217272341
v -63.24681931286788 -144.70681037035757 76.89387473488826
v -63.925124025625294 -142.1153121204772 78.75256086889098
v -60.74918445222486 -140.2681786300774 73.9793087655689
v -62.0234007050362 -137.77784404114078 76.2380370657419
v -47.075327200899686 -118.70876888927646 68.00980392037853
v -45.72211166362183 -121.5591579930192 65.48186775180714
v -51.33116304509584 -123.94841283151875 71.71490819009567
v -50.001972772007285 -127.00549793739363 69.34971116362487
v -52.89746925254945 -131.73882042816152 89.38438808706515
v -50.09822406283619 -133.89355266197396 90.78922400280639
v -43.83264546541184 -121.90578270885106 84.14341151310282
v -48.05518546315942 -126.88670898546346 87.27367892996895
v -40.46172911499005 -124.02283531404916 85.11319505788289
v -44.97127257077623 -128.92247634141816 88.43906827917228
v -57.03088175329772 -135.4199508701477 71.66453394419611
v -58.834104093524594 -132.79204887908907 74.10166344666317
v -33.994526970557565 -77.54495518642963 38.71902966656525
v -29.558506689128755 -70.16948367703162 36.066894507840786
v -29.289429060261735 -72.67481649255721 46.44053565061003
v -27.464939442551035 -91.87931342417562 72.71610219692363
v -28.87524822887086 -95.2801029093552 73.16033454611558
v -25.144899617732147 -94.22326327788207 75.48132578900955
v -25.965320632761067 -97.5004118979777 75.44163825232691
v -55.158689877821296 -128.07271639294672 73.3868332802325
v -53.41455130693449 -130.9012238527878 70.95174707555941
v -17.369064237128 -84.377833385059 103.37362291175832
v -16.506861351914587 -79.72116994008871 100.95533673331155
v -19.591496119002105 -58.34514782150071 87.22964578070724
v -15.573302760384145 -61.19192381915206 85.12123095685773
v -19.05818065946935 -66.00662586494575 87.43626497294329
v -15.321179110884254 -66.6921613240609 86.87031877734768
v -18.223544820148494 -43.65156831337547 78.80174079723723
v -16.974457261308217 -48.72715347439003 79.38051553046388
v -20.555446932908218 -39.37631167713852 76.67857864141313
v -26.479003845558722 -29.173149695856175 71.84749044607031
v -23.337324762741204 -22.77400806870149 72.76839791128887
v -23.140372960800352 -29.432083548938202 72.37159124742841
v -20.04422646611243 -23.077772541033724 72.98368359587836
v -3.0754346190592017 -99.13261893924084 98.49885887536861
v -8.746272695365525 -99.2839365258524 97.90885502104938
v 6.347143224943494 -90.28588902062415 100.35831104194054
v 2.968879402182968 -96.23585220079224 99.16219066503407
v -7.456540622275586 -107.11212972182531 63.90672775851147
v -3.269326806112846 -104.41971097588926 60.67444064482876
v -19.61012035046754 -98.58352873475586 78.59897000868433
v -19.88586078669832 -94.60932788799282 80.77147071956215
v -22.51271534162788 -96.6816485687569 77.55938111285595
v -22.34975535581775 -93.49018175292746 78.09598780700335
v -19.480358827027928 -101.66297093196346 76.77577620384098
v -23.059369036881023 -100.02903984383764 76.8093256304758
v -19.96874690436634 -104.86547583763422 74.68703565934679
v -23.693083213188746 -103.22219357832232 75.77690908695007
v -6.6667581078527975 -103.54621198889438 74.18023189771499
v -6.721394518105043 -102.10185591621347 79.31898394940008
v -11.195303994853232 -103.51375307994385 75.325099635641
v -11.187551064553817 -101.6543584670741 79.64832500786706
v -7.256624718231623 -100.95345287923048 84.93338269675623
v -1.8119462941293616 -99.92818301326047 85.2004569412245
v -1.6938925790589352 -101.07176407935349 78.65208900427521
v -1.8652419303058916 -102.20675779910064 72.8067825302429
v -2.5170197159890897 -103.32699238015408 67.00002543771397
v -6.911488431401869 -105.09539203029777 69.28455670733219
v 3.9928594702609566 -96.78810673059856 77.378628461
v 4.218632033903123 -96.35361042151884 84.96860431137021
v 3.819138809275972 -97.61809878286711 70.35841647168155
v 3.262380562889501 -98.61858235753552 63.59818428880792
v -59.193953916730244 -134.95554257490073 87.09599342763889
v -61.297596780225554 -139.18316626851836 87.49092720779593
v -43.47578310184909 -115.91176269390022 78.47941171104526
v -59.10766726486945 -130.75533530277738 78.01791682168273
v -57.98894313590555 -129.94016793078134 82.38009744877287
v -55.0919975485101 -126.23521355648249 77.01648990927568
v -55.749000350414306 -130.40085993578643 86.25621510063577
v -25.471193342707707 -83.56295363383424 68.64975577181463
v -26.67062536268744 -79.79532820839123 62.96135388703322
v -27.9797765216645 -75.97157781780113 55.11946828996138
v -37.97913467065645 -89.80086835556472 54.6921448704097
v -63.45761885835538 -142.36650142556343 85.30063500463959
v -62.42950761830649 -142.15544893579948 87.30847018067995
v -64.20554230769604 -142.35769470540123 83.13062186823151
v -22.803418852056613 -81.75660547212848 70.50341632472038
v 1.9954358103541694 -99.48646577822582 56.7733829649722
v -6.300503469806692 -95.45401763268212 20.927645071717972
v -4.0436812724236635 -93.14105660778657 14.817045711520066
v -1.4976157893073216 -98.04620094246351 34.62288511574058
v 1.0031095836208272 -94.56458772268007 27.637572236427104
v 3.374991701914312 -92.78290979110038 20.049418595767115
v 4.680146959662186 -94.27106754405182 44.448567447644145
v 7.548884653158227 -91.13450756977602 35.01259846807965
v 10.686232110795821 -89.09564549819426 26.375269133960195
v 10.73741304657059 -87.85150913339488 47.21621982501362
v 12.513845131618316 -85.98245345914714 39.809933763721894
v 16.330709359642807 -81.43779689328505 32.434272565962345
v -10.48019132894747 -27.51532028218272 83.78454424743396
v -18.454690630918062 -26.940442625771816 85.04688237195936
v 1.2855411492542075 -30.057747045590887 40.99311582372924
v -4.4345366578910115 -27.321085008125735 40.38638566932253
v 0.4497540967512495 -28.88427767772255 47.33436484690262
v -5.277115075074293 -25.95325973202491 47.032817855486854
v -7.37019881103726 -23.7494126466093 58.00678949900516
v -1.8870593732408583 -26.717021738955047 58.65720417913221
v -6.110909296273941 -24.841440016756835 52.82464977746506
v -0.639061825918781 -27.767248703687535 53.28713452647186
v -8.936226220870706 -22.737745585448664 63.64679944244818
v -3.27374930779558 -25.789815787753845 64.47687967540224
v -11.528881812335856 -22.86861749665359 79.65783316728763
v -15.806641045340887 -20.655850691196385 76.27227564951977
v -17.63074551430294 -22.205835069214316 80.93560047493797
v -19.827959981671793 -20.3897665310366 76.70907888374944
v -10.974628319583873 -21.7420874636772 69.77982001601201
v -5.546050371634727 -24.414810542470683 71.41162897171355
v -11.999937139222244 -25.737198849915274 40.95993142685768
v -12.569740476578016 -24.44973180485035 47.301672113749554
v -13.905252086152759 -23.05403712184353 58.42284703017438
v -13.213451090563703 -23.620944629460446 53.12548151933955
v -14.456979039905564 -22.71055475973126 63.428247175955924
v -13.905252086152759 -23.05403712184353 58.42284703017438
v -14.456979039905564 -22.71055475973126 63.428247175955924
v -4.079242192279547 -28.8259274976434 33.23840315718434
v 1.808506918809849 -31.95474269822551 33.7221982769586
v -11.700674399122175 -27.534335154904305 33.85948366658712
v -24.373225687953337 -70.71513271853142 53.01178038701593
v -25.12310228160844 -66.40388235895006 45.82861920119194
v -24.971414322538234 -36.816724444251335 46.88379629980916
v -20.766864210183872 -29.56329809512394 43.35322461654916
v -24.775006317511757 -38.35488151224219 40.19416949722747
v -20.606274811981066 -31.288117944163808 36.628099217642614
v -11.999937139222244 -25.737198849915274 40.95993142685768
v -11.700674399122175 -27.534335154904305 33.85948366658712
v -4.617661215061547 -30.444901887774833 26.538114440913013
v 1.390011910311434 -34.169759779515324 23.058820623778765
v -11.820528176629235 -29.309687717148634 27.905900651424844
v -25.425697400726165 -60.9120560784871 41.058916702898514
v -22.820668041154406 -57.483405522807836 48.468971125045975
v -24.68792064067013 -51.392452070514366 45.666946290620935
v -25.80946449177225 -53.82046711482601 37.5785914989988
v -27.011857723604138 -63.26743138001075 32.76545564874349
v -25.98329174545285 -65.85680049713547 24.244276327309127
v -24.52973540518169 -40.067403772485704 33.173195761738135
v -20.373851997243815 -33.105599520568134 30.213557757535476
v -11.820528176629235 -29.309687717148634 27.905900651424844
v -16.44473442452238 -59.39264039725171 8.948893941893319
v -16.955247479900283 -66.61130108381955 9.918858187875086
v -20.741212598087564 -58.4885467622578 16.518299473992123
v -21.520429047258656 -67.52930698724836 17.347030945004054
v -15.890770903263087 -53.192270677685244 8.618396832090689
v -19.819229128989598 -51.902014058976334 15.054832441293401
v -14.259776897260313 -47.345094794795656 8.307944259319266
v -17.996114712539477 -45.36409561565853 14.230470410762724
v -15.2146749318237 -39.71919729631688 14.083663553657942
v -11.767510257539096 -42.1172159999103 9.253380059321712
v -7.981088863303693 -32.58858248875112 19.584086201310754
v -3.9996844162584684 -34.82867385343749 15.707831144027267
v -11.701631340153645 -35.407814715931416 15.48289077842669
v -8.442529646336824 -37.803520462397586 11.579032630283752
v -17.920406794218145 -74.11328340911672 12.12081471446829
v -18.084112679061775 -82.31265932787224 16.112690986529184
v -14.321708873720377 -80.95959855988508 10.332616494825045
v -24.71163065229959 -57.20831556850213 22.249269551967295
v -26.37297466009393 -55.522202404787144 30.095138511283388
v -12.807788040301052 -31.889990498607872 21.530551596742686
v -17.847831040407268 -37.71365249725558 17.798544717925502
v -21.556551496807668 -43.68632202370519 18.852239827125576
v -23.69388945566572 -50.29797992669183 20.598430608981797
v -23.749700789627088 -41.85750596718873 25.494563353036487
v -25.67777446177003 -48.5958088877113 27.942936326914893
v -19.759488939518913 -35.681050106976116 23.248486894839044
v 6.212093036775841 -39.61685646816011 71.22546277238409
v 7.403257753078922 -40.72313323502723 64.56410668027621
v 13.14157720868684 -58.357634015597576 77.82216257900788
v 13.549160737854637 -59.434679896377986 70.14992914729342
v 12.847516172212533 -80.92192824637883 78.5082049394594
v 13.132529149587493 -81.46756722062585 70.70595531861149
v 10.191969161793171 -52.282113816039896 84.26531301879432
v 11.787147149144522 -57.21810068400937 85.7071489831759
v 4.511212196956695 -38.337632033032534 77.96456221033377
v 2.1068213874307142 -34.2414603837796 75.40161862853975
v 14.537692176588548 -61.02717597595949 55.950548976296936
v 15.214947778921676 -61.49105725214741 49.65523723055711
v 13.716451185646982 -56.34732548998582 55.13886756177835
v 14.518985354549804 -57.22796141424692 48.52577795018484
v 9.959218333944046 -42.46187514811098 51.921959567120574
v 11.041602379307236 -43.27049059712836 45.99555762534936
v 8.274791241160463 -38.07522716388857 50.42518019372838
v 9.541171203134233 -39.21466602348486 44.22164144363862
v -10.590316234691668 -43.40130689717175 97.52219113827185
v -0.828566548371587 -44.673340961154224 95.55078985747792
v -12.444975756666203 -38.37426711989414 91.97249273165015
v -2.447143061548307 -39.923253868139184 92.05409435727994
v 12.658395821352475 -74.36724283233725 86.9888519664995
v 11.91720614817747 -80.29214449367653 86.50664786188267
v 16.300066917905905 -71.3112873316534 49.13294796977848
v 15.541749647354344 -71.09372135249083 56.31110757660958
v 16.061008923668226 -77.7580530605934 41.736547339012986
v 17.212086083292657 -71.19176800779476 41.62399193622211
v 15.587560078371961 -58.62031660909715 41.95946205411016
v 17.24351876961965 -62.146006221102 34.312945247596865
v 14.590506235486341 -53.282257364171144 40.19809951145757
v 16.275599897126423 -54.15028516770603 31.402130831280925
v 16.068449986637244 -65.94780880912982 49.43161136259383
v 15.478199618186354 -65.83961936999984 56.2714820883361
v 16.70249614434649 -65.2343025608109 42.57374318008085
v 13.444572076510882 -52.4636080029759 47.3268385895678
v 12.57631170706807 -51.67019211325851 54.11112744841053
v 12.25830595465975 -47.564463678075775 46.52635159702654
v 11.284002956637014 -46.988447390885554 53.0386638429812
v 11.858170810209158 -43.99440130148318 41.25502501304294
v 10.996183547250086 -41.29993337488137 38.00232090775536
v 6.980236952221406 -35.01789253472622 42.49547646729801
v 7.909108529234931 -36.87380736982089 35.33239781984028
v 5.598833132157935 -33.80477857283155 48.88211436102278
v 3.4084125940123458 -66.81750374921133 102.66790613265324
v 1.727931804802088 -60.08768697557051 101.29695616970507
v -7.971513627965891 -65.85087111143176 105.25031300448646
v -10.322810682775938 -58.020077139336465 101.88622012324355
v 13.41086860179852 -68.34324020659813 87.25335700716298
v 12.503041241566883 -62.58689071873327 86.64498922522019
v 8.226324518079538 -91.16127444770015 85.10984840608208
v 8.069816128879317 -91.52527839134245 77.09322696823492
v 7.844503583468685 -92.23711880720228 69.24404837783727
v 7.387104825381942 -93.16242008781117 62.0195447506677
v 6.412289324878799 -93.73460251794917 54.55666403129904
v 10.630687334085932 -88.0127297560863 55.024483316284844
v 10.914622696589063 -87.70923154856257 62.57012537629464
v 10.975049356222884 -87.11339100197384 70.10262634966722
v 8.346877502049779 -47.53820120904287 82.27206464838105
v 6.370497552883256 -42.8424133832179 80.18297644952207
v -28.428491194183394 -22.40249234694795 72.84474450551879
v -31.243437405114843 -28.156008698905467 72.03813849934845
v -19.827959981671793 -20.3897665310366 76.70907888374944
v -25.2148480559655 -19.76482083632704 77.14690212317308
v -23.429626759587595 -21.210147094752465 82.10327052619256
v -25.2148480559655 -19.76482083632704 77.14690212317308
v -24.629644176657294 -25.84233441312972 85.50929000194995
v -27.298619810602997 -31.028762723596287 84.99365292412413
v -30.67459602223598 -33.96881436429943 82.14607660868384
v -27.784790727114892 -34.384642251916695 75.02181637482336
v -23.02986734484998 -34.96664576340997 73.95003985004732
v -26.35113624236198 -51.320072192589315 85.14806227518542
v -24.78465392794104 -51.954199320723944 91.77342688650306
v -31.588052641908934 -49.577823190472024 86.21210211004895
v -30.27750209889696 -50.204071484063064 92.79342281592406
v -21.441585977575464 -37.39572448433805 86.04564665201386
v -28.192195551603934 -37.92486634600101 82.5772025365606
v -30.57558162531441 -44.409449788610985 81.7164040405336
v -22.579579018966655 -52.17680377405295 83.64116228441036
v -30.27750209889696 -50.204071484063064 92.79342281592406
v -19.40549428070174 -37.73903891177631 85.96796789190901
v -35.2988028805374 -27.261310439866 72.63408131425226
v -33.076847009553454 -21.35755395698623 73.53889973441211
v -31.207606416730446 -18.65089225935111 78.28147859073053
v -30.34791338499685 -20.02956283910072 83.36259727938175
v -31.208817590911462 -24.897716053284896 86.33587200465665
v -33.27581542652892 -29.96359113343329 85.45244242128773
v -35.20679440908843 -32.81539818810302 81.60246787288686
v -36.109250683756926 -32.05976402343007 76.78987542821311
v -32.272053281633035 -33.21241684223254 76.18126887784605
v -16.421259840774425 -88.48945662343914 123.09643106017957
v -13.587755883359275 -81.5153667891176 122.99535407122633
v -6.66223691354299 -79.6318507423445 123.64865939013508
v -0.4382192509177277 -82.21197573647984 124.08480780928218
v 2.5813407817497636 -88.0107214817451 124.23825157632703
v 0.09871427999315341 -94.24000571494807 123.82849827318199
v -6.581012214501223 -97.29284280013555 123.41042346979597
v -13.489583983689549 -95.4249531893074 123.25568910162218
v -34.82186797393523 -64.50700389426225 89.50146446849092
v -28.592416599200693 -64.59948368734422 88.14525757961394
v -27.34866214445325 -57.712444136800606 90.56742996355513
v -25.342782020240644 -56.344998003391524 97.3086364996877
v -31.271092300594294 -56.01963289325128 98.96254824100565
v -29.85118760497265 -58.23951161533026 104.85022070802178
v -25.342782020240644 -56.344998003391524 97.3086364996877
v -23.390794660125476 -58.41436529415027 103.27895451220442
v -23.134953697203603 -64.89289490666133 106.67352294714473
v -29.55170033823214 -64.27911687734368 108.15256657084778
v -24.890327595918894 -71.84913131385777 103.74292355189755
v -31.20845441369618 -70.74859349589521 105.39783013993149
v -26.632967497494185 -73.83462673439574 98.17531345465704
v -33.2686214224554 -73.12801901613683 99.77174323325123
v -34.695598408322205 -71.1047179076468 93.166823706911
v -28.000371612120585 -71.27757824526937 92.63841877449181
v -25.82478125674395 -35.53209618819389 87.9738413747994
v -26.87115480187696 -119.24820272206509 75.05829642791014
v -30.179560326062795 -116.39236484301946 77.72149926395508
v -25.770946840332613 -122.25276511212168 70.19633631693732
v -26.87115480187696 -119.24820272206509 75.05829642791014
v -27.784494954455035 -123.31826025946133 64.76601863790361
v -31.638818416962337 -122.90985137696676 60.227513300223656
v -35.334096497394114 -121.53636859638414 58.307109641093
v -35.334096497394114 -121.53636859638414 58.307109641093
v -38.676862678133574 -118.9150938304868 58.12591001549278
v -41.64142745452913 -110.28508224517552 71.63094629321817
v -42.86921892524174 -110.8338558892857 67.14525251268826
v -41.87877367837613 -115.5168454843429 60.00187211362566
v -39.73596970392647 -111.21682620056691 74.92098827573459
v -43.07294133616875 -112.64626991926254 63.624857770632275
v -20.929075677197464 -56.570408642085525 94.97160121577564
v -18.507531573210027 -55.97761388921141 94.21591695127337
v -22.733520117166304 -57.82568238487684 88.37756850112564
v -21.849803065835456 -72.2226070097489 93.4101693925297
v -19.64333818162802 -74.84779182524548 99.31433730139194
v -26.632967497494185 -73.83462673439574 98.17531345465704
v -22.277791995933015 -65.57861549766923 87.6923281803525
v -17.81731770594206 -72.81742349753293 94.30353317383147
v -16.746180719596303 -72.80604290026136 103.74631532166455
v -19.64333818162802 -74.84779182524548 99.31433730139194
v -20.929075677197464 -56.570408642085525 94.97160121577564
v -16.77574754042139 -57.97830253296237 102.20083082218154
v -18.507531573210027 -55.97761388921141 94.21591695127337
v -16.25799744491654 -65.65807408765511 105.66773156424583
v -41.610857426928085 -56.750406014775066 95.82645578871116
v -40.47611471963525 -62.62911394614352 94.20144398696658
v -42.88101963757991 -69.10728459619192 95.09708733263716
v -41.48324535515657 -63.19030676610909 95.7777588119339
v -41.78598985462824 -56.86445262063711 97.60331555877517
v -42.69015296235392 -69.88250727521964 97.6661724343204
v -46.974294295977735 -61.10884362500762 79.41611585131238
v -50.02717383270551 -60.576395677223445 78.40493120761225
v -48.63150536758083 -55.23463730240064 81.09870928645562
v -51.41168683021739 -54.73783254470371 78.67216847547179
v -49.96405789636632 -67.21956579940354 80.008539593169
v -52.23270375380682 -66.35595477549472 77.48229944588178
v -52.17492072678784 -62.422219535122345 103.39185391213174
v -50.20836105032792 -56.67972263511689 102.50667282105167
v -55.23005408022763 -61.90497405253795 96.51214871736761
v -53.212404208283814 -56.32785993758031 95.99438371148749
v -44.599967141141065 -56.81155789492284 107.50103846722034
v -45.48989446118571 -63.09888864075474 109.34578622785523
v -45.68228934788425 -54.16909302396237 99.31668039627746
v -47.869836923732066 -53.84235353294495 93.48867976166434
v -43.33979307026582 -54.45303479302656 102.79448400249161
v -45.68228934788425 -54.16909302396237 99.31668039627746
v -43.33979307026582 -54.45303479302656 102.79448400249161
v -55.524456567012145 -52.454182533470004 79.52238222317618
v -53.32140107458843 -53.05926760682331 83.51823926355634
v -56.40755947048603 -67.99780822135061 77.55658025846168
v -55.22324028541823 -68.69433963859676 82.22948835568377
v -39.96120136865081 -64.07644108215457 92.7668307876551
v -37.705483844732306 -55.321867343392256 101.69443070856387
v -36.78479717622642 -57.549312072919726 107.09404783832852
v -36.61101450731028 -63.77219153231879 109.70781566601701
v -38.10024998630456 -70.17969172903781 107.23155199789655
v -39.500938178217986 -72.59853439305142 101.71179878365955
v -40.079800093366046 -70.61882124193195 95.85564722698642
v -6.66223691354299 -79.6318507423445 123.64865939013508
v -0.6367685966142191 -86.11327226384596 149.48010022783214
v -2.96112765546986 -80.86192730643538 149.03133341429316
v -8.697999269944123 -79.0872830175241 148.6728547207036
v -16.204834392635938 -87.51902986320468 149.03662169699712
v -14.299936305074311 -81.70628951887292 148.60811126438827
v -13.205110598223868 -93.6741924638347 149.5897398598453
v -2.1376669646790414 -91.89391244012157 149.74031625363526
v -6.704591366657745 -95.1619858241347 149.81543487407316
v -2.3792218220022936 -81.12586188063162 144.08523409044957
v -0.013419090359303998 -86.40503551993922 144.4777484837138
v -8.201895774309993 -79.12060450457196 143.61224112469264
v -33.465945576711434 -36.162485219466355 86.29244982273835
v -35.49244206294953 -42.94357137819297 84.56732719789537
v -32.275166211420505 -34.01908569269606 91.14378196161437
v -31.579554304958158 -35.46772256422938 96.00014332162831
v -32.275166211420505 -34.01908569269606 91.14378196161437
v -31.806857964712123 -40.25492100192829 99.55283187066597
v -33.73074472949312 -45.82607186086892 98.84685707111957
v -35.8169071471237 -48.735960352988414 94.45388721336145
v -36.57420969736824 -48.43580287445678 88.4612933902103
v -55.193392345348386 -55.80980181558151 90.74944388883874
v -57.43572040798707 -61.29474758018195 91.2725287344626
v -50.15696695245556 -53.52687268870656 88.40544465150974
v -42.462469602782456 -29.600379747591532 90.97991465743036
v -37.47864660813398 -20.069998496431175 76.09606313288317
v -39.0277078491737 -26.012325149144367 74.89012238664183
v -36.82159022690307 -17.50700808187439 80.47832981499538
v -37.10899850327119 -18.76465218284475 84.91122022235766
v -36.82159022690307 -17.50700808187439 80.47832981499538
v -37.63325223436901 -23.61631541515007 87.17724207993032
v -39.24678233253443 -28.71707937928948 86.40211344819647
v -40.179647828244114 -31.307254440106234 82.50244680701913
v -40.20709888895415 -30.91868283926943 78.62548287187057
v 4.2316397918855175 -32.83719410373441 54.860765609880474
v 9.067020587096215 -39.01020471987361 26.427275039252827
v 13.559856447725789 -45.28714918725454 30.90271423800306
v -1.0562623846440966 -29.560560278486115 73.00902908020032
v -9.103469079355715 -81.56233333750295 -19.604741548950386
v -4.409895359064307 -87.02028754837286 -17.961895401033345
v -9.87987590690148 -81.17216001252379 -11.866188404619747
v -5.230284809008036 -86.97167213274375 -10.193875204203943
v 3.438434819085581 -91.10451176082553 -15.253034828201722
v 1.7174210081341013 -90.78613137022234 -7.519972837467019
v 11.54539301362465 -90.75443802329339 -12.429427955361525
v 9.65136553267245 -90.53544558497545 -4.438724891477945
v 18.54127937845869 -86.0635060587671 -9.969156311726755
v 16.837647772978894 -86.30335667416715 -1.6061886748670733
v 21.536265623912232 -63.048397497749505 1.2598521005411785
v 23.273786266964787 -63.02603870928545 -8.210491629665771
v 20.81932932257756 -55.54417442294515 1.0576132790811945
v 22.171375578778406 -55.972110153012956 -8.631889305689581
v 21.689401608343733 -70.87911812003023 1.167405511811395
v 23.38144015143734 -70.52300822861548 -8.12162089607215
v 22.55925786437592 -78.29383884005985 -8.486028667361332
v 20.85749635295956 -78.91654683755824 0.3475102136451316
v -11.869868220620868 -74.91565274883614 -20.57006900334906
v -9.103469079355715 -81.56233333750295 -19.604741548950386
v -12.529764720064795 -74.61965382807996 -12.875362515117581
v -9.87987590690148 -81.17216001252379 -11.866188404619747
v -14.253434970107879 -61.72963322565431 -13.62291702116019
v -13.655823451713442 -62.38764003010039 -21.133065167528517
v -13.823446678600138 -68.14935815832257 -13.405061834284103
v -13.137232852854337 -68.74872423270125 -20.987063376348086
v -11.57288817393102 -48.67537347636727 -12.836120908443625
v -10.933780691185925 -48.69587784119801 -20.202033274068295
v -13.658571672697313 -55.328017766984175 -13.491846522653915
v -13.252412135989784 -56.107933780963606 -20.971626114095248
v -6.8085342994112334 -87.03965835658958 -2.329593562244693
v -10.988649419435538 -80.76741803321272 -4.14534904380813
v -0.04728671662896505 -90.99433008037036 0.4812430177625962
v 7.769106260509591 -90.9465301164605 3.957885832924231
v 15.124866864617843 -87.2654740102771 7.383499486948213
v 19.766468560177426 -54.74995320861056 10.895397338217865
v 20.258341448404103 -62.82798182096175 11.619560518532287
v 20.564568268233607 -70.96862285357524 11.382397593946068
v 19.729425785047063 -79.40392425638213 10.066885944588675
v -13.165316455847435 -74.02688058556723 -5.344103149396075
v -10.988649419435538 -80.76741803321272 -4.14534904380813
v -14.19345785388998 -67.45298550546089 -5.943491457209064
v -14.471087344959818 -61.15549572555258 -6.225384370529268
v -13.91263876032374 -54.753700525328235 -6.113275603196404
v -12.116011696303028 -48.455366767004065 -5.51275135666484
v -7.615639228299026 -43.26786262271675 -11.413864452350312
v -8.546518895711595 -43.317080821508384 -4.175044116418294
v 19.234351423967773 -47.13089438718329 9.462680205476783
v 19.398015163078778 -48.17804609967568 0.007308316507810553
v 14.63177347596275 -40.29135666876438 6.890895612248003
v 15.690062012380706 -42.38920222763013 -1.9534689440227557
v -12.268877534431857 -80.40044494868332 3.1203417722929854
v -8.578738650043848 -87.23256665675633 4.884703121904886
v -2.1018964800444544 -91.75263502609754 7.941278475304098
v 5.626508817084604 -91.63916374155293 12.221570730988223
v 13.05082961608129 -88.06385366365285 16.723048263665564
v 19.04534533477876 -62.4457497524776 22.26724506212207
v 18.077339372557752 -54.36464783023916 21.18423206814004
v 19.604195284007858 -70.78738787825822 22.05153983627383
v 18.309837391244027 -70.49429181369841 32.547076507429345
v 18.601310475123206 -79.95186088214652 20.59417658409405
v -12.268877534431857 -80.40044494868332 3.1203417722929854
v -14.438647277604456 -73.49321930376904 3.302467136011886
v -14.793630871839339 -60.36866929646831 1.1709151947974574
v -14.746367760236526 -66.89273588880243 1.8743507820503171
v -12.831708890030647 -48.14538452249167 1.4442907555064082
v -14.348810700796976 -54.221089415367715 1.0887006370867285
v -9.708618460671975 -43.01380144130122 2.707631905137099
v -0.6631818839207687 -37.4409112396862 8.730603524187753
v -5.510942513855602 -39.41847425356701 5.226426732976047
v 11.457129133200995 -40.364092519357406 16.361388074492506
v 15.961254833629827 -46.506771949430686 19.43330049253667
v -39.49325953458785 -99.91769504390757 61.282087631219234
v -40.3240597052822 -105.03973172935969 64.75274640783523
v -36.38278557262471 -99.81247031002302 67.45538361888981
v -37.9090368125352 -104.68116329885987 69.41290614927114
v -21.91376611849913 -114.29395576263764 71.87772265778639
v -26.35299148174481 -112.14346733659804 75.10581397680515
v -36.06429243217949 -106.12264937948073 72.71758134276052
v -21.91376611849913 -114.29395576263764 71.87772265778639
v -20.79047349575624 -119.10367943228084 66.76305690677424
v -16.389806420151935 -112.61742218962334 66.75187440186309
v -16.90729735593367 -116.66269658520007 60.958458292087776
v -23.24578855121511 -121.02407328847556 60.18114671682151
v -20.421900510525415 -118.06825241439536 54.25570272996132
v -28.003528817402856 -120.44384819328107 54.73557209990802
v -26.931072579482173 -116.85225730790984 48.82196765313239
v -32.808715288602926 -117.94215084275639 52.933197857634205
v -32.8537879874432 -114.00169544665299 47.194210568746364
v -32.808715288602926 -117.94215084275639 52.933197857634205
v -36.863203547509414 -114.35262889064151 53.32677379478678
v -32.8537879874432 -114.00169544665299 47.194210568746364
v -37.226828959951916 -109.85753677130899 48.06116889872932
v -12.183944029237747 -111.28718366160423 61.85603880371762
v -13.804831666790959 -114.1191528865655 55.1888647739762
v -18.91588091057264 -114.9914748479649 48.00041094903328
v -26.06788711634811 -113.15288716924496 42.529761092154644
v -32.76200580969152 -109.90091242626232 40.53423542400879
v -32.76200580969152 -109.90091242626232 40.53423542400879
v -37.52397146272317 -105.33442371849597 42.31392255861467
v -39.06200744433468 -95.27380309747107 58.48753423002109
v -34.053495184011545 -101.28145708875695 71.55389229878396
v -31.752963212081703 -103.08186783397016 74.68795217774017
v -34.20150650280981 -107.39565377561155 76.15519224518198
v -28.494391154315032 -104.99183960019721 75.89581730263751
v -30.811253499971073 -109.31896342219648 76.73749517443221
v -16.017874999766363 -108.7460557237641 70.11177979512351
v -11.633618596208873 -108.0902406030939 66.98819711832444
v -20.267717138197256 -108.3649475867233 72.83381703036943
v -24.636263385912567 -106.91674698420223 74.93346870366231
v -15.123280083582307 -22.61235671134427 69.10490913964401
v -18.989569836639795 -25.279494880127658 68.32884807256322
v -20.585925529174236 -31.499165530576164 69.87728615887737
v -18.19623859195388 -24.711891164439827 71.66740411320427
v -20.11198690713439 -30.623824318305097 71.8636134412896
v -19.287163148002975 -37.874189198298964 71.62552604342719
v -19.240117697202272 -36.91892066745605 73.1859587092775
v -17.14875115658581 -43.192540464876906 73.51363725148346
v -14.974708112020855 -47.84411144518029 75.86361254616259
v -17.148802681105973 -42.039305867870425 75.02977421973172
v -14.908522485978425 -46.6210332959129 77.25279850242563
v -13.568937120233299 -52.528834710654834 78.17910954333065
v -12.357643109296108 -51.24961987441252 78.583384667508
v -11.149599298453488 -57.068118164627606 79.99753220176244
v -11.56191053996434 -55.69530532465566 80.92048226254005
v -10.613582783663398 -61.37273170074007 81.44556189019936
v -10.63740627945061 -65.25482983331473 82.62839966363644
v -11.304799659387609 -59.94366795505199 82.32125141363171
v -11.308478119710655 -63.96880137755215 83.69734497048434
v -15.123280083582307 -22.61235671134427 69.10490913964401
v -25.734630733127634 -45.414176254913485 43.15652202518615
v -25.38009853812726 -43.622580026929086 49.66110339839291
v -23.745984065406407 -49.42817182175994 52.50854289510252
v -21.090661176386472 -54.691231683888084 55.53020003769196
v -17.457643951238655 -68.22458620041522 71.93389745119838
v -17.694378491886958 -72.7505008326943 75.63273061361694
v -16.730648248462284 -76.93424928172647 78.52658350213804
v -14.622480707215765 -70.92617553675379 78.52077355459679
v -15.087213368105916 -75.19038973721223 81.11538268391402
v -14.545852555146961 -66.39316472657086 75.3718698224005
v -2.4388560967199338 -99.38112385016122 91.9120087137093
v -8.90614179544172 -99.86284053949942 91.59476169468716
v -3.0754346190592017 -99.13261893924084 98.49885887536861
v -44.58044047701704 -28.444814523125046 85.67720206218196
v -47.28471186535612 -27.380626931008266 80.17915083065637
v -50.4069281705248 -25.000865974438547 70.08034974139484
v -51.59436922263187 -41.917778762914864 78.39064798902295
v -45.87368965064234 -23.58876746889073 66.51966831362489
v -41.69892269487079 -22.57612916278454 62.24871804409971
v -49.008683352174366 -43.624743368460784 83.77380603748186
v -46.993635162594806 -45.12393988987856 89.322904532166
v -41.02204084703585 -36.02250113743144 58.370960649474355
v -45.75525013762631 -37.11428460098163 62.29304653699341
v -44.85349802960651 -46.25497640283751 94.13637970950387
v -41.36711943458093 -47.315460486712766 95.82516690708906
v -51.18560488367298 -38.50379046729128 66.33270815935899
v -45.624738099124905 -13.116238938102612 71.31469324650297
v -43.292945369158836 -8.445256670642777 59.419669566237864
v -39.52404541274316 -7.561355921965507 56.048996373515685
v -47.86562340805181 -12.179026688350497 67.92182826338329
v -51.82981333528915 -24.3284497776732 65.7327047402984
v -50.18717663998535 -25.61494332399316 69.17503751911747
v -48.79613844889244 -27.02610658983393 72.82346960809028
v -38.84716996117694 -18.236962104036316 51.451128283304804
v -42.758471629160134 -20.06844702494685 54.486176295769795
v -47.0196295686224 -28.476071567047 77.09783736854604
v -45.14347283357768 -29.70346633748494 81.6760624239242
v -49.809224466994856 -11.026302844959645 65.05650145763627
v -47.21718644706961 -9.656432266763062 62.38099596529523
v -6.813204909722821 -92.50878233276893 170.19861469465565
v -6.844965565477298 -93.29096655505573 164.97875260030224
v -8.6909204297895 -78.01772595334968 168.8545560981633
v -8.056797248169268 -77.65170392937105 173.63057424471987
v -7.053603340344966 -94.32947222111076 154.96354663031246
v -6.704591366657745 -95.1619858241347 149.81543487407316
v -8.201895774309993 -79.12060450457196 143.61224112469264
v -6.45179033531466 -91.56156739051592 174.82499281449626
v -6.339653124315212 -98.00779404927432 116.91321276519639
v -6.681837991417666 -96.13906562471288 139.56172243640253
v -6.560015447414837 -96.4513217354677 134.8819540555599
v -8.875344845697184 -78.99895900683846 153.75503390763282
v -8.75352265218806 -78.77531140024584 158.80062233278514
v -7.008422810276638 -93.66524167483354 160.1371868078978
v -8.851000774700053 -78.38576215900756 163.59246328214903
v -50.15696695245556 -53.52687268870656 88.40544465150974
v -47.869836923732066 -53.84235353294495 93.48867976166434
v -48.74710875588892 -50.88417076828545 70.44255564611163
v -45.10954322163598 -50.356453142875175 66.76684813445789
v -52.06781434560464 -69.6357074900458 87.41162661438334
v -44.69241336419663 -64.95871109686904 63.78517676636586
v -47.76077628048823 -65.92992873380823 67.92590862770047
v -49.669253193412494 -70.42756692220402 92.6856822641288
v -47.13414324491115 -71.16544883526674 98.42571421299554
v -33.2686214224554 -73.12801901613683 99.77174323325123
v -39.500938178217986 -72.59853439305142 101.71179878365955
v -53.32140107458843 -53.05926760682331 83.51823926355634
v -55.524456567012145 -52.454182533470004 79.52238222317618
v -53.16043722580404 -67.21696311394085 72.73932516083171
v -53.34270777912288 -51.70294888220139 75.21644977518638
v 10.165356228503509 -46.19929528499525 59.57585069981119
v 14.875765303448064 -65.35288748638187 63.37881777530449
v 13.282198951129496 -81.93489161235856 63.15550135090256
v 6.837301381679012 -37.18708086333154 56.54540225802995
v -19.073244925809856 -54.23225448929266 92.82730862666935
v -20.7353499871583 -54.994092767380636 85.67994480503205
v -20.96177617483209 -52.955422298615346 92.38712743432464
v -27.12878006060008 -101.13046833846782 75.7108000224153
v -12.569740476578016 -24.44973180485035 47.301672113749554
v -13.213451090563703 -23.620944629460446 53.12548151933955
v -39.74174548234662 -105.89119828207782 51.18820876729705
v -39.842194842299044 -100.9144900909327 46.314063914529704
v -15.806641045340887 -20.655850691196385 76.27227564951977
v -13.360483547872986 -96.75170237384087 102.34754044224158
v -12.471392995264594 -98.03048057341964 97.36820563962273
v -12.089592797523485 -100.25559494276871 84.06918510469747
v -11.187551064553817 -101.6543584670741 79.64832500786706
v -7.256624718231623 -100.95345287923048 84.93338269675623
v -15.70099919514736 -103.08839611381912 76.28578295824093
v -15.70099919514736 -103.08839611381912 76.28578295824093
v -16.03422159446851 -100.60644049562596 79.43794540082139
v -40.648672371575955 -102.27802051368377 56.20550654846778
v -40.498648138287095 -97.36439184356041 51.97081805647362
v -15.2146749318237 -39.71919729631688 14.083663553657942
v -11.767510257539096 -42.1172159999103 9.253380059321712
v -8.546518895711595 -43.317080821508384 -4.175044116418294
v -9.708618460671975 -43.01380144130122 2.707631905137099
v -3.5559581144885 -40.14822165581609 -2.0165136697725545
v -14.0954237024285 -34.38604693447415 18.06740957479156
v -14.0954237024285 -34.38604693447415 18.06740957479156
v 8.689907730617467 -41.61056073208904 58.152677541190236
v 13.95857139635178 -60.33848927328614 62.86327847208779
v -25.923247334976175 -34.78043332404271 83.70464443050055
v -30.67459602223598 -33.96881436429943 82.14607660868384
v -31.207606416730446 -18.65089225935111 78.28147859073053
v -35.20679440908843 -32.81539818810302 81.60246787288686
v -6.581012214501223 -97.29284280013555 123.41042346979597
v -12.44868302245547 -75.86818858850259 102.20654296241986
v -44.65953899812025 -71.84890859936885 102.41839699249167
v -6.680066174028852 -96.79792335475953 129.2204989062863
v -6.796441507728641 -95.84969344803163 144.70166768857231
v -8.697999269944123 -79.0872830175241 148.6728547207036
v -2.2201542595423547 -40.24789957321454 -9.49135346779386
v -1.1992082849120387 -39.861311597501604 -16.36771794951763
v -7.615639228299026 -43.26786262271675 -11.413864452350312
v -6.552426091798375 -42.958283860490354 -18.5259578551202
v -39.239899687117195 -91.67202316994221 47.094142977786134
v -13.119159435151555 -21.228001116475852 74.24730919742606
v -18.187827379141957 -23.905582728031227 72.97074515348164
v -11.277953985821584 -105.71455626690795 71.2667815164832
v -15.800418297894362 -105.87751498179259 73.11897074214366
v -20.192792370335653 -35.93684377695258 73.78417892366973
v -20.673713474094324 -29.821872747973742 72.43083162342259
v -13.85085763674377 -50.00557676938293 78.69280169701086
v -15.815086166351685 -45.27986430443221 77.63435364293683
v -18.172261241672768 -40.79561738604682 75.7481111672171
v -13.651409808134215 -54.36521560690633 81.53495347062805
v -13.702280171703597 -71.55251078627684 88.8799172802491
v -12.950635972004985 -67.26253407314492 85.63198685015693
v -12.81941684679445 -62.772449480834084 84.43384887128904
v -15.46957913049602 -71.6402209316631 90.75007018038835
v -17.335616796021608 -53.044095818465124 81.74253911248525
v -13.282400135726832 -58.53267118123404 83.04426696391276
v -16.77848762215444 -56.970601819149884 83.60090099972145
v -2.4388560967199338 -99.38112385016122 91.9120087137093
v 3.7947796255211124 -96.44373109967404 92.12174346076796
v -7.7687710491899304 -23.421606682837172 76.6048865795117
v -13.119159435151555 -21.228001116475852 74.24730919742606
v 8.150283242202919 -56.10148723462609 93.42655600722982
v 6.588938616380075 -51.21871429562876 91.96603903645783
v 0.6083889032593714 -37.24638191603373 84.43761467611965
v -1.7545588475033416 -33.05264824950623 82.15574909090965
v 9.933554258447385 -73.54973969616863 94.97367252635033
v 9.323767728201835 -79.53645856433477 94.15962641450787
v 9.664371304390379 -61.34899833408506 94.94621168014677
v 10.622268753657863 -67.4965711355932 95.91428908153341
v 5.6116898261650565 -46.1353804070203 89.90496498587554
v 3.6045054483455146 -41.35030246211009 87.01670307685715
v -4.023698068066947 -28.30642751214024 79.37982613958367
v 7.872617429889088 -90.80475956982244 92.92432087036424
v -17.5783330859755 -89.64724251591224 102.14242287204068
v -18.252458795028335 -86.85482903518611 98.46354058313197
v -17.420500071180363 -83.01951944574573 98.17566181008804
v -18.225834201483785 -89.96352147480255 96.40994650597531
v -16.507837415195123 -93.82835386286325 99.3782509633574
v -16.500804314568747 -79.38310369850298 95.95484057550645
v -21.331928140176018 -90.89395875304409 79.51273970894428
v -21.689664588579035 -87.98124906865095 77.40552208969896
v -22.229953018714173 -91.16109526286841 77.90226985795742
v -22.960832473591438 -89.31235384569649 75.94625857055523
v -16.50820089260092 -80.37344947743398 90.99981313663457
v -17.544841627272945 -82.03439639995278 89.59512867097526
v -17.922109975308516 -83.86955497800635 94.67917991451438
v -18.707556074708446 -86.12614808748532 93.17041980159271
v -18.067965087890673 -83.74069181130226 87.45080165218423
v -18.75308838359545 -88.0945945085455 90.52201917651308
v -17.202359512980724 -81.77689848654458 95.06114925071121
v -16.042639424707055 -79.30492412600191 92.24758313302605
v -20.2765969147354 -89.8022497255207 80.97356748599397
v -20.471938590605525 -86.91571623310315 79.14105274113173
v -13.507127241237708 -98.67380643069002 88.30840783990257
v -12.183274409011686 -98.76724267437486 93.66638135632428
v -19.407778666455197 -91.63199517000706 83.47032346350946
v -19.41909854426572 -86.49362670299985 81.74900868368282
v -18.9582540270533 -85.28043154344908 84.99150821153175
v -18.971418245466655 -89.72364906216312 87.3812826595317
v -17.347483475121525 -94.19761512394868 89.56264087913338
v -16.792389712934423 -96.20506414793084 86.10699271025459
v -16.607933734826208 -98.00860727870396 82.71386380975915
v -24.129814454588434 -91.44810484831724 75.6337709593612
v -40.552049007129675 -116.96596470151047 80.73973335325148
v -37.01566148173978 -118.9432811945277 81.64828324358093
v -37.44584757223683 -112.11546895597138 78.00407601598721
v -34.09404900849918 -114.00981822216954 78.77213113972634
v -36.864527969092435 -84.52830457193359 42.331075489136616
v -39.877521988792644 -110.29307507067712 55.79987370861495
v 1.9760233919689993 -38.49474722215715 0.8071153095658632
v 7.7445348414195845 -38.467376916981436 3.9739516311027705
v 4.973574450465014 -37.69415856398171 13.013177996654669
v -26.00723516336518 -47.262628240068864 35.83369245804948
v -12.807788040301052 -31.889990498607872 21.530551596742686
v 9.694769562518559 -39.2188577344388 -4.528881987952261
v 3.888800251461877 -38.70620245708062 -7.03707953175469
v -41.02224687445752 -107.47195980468668 59.98042156571319
v -30.289603260538353 -98.93059060389132 73.8779715185432
v -35.8169071471237 -48.735960352988414 94.45388721336145
v -40.179647828244114 -31.307254440106234 82.50244680701913
v -15.734498743349157 -95.81731121188633 95.63476681451307
v -17.733268789492715 -92.28189604715033 93.05960402336815
v 14.727071729143386 -81.82390322372785 43.60163134197849
v 13.171292041949632 -47.52554631121731 39.777991343195794
v 6.19639678715124 -84.212088932592 101.13644068620157
v 9.158712395090182 -85.24896568232344 93.70152135838072
v 10.53237182443531 -85.98968479143372 85.85469536884284
v 10.953999132717488 -86.52436200819233 77.91984974225355
v -15.872382974574752 -75.7582315786678 95.88866565501264
v -15.068725233695154 -75.5934078250787 91.82111393682365
v -14.49642262187101 -75.71145309503734 89.6598983147352
v -14.507363387430686 -76.35141428690319 87.71900805677207
v -15.476483574820552 -77.82424130141918 86.06243632813482
v -16.73879837820895 -79.4605517258168 84.09186550160473
v -17.62266911821077 -81.05442556125459 81.58524674503809
v -19.516891645896724 -82.46836040525318 79.10995350276613
v -20.707800384541756 -83.6435232668885 76.43611939787212
v -22.236653119386336 -85.014561886484 74.2374643871178
v -24.143775670612015 -86.62563611485619 72.70803676114593
v -25.82118246768085 -89.04601328191723 72.49097494762349
v -20.267717138197256 -108.3649475867233 72.83381703036943
v -19.96874690436634 -104.86547583763422 74.68703565934679
v -14.906159276824944 -97.25594939180881 91.89491750697911
v 19.95892524836061 -49.38339595931268 -9.33160350697098
v 15.795136547547182 -61.78666862304616 44.75699409060192
v -6.552426091798375 -42.958283860490354 -18.5259578551202
v 16.59081914010927 -43.731666927592414 -10.642153646817247
v 5.086667744850011 -38.525202085793715 -14.189100582723068
v 11.103738156734059 -39.41738253420299 -12.573866298683283
v 11.54539301362465 -90.75443802329339 -12.429427955361525
v 3.438434819085581 -91.10451176082553 -15.253034828201722
v 18.54127937845869 -86.0635060587671 -9.969156311726755
v 22.55925786437592 -78.29383884005985 -8.486028667361332
v -4.409895359064307 -87.02028754837286 -17.961895401033345
v 23.38144015143734 -70.52300822861548 -8.12162089607215
v -9.103469079355715 -81.56233333750295 -19.604741548950386
v -11.869868220620868 -74.91565274883614 -20.57006900334906
v -13.137232852854337 -68.74872423270125 -20.987063376348086
v 23.273786266964787 -63.02603870928545 -8.210491629665771
v -13.655823451713442 -62.38764003010039 -21.133065167528517
v 22.171375578778406 -55.972110153012956 -8.631889305689581
v -13.252412135989784 -56.107933780963606 -20.971626114095248
v -10.933780691185925 -48.69587784119801 -20.202033274068295
v 19.95892524836061 -49.38339595931268 -9.33160350697098
v -6.552426091798375 -42.958283860490354 -18.5259578551202
v -1.1992082849120387 -39.861311597501604 -16.36771794951763
v 5.086667744850011 -38.525202085793715 -14.189100582723068
v 16.59081914010927 -43.731666927592414 -10.642153646817247
v 11.103738156734059 -39.41738253420299 -12.573866298683283
f 1 3 2
f 3 4 2
f 5 6 3
f 6 4 3
f 4 7 2
f 7 8 2
f 6 9 4
f 9 7 4
f 10 12 11
f 12 13 11
f 14 15 12
f 15 13 12
f 16 18 17
f 18 19 17
f 18 21 20
f 21 22 20
f 23 25 24
f 24 21 23
f 26 28 27
f 28 20 27
f 29 31 30
f 31 32 30
f 33 35 34
f 35 36 34
f 37 39 38
f 39 40 38
f 28 19 20
f 19 18 20
f 41 43 42
f 43 44 42
f 27 45 26
f 45 46 26
f 47 49 48
f 48 50 47
f 51 53 52
f 52 54 51
f 55 56 53
f 53 51 55
f 57 56 58
f 56 55 58
f 59 57 60
f 57 58 60
f 61 63 62
f 63 64 62
f 65 67 66
f 67 68 66
f 43 41 6
f 41 9 6
f 8 31 2
f 31 29 2
f 10 11 46
f 11 26 46
f 14 17 15
f 17 19 15
f 26 11 28
f 11 13 28
f 19 28 15
f 28 13 15
f 69 70 27
f 70 45 27
f 27 20 69
f 20 22 69
f 57 59 71
f 59 72 71
f 73 75 74
f 75 68 74
f 76 78 77
f 77 79 76
f 80 82 81
f 82 83 81
f 16 23 21
f 21 18 16
f 82 80 32
f 80 30 32
f 44 76 79
f 79 42 44
f 84 86 85
f 86 87 85
f 88 90 89
f 90 91 89
f 90 88 87
f 88 85 87
f 92 94 93
f 93 96 95
f 97 99 98
f 99 100 98
f 101 103 102
f 103 104 102
f 105 107 106
f 107 108 106
f 109 110 105
f 110 107 105
f 111 113 112
f 113 114 112
f 115 117 116
f 117 118 116
f 112 114 116
f 114 115 116
f 119 121 120
f 121 122 120
f 119 123 121
f 123 124 121
f 125 117 126
f 117 115 126
f 127 129 128
f 129 130 128
f 113 111 131
f 111 132 131
f 133 135 134
f 135 136 134
f 133 134 137
f 134 138 137
f 107 139 108
f 139 140 108
f 118 141 116
f 141 142 116
f 116 142 112
f 142 143 112
f 112 143 111
f 143 144 111
f 132 111 145
f 111 144 145
f 107 110 139
f 110 146 139
f 147 149 148
f 149 150 148
f 148 151 147
f 151 152 147
f 153 155 154
f 155 156 154
f 155 157 156
f 157 158 156
f 159 161 160
f 161 162 160
f 159 160 154
f 160 153 154
f 163 165 164
f 165 166 164
f 167 164 168
f 164 166 168
f 169 171 170
f 171 172 170
f 173 170 174
f 170 172 174
f 175 173 176
f 173 174 176
f 177 175 178
f 175 176 178
f 179 180 163
f 180 165 163
f 136 135 162
f 135 160 162
f 157 155 138
f 155 137 138
f 160 135 153
f 135 133 153
f 155 153 137
f 153 133 137
f 119 120 147
f 120 149 147
f 147 152 119
f 152 123 119
f 130 129 181
f 129 182 181
f 114 183 115
f 183 126 115
f 184 186 185
f 186 187 185
f 113 131 188
f 131 189 188
f 106 190 105
f 190 191 105
f 109 105 192
f 105 191 192
f 114 113 183
f 113 188 183
f 181 182 184
f 182 186 184
f 193 195 194
f 195 196 194
f 196 197 194
f 197 198 194
f 191 190 194
f 190 193 194
f 198 192 194
f 192 191 194
f 181 183 130
f 183 188 130
f 183 181 126
f 181 184 126
f 126 184 125
f 184 185 125
f 189 128 188
f 128 130 188
f 199 200 198
f 200 192 198
f 201 193 202
f 193 190 202
f 203 205 204
f 205 206 204
f 207 208 203
f 208 205 203
f 209 211 210
f 211 212 210
f 203 204 213
f 204 214 213
f 203 213 207
f 213 215 207
f 211 209 216
f 209 217 216
f 218 220 219
f 220 221 219
f 222 223 218
f 223 220 218
f 224 226 225
f 226 227 225
f 228 217 229
f 217 230 229
f 231 233 232
f 233 234 232
f 235 237 236
f 237 238 236
f 235 236 239
f 236 240 239
f 232 241 231
f 241 225 231
f 225 241 224
f 241 242 224
f 243 244 210
f 244 245 210
f 210 245 209
f 245 246 209
f 217 209 230
f 209 246 230
f 247 227 248
f 227 249 248
f 250 252 251
f 252 253 251
f 251 254 250
f 254 255 250
f 233 256 234
f 256 257 234
f 206 205 258
f 205 259 258
f 260 261 258
f 261 206 258
f 244 262 245
f 262 263 245
f 245 263 246
f 263 264 246
f 246 264 230
f 264 265 230
f 230 265 229
f 265 266 229
f 205 208 259
f 208 267 259
f 238 237 257
f 237 234 257
f 240 242 239
f 242 241 239
f 234 237 232
f 237 235 232
f 241 232 239
f 232 235 239
f 218 219 250
f 219 252 250
f 255 222 250
f 222 218 250
f 259 268 258
f 268 269 258
f 258 269 260
f 269 270 260
f 262 271 263
f 271 272 263
f 272 273 263
f 273 264 263
f 273 274 264
f 274 265 264
f 274 275 265
f 275 266 265
f 267 276 259
f 276 268 259
f 228 277 217
f 277 216 217
f 216 278 211
f 278 248 211
f 279 251 280
f 251 253 280
f 281 243 212
f 243 210 212
f 213 214 282
f 214 283 282
f 284 215 282
f 215 213 282
f 279 282 285
f 282 283 285
f 280 284 279
f 284 282 279
f 286 288 287
f 288 278 287
f 226 289 227
f 289 249 227
f 248 278 247
f 278 288 247
f 212 211 249
f 211 248 249
f 281 212 289
f 212 249 289
f 278 216 287
f 216 277 287
f 290 291 280
f 291 284 280
f 225 227 231
f 227 247 231
f 251 279 254
f 279 285 254
f 256 233 286
f 233 288 286
f 231 247 233
f 247 288 233
f 292 294 293
f 294 295 293
f 292 296 294
f 296 297 294
f 298 300 299
f 300 301 299
f 302 304 303
f 304 305 303
f 302 303 306
f 303 307 306
f 300 298 308
f 298 309 308
f 310 308 311
f 308 312 311
f 313 315 314
f 315 316 314
f 314 317 313
f 317 318 313
f 319 300 310
f 300 308 310
f 319 320 300
f 320 301 300
f 312 321 311
f 321 322 311
f 323 325 324
f 325 326 324
f 327 329 328
f 329 330 328
f 324 326 331
f 326 332 331
f 305 304 322
f 304 311 322
f 307 320 306
f 320 319 306
f 311 304 310
f 304 302 310
f 319 310 306
f 310 302 306
f 292 293 313
f 293 315 313
f 318 296 313
f 296 292 313
f 333 335 334
f 335 336 334
f 337 338 333
f 338 335 333
f 339 341 340
f 341 342 340
f 343 345 344
f 345 346 344
f 347 348 343
f 348 345 343
f 336 349 334
f 349 350 334
f 323 324 351
f 324 352 351
f 353 323 354
f 323 351 354
f 355 357 356
f 357 358 356
f 355 356 359
f 356 360 359
f 359 360 328
f 360 361 328
f 328 361 327
f 361 362 327
f 331 363 324
f 363 352 324
f 364 366 365
f 366 367 365
f 309 298 365
f 298 368 365
f 369 371 370
f 371 372 370
f 373 374 369
f 374 371 369
f 370 375 369
f 375 376 369
f 369 376 373
f 376 377 373
f 378 380 379
f 380 367 379
f 368 298 381
f 298 299 381
f 380 309 367
f 309 365 367
f 368 382 365
f 382 364 365
f 381 383 368
f 383 382 368
f 366 384 367
f 384 379 367
f 385 351 386
f 351 352 386
f 354 351 387
f 351 385 387
f 388 356 389
f 356 358 389
f 390 360 388
f 360 356 388
f 391 361 390
f 361 360 390
f 392 362 391
f 362 361 391
f 386 352 393
f 352 363 393
f 375 317 376
f 317 314 376
f 316 377 314
f 377 376 314
f 380 378 312
f 378 321 312
f 380 312 309
f 312 308 309
f 394 396 395
f 396 397 395
f 398 399 394
f 399 396 394
f 400 402 401
f 402 403 401
f 400 404 402
f 404 405 402
f 406 408 407
f 408 409 407
f 410 412 411
f 412 413 411
f 410 411 414
f 411 415 414
f 416 418 417
f 418 419 417
f 420 422 421
f 422 423 421
f 424 417 425
f 417 426 425
f 427 429 428
f 429 430 428
f 430 431 428
f 431 432 428
f 433 416 424
f 416 417 424
f 433 434 416
f 434 435 416
f 425 426 436
f 426 437 436
f 438 440 439
f 440 441 439
f 412 425 413
f 425 436 413
f 415 434 414
f 434 433 414
f 425 412 424
f 412 410 424
f 433 424 414
f 424 410 414
f 428 400 427
f 400 401 427
f 428 432 400
f 432 404 400
f 442 444 443
f 444 445 443
f 446 418 435
f 418 416 435
f 447 430 448
f 430 429 448
f 449 451 450
f 451 452 450
f 431 430 453
f 430 447 453
f 426 454 437
f 454 455 437
f 417 419 426
f 419 454 426
f 456 458 457
f 458 459 457
f 457 459 460
f 459 461 460
f 457 462 456
f 462 463 456
f 464 466 465
f 466 467 465
f 468 470 469
f 470 471 469
f 469 472 468
f 472 473 468
f 474 475 468
f 475 470 468
f 476 478 477
f 478 479 477
f 480 482 481
f 482 483 481
f 337 333 484
f 333 485 484
f 486 484 487
f 484 485 487
f 488 490 489
f 490 491 489
f 491 493 492
f 493 494 492
f 495 485 334
f 485 333 334
f 350 496 334
f 496 495 334
f 350 498 497
f 498 499 497
f 500 501 343
f 501 347 343
f 344 502 343
f 502 500 343
f 339 503 344
f 503 502 344
f 340 504 339
f 504 503 339
f 505 507 506
f 507 508 506
f 508 509 506
f 509 510 506
f 480 481 511
f 481 512 511
f 513 511 514
f 511 515 514
f 516 517 480
f 517 482 480
f 518 520 519
f 520 521 519
f 522 524 523
f 524 525 523
f 526 527 522
f 527 524 522
f 528 529 104
f 529 102 104
f 530 531 97
f 531 99 97
f 532 533 528
f 533 529 528
f 103 534 104
f 534 535 104
f 104 535 528
f 535 530 528
f 528 530 532
f 530 97 532
f 90 536 91
f 536 537 91
f 538 540 539
f 540 541 539
f 539 93 538
f 93 542 538
f 543 544 541
f 544 539 541
f 533 532 545
f 532 546 545
f 98 546 97
f 546 532 97
f 93 539 92
f 539 544 92
f 56 57 547
f 57 71 547
f 25 52 53
f 53 24 25
f 62 64 83
f 64 81 83
f 53 56 24
f 56 547 24
f 78 48 49
f 49 77 78
f 22 21 547
f 21 24 547
f 70 69 72
f 69 71 72
f 547 71 22
f 71 69 22
f 548 550 549
f 550 551 549
f 550 100 551
f 100 99 551
f 552 554 553
f 554 555 553
f 556 558 557
f 558 559 557
f 560 562 561
f 562 563 561
f 556 565 564
f 565 566 564
f 567 569 568
f 569 570 568
f 569 567 571
f 567 572 571
f 573 575 574
f 575 576 574
f 575 573 577
f 573 578 577
f 577 578 579
f 578 580 579
f 555 582 581
f 582 583 581
f 584 586 585
f 586 587 585
f 588 589 584
f 589 586 584
f 589 588 590
f 588 591 590
f 592 594 593
f 594 595 593
f 596 597 592
f 597 594 592
f 558 556 598
f 556 564 598
f 599 600 583
f 600 581 583
f 601 5 602
f 5 3 602
f 603 602 1
f 602 3 1
f 604 606 605
f 606 607 605
f 608 610 609
f 610 611 609
f 1 604 603
f 604 605 603
f 612 613 37
f 613 39 37
f 614 616 615
f 616 617 615
f 606 618 607
f 618 619 607
f 542 621 620
f 621 622 620
f 623 625 624
f 625 626 624
f 627 628 610
f 628 611 610
f 629 630 495
f 630 485 495
f 631 633 632
f 633 634 632
f 635 491 636
f 491 492 636
f 637 489 635
f 489 491 635
f 638 640 639
f 640 641 639
f 642 643 499
f 643 497 499
f 502 644 500
f 644 645 500
f 646 647 101
f 647 103 101
f 648 650 649
f 650 651 649
f 652 653 648
f 653 650 648
f 654 655 652
f 655 653 652
f 656 658 657
f 658 659 657
f 660 661 657
f 661 662 657
f 657 662 656
f 662 663 656
f 664 665 663
f 665 656 663
f 666 662 667
f 662 661 667
f 668 663 666
f 663 662 666
f 669 664 668
f 664 663 668
f 36 670 34
f 670 671 34
f 67 672 68
f 672 74 68
f 673 674 35
f 674 36 35
f 66 68 675
f 68 75 675
f 619 618 627
f 618 628 627
f 676 674 73
f 674 75 73
f 674 676 36
f 676 670 36
f 89 678 677
f 678 89 91
f 678 91 679
f 91 537 679
f 536 90 680
f 90 87 680
f 674 673 75
f 673 675 75
f 681 34 682
f 34 671 682
f 33 34 683
f 34 681 683
f 684 677 565
f 677 678 565
f 565 678 566
f 678 679 566
f 534 103 685
f 103 647 685
f 531 686 99
f 686 551 99
f 686 687 551
f 687 549 551
f 531 530 688
f 530 535 688
f 686 531 689
f 531 688 689
f 689 690 686
f 690 687 686
f 534 691 535
f 691 688 535
f 689 688 692
f 688 691 692
f 692 693 689
f 693 690 689
f 694 695 691
f 695 692 691
f 695 696 692
f 696 693 692
f 697 526 698
f 526 522 698
f 699 701 700
f 701 702 700
f 703 705 704
f 705 706 704
f 707 703 708
f 703 704 708
f 709 711 710
f 711 712 710
f 713 707 714
f 707 708 714
f 700 702 715
f 702 716 715
f 717 718 703
f 718 705 703
f 703 707 717
f 707 719 717
f 720 721 570
f 721 568 570
f 700 722 699
f 722 723 699
f 715 724 700
f 724 722 700
f 562 725 563
f 725 726 563
f 727 729 728
f 729 730 728
f 728 730 731
f 730 732 731
f 722 733 723
f 733 734 723
f 724 735 722
f 735 733 722
f 736 737 726
f 737 563 726
f 737 736 738
f 736 739 738
f 740 95 741
f 95 740 621
f 729 742 730
f 742 743 730
f 744 732 743
f 732 730 743
f 745 747 746
f 747 748 746
f 749 751 750
f 751 752 750
f 753 752 754
f 752 751 754
f 755 757 756
f 757 758 756
f 96 760 759
f 760 761 759
f 762 763 741
f 763 740 741
f 747 762 748
f 762 741 748
f 755 733 764
f 733 735 764
f 753 765 752
f 765 766 752
f 767 750 766
f 750 752 766
f 766 768 767
f 768 769 767
f 765 770 766
f 770 768 766
f 771 479 772
f 479 478 772
f 773 471 774
f 471 470 774
f 458 456 775
f 456 776 775
f 471 773 777
f 773 778 777
f 779 780 771
f 780 479 771
f 781 783 782
f 783 784 782
f 785 787 786
f 787 788 786
f 789 791 790
f 791 792 790
f 790 516 789
f 516 480 789
f 793 458 794
f 458 775 794
f 466 464 795
f 464 796 795
f 797 466 798
f 466 795 798
f 799 801 800
f 801 802 800
f 795 796 803
f 796 804 803
f 798 795 805
f 795 803 805
f 784 806 799
f 806 801 799
f 783 807 784
f 807 806 784
f 808 806 809
f 806 807 809
f 786 788 810
f 788 811 810
f 788 812 811
f 812 813 811
f 787 814 788
f 814 812 788
f 815 817 816
f 817 818 816
f 508 817 509
f 817 815 509
f 819 459 793
f 459 458 793
f 459 819 461
f 819 820 461
f 821 822 667
f 822 666 667
f 823 668 822
f 668 666 822
f 824 669 823
f 669 668 823
f 691 534 825
f 534 685 825
f 691 825 694
f 825 826 694
f 824 823 827
f 823 828 827
f 829 830 469
f 830 472 469
f 469 471 829
f 471 777 829
f 639 831 638
f 831 832 638
f 833 834 639
f 834 831 639
f 711 835 712
f 835 836 712
f 837 835 698
f 835 711 698
f 838 837 522
f 837 698 522
f 522 523 838
f 523 839 838
f 840 841 638
f 841 640 638
f 842 844 843
f 844 845 843
f 846 493 490
f 493 491 490
f 493 847 494
f 847 848 494
f 494 848 842
f 848 844 842
f 492 494 849
f 494 842 849
f 513 518 789
f 518 791 789
f 511 512 515
f 512 850 515
f 511 513 480
f 513 789 480
f 518 513 520
f 513 514 520
f 519 851 518
f 851 791 518
f 852 832 853
f 832 831 853
f 854 836 855
f 836 835 855
f 835 837 855
f 837 856 855
f 837 838 856
f 838 857 856
f 838 839 857
f 839 858 857
f 859 860 852
f 860 832 852
f 336 335 861
f 335 862 861
f 863 342 864
f 342 341 864
f 864 341 865
f 341 346 865
f 865 346 866
f 346 345 866
f 866 345 867
f 345 348 867
f 861 868 336
f 868 349 336
f 869 870 442
f 870 871 442
f 442 871 444
f 871 872 444
f 873 875 874
f 875 876 874
f 876 877 874
f 877 878 874
f 877 879 878
f 879 880 878
f 879 881 880
f 881 882 880
f 883 884 869
f 884 870 869
f 493 846 847
f 846 885 847
f 50 887 886
f 886 47 50
f 54 889 888
f 888 51 54
f 51 888 890
f 890 55 51
f 55 890 891
f 891 58 55
f 891 892 58
f 892 60 58
f 893 894 61
f 894 63 61
f 67 65 895
f 65 896 895
f 894 897 63
f 897 609 63
f 895 898 67
f 898 672 67
f 897 899 609
f 899 608 609
f 900 902 901
f 902 631 901
f 903 884 904
f 884 905 904
f 906 902 870
f 902 871 870
f 633 631 906
f 631 902 906
f 633 906 907
f 906 903 907
f 906 870 903
f 870 884 903
f 908 909 879
f 909 881 879
f 508 507 908
f 507 909 908
f 910 912 911
f 912 818 911
f 875 910 876
f 910 911 876
f 877 876 913
f 876 911 913
f 913 911 817
f 911 818 817
f 913 908 877
f 908 879 877
f 817 508 913
f 508 908 913
f 914 397 915
f 397 396 915
f 915 396 916
f 396 399 916
f 915 917 914
f 917 918 914
f 916 919 915
f 919 917 915
f 920 922 921
f 922 923 921
f 920 921 924
f 921 925 924
f 926 928 927
f 928 929 927
f 926 440 928
f 440 409 928
f 927 930 926
f 930 931 926
f 440 926 441
f 926 931 441
f 440 438 409
f 438 407 409
f 927 929 932
f 929 933 932
f 934 935 918
f 935 914 918
f 932 936 927
f 936 930 927
f 449 421 451
f 421 423 451
f 420 937 422
f 937 938 422
f 939 940 925
f 940 924 925
f 941 869 443
f 869 442 443
f 873 874 942
f 874 943 942
f 943 874 944
f 874 878 944
f 878 880 944
f 880 945 944
f 880 882 945
f 882 946 945
f 947 883 941
f 883 869 941
f 862 948 385
f 948 387 385
f 949 364 950
f 364 382 950
f 950 382 951
f 382 383 951
f 371 952 372
f 952 953 372
f 374 954 371
f 954 952 371
f 955 366 949
f 366 364 949
f 384 366 956
f 366 955 956
f 950 957 949
f 957 958 949
f 957 950 959
f 950 951 959
f 325 953 326
f 953 952 326
f 326 952 332
f 952 954 332
f 958 330 949
f 330 955 949
f 955 330 956
f 330 329 956
f 958 359 330
f 359 328 330
f 959 357 957
f 357 355 957
f 957 355 958
f 355 359 958
f 960 166 961
f 166 165 961
f 168 166 962
f 166 960 962
f 963 172 964
f 172 171 964
f 174 172 965
f 172 963 965
f 176 174 966
f 174 965 966
f 966 967 176
f 967 178 176
f 961 165 968
f 165 180 968
f 422 969 423
f 969 970 423
f 969 422 971
f 422 938 971
f 394 395 920
f 395 922 920
f 394 920 398
f 920 924 398
f 970 408 423
f 408 451 423
f 970 928 408
f 928 409 408
f 929 969 933
f 969 971 933
f 969 929 970
f 929 928 970
f 451 408 452
f 408 406 452
f 139 163 140
f 163 164 140
f 140 164 972
f 164 167 972
f 141 169 142
f 169 170 142
f 142 170 143
f 170 173 143
f 173 175 143
f 175 144 143
f 175 177 144
f 177 145 144
f 146 179 139
f 179 163 139
f 154 156 182
f 156 186 182
f 195 151 196
f 151 148 196
f 148 150 196
f 150 197 196
f 156 158 186
f 158 187 186
f 161 159 127
f 159 129 127
f 159 154 129
f 154 182 129
f 973 269 974
f 269 268 974
f 975 270 973
f 270 269 973
f 976 272 977
f 272 271 977
f 978 273 976
f 273 272 976
f 979 274 978
f 274 273 978
f 980 275 979
f 275 274 979
f 974 268 981
f 268 276 981
f 476 477 704
f 477 708 704
f 704 706 476
f 706 982 476
f 812 814 699
f 814 701 699
f 813 812 723
f 812 699 723
f 734 983 723
f 983 813 723
f 811 813 984
f 813 983 984
f 477 479 985
f 479 780 985
f 986 988 987
f 988 989 987
f 987 989 990
f 989 991 990
f 990 991 992
f 991 993 992
f 992 993 994
f 993 995 994
f 996 998 997
f 998 999 997
f 1000 996 1001
f 996 997 1001
f 1002 1003 1001
f 1003 1000 1001
f 1004 1006 1005
f 1006 1007 1005
f 1008 1010 1009
f 1010 1011 1009
f 1012 1014 1013
f 1014 1015 1013
f 1016 989 1017
f 989 988 1017
f 1018 991 1016
f 991 989 1016
f 1019 993 1018
f 993 991 1018
f 1020 995 1019
f 995 993 1019
f 998 996 1021
f 996 1022 1021
f 1022 996 1023
f 996 1000 1023
f 1023 1000 1024
f 1000 1003 1024
f 995 1020 1003
f 1020 1024 1003
f 1006 1025 1007
f 1025 1026 1007
f 1010 1008 1027
f 1008 1028 1027
f 1014 1012 1029
f 1012 1030 1029
f 1012 1031 1030
f 1031 1032 1030
f 1033 1035 1034
f 1035 1036 1034
f 1037 548 1038
f 548 549 1038
f 1017 1037 1016
f 1037 1038 1016
f 1038 549 1039
f 549 687 1039
f 1016 1038 1018
f 1038 1039 1018
f 1018 1039 1019
f 1039 1040 1019
f 1039 687 1040
f 687 690 1040
f 1019 1040 1020
f 1040 1041 1020
f 1040 690 1041
f 690 693 1041
f 800 802 1042
f 802 1043 1042
f 1042 1043 1022
f 1043 1021 1022
f 1044 1045 1042
f 1045 800 1042
f 1023 1044 1022
f 1044 1042 1022
f 1046 696 1044
f 696 1045 1044
f 1024 1046 1023
f 1046 1044 1023
f 696 1046 693
f 1046 1041 693
f 1020 1041 1024
f 1041 1046 1024
f 761 1047 759
f 1047 1048 759
f 1025 1048 1026
f 1048 1047 1026
f 745 746 1049
f 746 1050 1049
f 1049 1050 1028
f 1050 1027 1028
f 751 749 1051
f 749 1052 1051
f 1051 1052 1030
f 1052 1029 1030
f 754 751 1053
f 751 1051 1053
f 1030 1032 1051
f 1032 1053 1051
f 756 758 1054
f 758 1055 1054
f 1035 1033 1056
f 1033 1057 1056
f 1056 1057 983
f 1057 984 983
f 1058 1060 1059
f 1060 1061 1059
f 1062 886 887
f 887 1063 1062
f 895 896 1061
f 896 1059 1061
f 1061 1064 895
f 1064 898 895
f 1065 1067 1066
f 1067 1068 1066
f 1066 1068 1069
f 1068 1070 1069
f 1069 1070 1071
f 1070 1072 1071
f 1071 1072 1073
f 1072 1074 1073
f 1075 1077 1076
f 1077 1078 1076
f 1069 890 888
f 888 1066 1069
f 1071 891 890
f 890 1069 1071
f 1073 892 891
f 891 1071 1073
f 1076 894 893
f 893 1075 1076
f 1066 888 889
f 889 1065 1066
f 1067 1079 1068
f 1079 1080 1068
f 1068 1080 1070
f 1080 1081 1070
f 1070 1081 1072
f 1081 1082 1072
f 1072 1082 1074
f 1082 1083 1074
f 1077 1084 1078
f 1084 1085 1078
f 1086 86 1058
f 86 1060 1058
f 1060 1087 1061
f 1087 1064 1061
f 1088 1090 1089
f 1090 1091 1089
f 1092 1093 1067
f 1093 1079 1067
f 1062 1063 1094
f 1063 1095 1094
f 707 713 719
f 713 1096 719
f 1097 1099 1098
f 1099 1100 1098
f 1098 1100 1101
f 1100 1102 1101
f 1103 1105 1104
f 1105 1106 1104
f 1104 1106 1107
f 1106 1108 1107
f 1107 1108 1109
f 1108 1110 1109
f 1111 1113 1112
f 1113 1114 1112
f 568 1097 567
f 1097 1098 567
f 1101 572 1098
f 572 567 1098
f 574 1103 573
f 1103 1104 573
f 1107 578 1104
f 578 573 1104
f 1109 580 1107
f 580 578 1107
f 1112 1114 553
f 1114 552 553
f 600 1111 581
f 1111 1112 581
f 1097 568 1115
f 568 721 1115
f 729 727 1116
f 727 1117 1116
f 555 581 553
f 581 1112 553
f 738 1118 737
f 1118 1119 737
f 585 560 584
f 560 561 584
f 593 1117 592
f 1117 727 592
f 592 727 596
f 727 728 596
f 598 1120 558
f 1120 1121 558
f 558 1121 559
f 1121 1122 559
f 561 563 1119
f 563 737 1119
f 1118 591 1119
f 591 588 1119
f 1121 1123 1122
f 1123 1124 1122
f 1125 599 1123
f 599 583 1123
f 1120 1125 1121
f 1125 1123 1121
f 586 577 587
f 577 579 587
f 589 575 586
f 575 577 586
f 590 576 589
f 576 575 589
f 594 569 595
f 569 571 595
f 569 594 570
f 594 597 570
f 582 1124 583
f 1124 1123 583
f 642 1126 643
f 1126 1127 643
f 718 716 705
f 716 702 705
f 501 500 1128
f 500 645 1128
f 1087 1060 84
f 1060 86 84
f 1129 1130 108
f 1130 106 108
f 201 1131 193
f 1131 195 193
f 192 200 109
f 200 1132 109
f 151 1133 152
f 1133 1134 152
f 109 1132 110
f 1132 1135 110
f 972 1129 140
f 1129 108 140
f 110 1135 146
f 1135 1136 146
f 1137 1138 149
f 1138 150 149
f 152 1134 123
f 1134 124 123
f 1139 1140 179
f 1140 180 179
f 122 1137 120
f 1137 149 120
f 1130 202 106
f 202 190 106
f 197 1141 198
f 1141 199 198
f 261 1142 206
f 1142 204 206
f 254 1143 255
f 1143 1144 255
f 204 1142 214
f 1142 1145 214
f 1146 1147 215
f 1147 207 215
f 1147 1148 207
f 1148 208 207
f 1149 1150 252
f 1150 253 252
f 255 1144 222
f 1144 223 222
f 208 1148 267
f 1148 1151 267
f 221 1149 219
f 1149 252 219
f 1151 1152 267
f 1152 276 267
f 214 1145 283
f 1145 1153 283
f 253 1150 280
f 1150 290 280
f 1153 1154 283
f 1154 285 283
f 291 1146 284
f 1146 215 284
f 285 1154 254
f 1154 1143 254
f 1155 1156 316
f 1156 377 316
f 317 1157 318
f 1157 1158 318
f 374 1159 954
f 1159 1160 954
f 325 323 1161
f 323 353 1161
f 1162 1155 315
f 1155 316 315
f 318 1158 296
f 1158 297 296
f 295 1162 293
f 1162 315 293
f 349 1163 350
f 1163 498 350
f 1164 1165 331
f 1165 363 331
f 1166 1167 372
f 1167 370 372
f 1156 1168 377
f 1168 373 377
f 1167 1169 370
f 1169 375 370
f 1168 1159 373
f 1159 374 373
f 375 1169 317
f 1169 1157 317
f 395 397 1170
f 397 1171 1170
f 431 1172 432
f 1172 1173 432
f 940 1174 924
f 1174 398 924
f 1175 1176 427
f 1176 429 427
f 432 1173 404
f 1173 405 404
f 1177 1178 399
f 1178 916 399
f 403 1175 401
f 1175 427 401
f 883 947 1179
f 947 1180 1179
f 1181 1182 922
f 1182 923 922
f 448 429 1183
f 429 1176 1183
f 453 1184 431
f 1184 1172 431
f 809 807 1185
f 807 474 1185
f 796 462 804
f 462 1186 804
f 464 463 796
f 463 462 796
f 460 1186 457
f 1186 462 457
f 465 1187 464
f 1187 463 464
f 456 463 776
f 463 1187 776
f 807 783 474
f 783 475 474
f 468 473 474
f 473 1185 474
f 1188 982 787
f 982 814 787
f 982 1188 476
f 1188 478 476
f 901 631 1189
f 631 1190 1189
f 843 1191 842
f 1191 849 842
f 1095 1090 655
f 1090 1192 655
f 596 728 1193
f 728 731 1193
f 1193 1194 596
f 1194 597 596
f 1078 1085 1195
f 1085 1196 1195
f 1197 833 641
f 833 639 641
f 497 643 1198
f 643 1199 1198
f 1200 1202 1201
f 660 657 659
f 1094 1095 654
f 1095 655 654
f 658 1203 659
f 1204 1205 1201
f 665 664 646
f 664 647 646
f 685 647 669
f 647 664 669
f 1206 1195 1207
f 1195 1196 1207
f 757 1208 758
f 1208 1209 758
f 1210 1212 1211
f 1212 1055 1211
f 757 1213 1208
f 1214 765 753
f 1215 1188 785
f 1188 787 785
f 772 478 1215
f 478 1188 1215
f 1216 475 781
f 475 783 781
f 774 470 1216
f 470 475 1216
f 669 824 685
f 824 825 685
f 825 824 826
f 824 827 826
f 840 860 1217
f 860 1218 1217
f 853 831 1219
f 831 834 1219
f 1218 860 1220
f 860 859 1220
f 862 335 948
f 335 338 948
f 1163 349 1221
f 349 868 1221
f 1179 905 883
f 905 884 883
f 902 900 871
f 900 872 871
f 907 903 1222
f 903 904 1222
f 935 1171 914
f 1171 397 914
f 1178 1223 916
f 1223 919 916
f 868 393 1221
f 393 1224 1221
f 1160 1225 954
f 1225 332 954
f 1226 1166 953
f 1166 372 953
f 1161 1226 325
f 1226 953 325
f 1225 1164 332
f 1164 331 332
f 1170 1181 395
f 1181 922 395
f 1174 1177 398
f 1177 399 398
f 1136 1139 146
f 1139 179 146
f 197 150 1141
f 150 1138 1141
f 195 1131 151
f 1131 1133 151
f 706 701 982
f 701 814 982
f 1227 1229 1228
f 1229 1230 1228
f 1229 1227 1210
f 1227 1212 1210
f 758 1209 1055
f 1209 1211 1055
f 1079 101 1080
f 101 102 1080
f 1080 102 1081
f 102 529 1081
f 1081 529 1082
f 529 533 1082
f 1082 533 1083
f 533 545 1083
f 1084 543 1085
f 543 541 1085
f 1207 1196 1231
f 1196 540 1231
f 680 87 1086
f 87 86 1086
f 626 653 1192
f 653 655 1192
f 1093 646 1079
f 646 101 1079
f 1232 1099 1115
f 1232 1233 1099
f 1194 720 597
f 720 570 597
f 705 702 706
f 702 701 706
f 1234 1235 658
f 1235 1203 658
f 1093 1092 1234
f 1092 1235 1234
f 1234 665 1093
f 665 646 1093
f 658 656 1234
f 656 665 1234
f 1236 1102 1237
f 1102 1100 1237
f 1099 1233 1100
f 1233 1237 1100
f 1238 1108 1239
f 1108 1106 1239
f 1105 1240 1106
f 1240 1239 1106
f 1241 1110 1238
f 1110 1108 1238
f 1242 554 1243
f 554 552 1243
f 1243 552 1244
f 552 1114 1244
f 1243 634 1242
f 634 1245 1242
f 1238 636 1241
f 636 1246 1241
f 1239 635 1238
f 635 636 1238
f 1240 637 1239
f 637 635 1239
f 1113 1247 1114
f 1247 1244 1114
f 1244 632 1243
f 632 634 1243
f 1233 641 1237
f 641 640 1237
f 1237 640 1236
f 640 841 1236
f 1247 1248 1244
f 1248 632 1244
f 1128 645 1249
f 645 1250 1249
f 1251 709 1252
f 709 710 1252
f 1232 1197 1233
f 1197 641 1233
f 714 1251 713
f 1251 1252 713
f 517 516 1253
f 516 1254 1253
f 1253 1254 778
f 1254 777 778
f 527 526 1255
f 526 1256 1255
f 1255 1256 779
f 1256 780 779
f 509 1257 510
f 1257 1258 510
f 820 819 1259
f 819 1260 1259
f 1260 815 1259
f 815 816 1259
f 1257 509 1260
f 509 815 1260
f 793 1257 819
f 1257 1260 819
f 1261 1262 829
f 1262 830 829
f 829 777 1261
f 777 1254 1261
f 516 790 1254
f 790 1261 1254
f 1263 1256 697
f 1256 526 697
f 1250 645 1264
f 645 644 1264
f 1257 793 1258
f 793 794 1258
f 790 792 1261
f 792 1262 1261
f 667 1250 821
f 1250 1264 821
f 985 780 1263
f 780 1256 1263
f 1249 1250 661
f 1250 667 661
f 1096 713 1252
f 1099 1097 1115
f 661 660 1249
f 1202 1127 1126
f 496 1265 495
f 1265 629 495
f 1265 1266 629
f 1266 1267 629
f 1266 1265 1268
f 1265 1269 1268
f 1267 1270 629
f 1270 630 629
f 1271 1273 1272
f 1273 1274 1272
f 1275 1277 1276
f 1277 1278 1276
f 1276 1278 1279
f 1278 1280 1279
f 1267 1281 1270
f 1281 1282 1270
f 1283 1271 1284
f 1271 1272 1284
f 1200 1285 1127
f 1127 1202 1200
f 1127 1286 643
f 1286 1199 643
f 557 684 556
f 684 565 556
f 1287 1283 1288
f 1283 1284 1288
f 1282 1281 1275
f 1281 1277 1275
f 1289 1279 1290
f 1279 1280 1290
f 649 651 1271
f 651 1273 1271
f 1291 1292 1287
f 1287 1290 1291
f 1277 1266 1278
f 1266 1268 1278
f 1266 1277 1267
f 1277 1281 1267
f 1287 1292 649
f 1292 1293 649
f 1274 1273 1294
f 1273 651 1294
f 1295 1296 614
f 1296 616 614
f 38 40 601
f 40 5 601
f 615 617 612
f 617 613 612
f 1089 1091 1297
f 1091 1298 1297
f 1231 540 1299
f 540 538 1299
f 1299 538 620
f 538 542 620
f 1296 50 616
f 50 48 616
f 39 44 40
f 44 43 40
f 29 30 604
f 30 606 604
f 40 43 5
f 43 6 5
f 611 64 609
f 64 63 609
f 2 29 1
f 29 604 1
f 1085 541 1196
f 541 540 1196
f 616 48 617
f 48 78 617
f 81 628 80
f 628 618 80
f 897 894 1300
f 894 1076 1300
f 80 618 30
f 618 606 30
f 39 613 44
f 613 76 44
f 93 95 542
f 95 621 542
f 1063 1091 1095
f 1091 1090 1095
f 625 650 626
f 650 653 626
f 64 611 81
f 611 628 81
f 78 76 617
f 76 613 617
f 725 622 726
f 622 621 726
f 726 621 736
f 621 740 736
f 756 734 755
f 734 733 755
f 1301 1302 1054
f 1302 1303 1054
f 763 739 740
f 739 736 740
f 764 1213 755
f 1213 757 755
f 768 742 769
f 742 1304 769
f 742 768 743
f 768 770 743
f 743 770 744
f 770 1305 744
f 1296 1295 1298
f 1295 1297 1298
f 1296 1298 887
f 887 50 1296
f 1302 1301 1306
f 1301 1307 1306
f 1227 1307 1212
f 1307 1301 1212
f 734 756 1303
f 756 1054 1303
f 1212 1301 1055
f 1301 1054 1055
f 1063 887 1298
f 1298 1091 1063
f 1076 1078 1300
f 1078 1195 1300
f 899 897 1308
f 897 1300 1308
f 1308 1300 1206
f 1300 1195 1206
f 1309 1192 1088
f 1192 1090 1088
f 765 1214 770
f 1214 1305 770
f 624 626 1309
f 626 1192 1309
f 1294 651 625
f 651 650 625
f 1116 1304 729
f 1304 742 729
f 861 862 386
f 862 385 386
f 389 863 388
f 863 864 388
f 388 864 390
f 864 865 390
f 390 865 391
f 865 866 391
f 391 866 392
f 866 867 392
f 868 861 393
f 861 386 393
f 443 918 941
f 918 917 941
f 934 918 445
f 918 443 445
f 943 930 942
f 930 936 942
f 944 931 943
f 931 930 943
f 441 931 945
f 931 944 945
f 946 439 945
f 439 441 945
f 947 919 1180
f 919 1223 1180
f 917 919 941
f 919 947 941
f 961 848 960
f 848 847 960
f 847 885 960
f 885 962 960
f 521 520 964
f 520 963 964
f 520 514 963
f 514 965 963
f 514 515 965
f 515 966 965
f 515 850 966
f 850 967 966
f 1310 845 968
f 845 844 968
f 968 844 961
f 844 848 961
f 974 852 973
f 852 853 973
f 973 853 975
f 853 1219 975
f 977 854 976
f 854 855 976
f 855 856 976
f 856 978 976
f 856 857 978
f 857 979 978
f 857 858 979
f 858 980 979
f 1220 859 1311
f 859 981 1311
f 981 859 974
f 859 852 974
f 393 363 1224
f 363 1165 1224
f 968 180 1310
f 180 1140 1310
f 981 276 1311
f 276 1152 1311
f 798 1045 797
f 1045 696 797
f 496 350 1198
f 350 497 1198
f 1269 1312 1268
f 1312 1313 1268
f 1278 1268 1280
f 1268 1313 1280
f 1291 1290 1313
f 1290 1280 1313
f 1289 1290 1288
f 1290 1287 1288
f 584 561 588
f 561 1119 588
f 96 93 94
f 94 760 96
f 453 923 1184
f 923 1182 1184
f 453 447 923
f 447 921 923
f 448 925 447
f 925 921 447
f 1183 939 448
f 939 925 448
f 454 449 455
f 449 450 455
f 421 449 419
f 449 454 419
f 418 420 419
f 420 421 419
f 420 418 937
f 418 446 937
f 696 695 797
f 695 1314 797
f 800 1045 805
f 1045 798 805
f 984 1315 811
f 1315 810 811
f 477 985 708
f 985 714 708
f 1251 714 1263
f 714 985 1263
f 697 709 1263
f 709 1251 1263
f 709 697 711
f 697 698 711
f 95 96 741
f 96 748 741
f 96 759 748
f 759 746 748
f 759 1048 746
f 1048 1050 746
f 1027 1050 1025
f 1050 1048 1025
f 1027 1025 1010
f 1025 1006 1010
f 1010 1006 1011
f 1006 1004 1011
f 344 346 339
f 346 341 339
f 644 502 1316
f 502 503 1316
f 1264 644 1317
f 644 1316 1317
f 1317 1318 1264
f 1318 821 1264
f 822 821 1319
f 821 1318 1319
f 1319 828 822
f 828 823 822
f 467 466 1314
f 466 797 1314
f 630 1320 485
f 1320 487 485
f 638 832 840
f 832 860 840
f 1248 1190 632
f 1190 631 632
f 907 1245 633
f 1245 634 633
f 630 1270 1320
f 1270 1321 1320
f 1270 1282 1321
f 1282 1322 1321
f 1323 1322 1275
f 1322 1282 1275
f 849 1246 492
f 1246 636 492
f 1324 1323 1276
f 1323 1275 1276
f 1325 1324 1279
f 1324 1276 1279
f 1326 1325 1289
f 1325 1279 1289
f 1327 1326 1288
f 1326 1289 1288
f 1288 1284 1327
f 1284 1328 1327
f 1284 1272 1328
f 1272 1329 1328
f 1272 1274 1329
f 1274 1330 1329
f 1330 1274 1331
f 1274 1294 1331
f 625 623 1294
f 623 1331 1294
f 1067 1065 1092
f 1065 1332 1092
f 1333 1235 1332
f 1235 1092 1332
f 1235 1333 1203
f 654 652 1204
f 648 1205 652
f 1205 1204 652
f 1200 1293 1285
f 1293 1292 1285
f 1291 1313 1312
f 1312 1334 1291
f 1198 1269 496
f 1269 1265 496
f 1198 1199 1269
f 1199 1312 1269
f 1334 1312 1286
f 1312 1199 1286
f 1334 1285 1292
f 1292 1291 1334
f 1127 1285 1286
f 1285 1334 1286
f 1205 648 1293
f 648 649 1293
f 1293 1200 1205
f 1200 1201 1205
f 649 1271 1287
f 1271 1283 1287
f 806 808 801
f 808 1315 801
f 984 802 1315
f 802 801 1315
f 802 984 1043
f 984 1057 1043
f 1043 1057 1021
f 1057 1033 1021
f 1034 998 1033
f 998 1021 1033
f 998 1034 999
f 1034 1335 999
f 782 784 1336
f 784 799 1336
f 800 805 799
f 805 1336 799
f 1303 1056 734
f 1056 983 734
f 1302 1035 1303
f 1035 1056 1303
f 1035 1302 1036
f 1302 1306 1036
f 994 995 1002
f 995 1003 1002
f 1013 1337 1012
f 1337 1031 1012
f 1338 1335 1036
f 1335 1034 1036
f 1339 1340 1307
f 1340 1306 1307
f 1228 1339 1227
f 1339 1307 1227
f 1340 1338 1306
f 1338 1036 1306
f 1341 1343 1342
f 1343 1344 1342
f 1342 1344 1345
f 1344 1346 1345
f 1345 1346 1347
f 1347 1346 1348
f 1348 1346 1349
f 1346 1350 1349
f 1349 1350 1351
f 1350 1352 1351
f 1351 1352 1353
f 1353 1352 1354
f 1352 1355 1354
f 1354 1355 1356
f 1356 1355 1357
f 1357 1355 1358
f 1355 1359 1358
f 1358 1359 1360
f 503 504 506
f 504 505 506
f 506 510 503
f 510 1316 503
f 510 1258 1316
f 1258 1317 1316
f 483 482 912
f 482 818 912
f 517 816 482
f 816 818 482
f 816 517 1259
f 517 1253 1259
f 525 524 851
f 524 791 851
f 527 792 524
f 792 791 524
f 792 527 1262
f 527 1255 1262
f 907 1222 487
f 1222 486 487
f 487 1320 907
f 1320 1245 907
f 1320 1321 1245
f 1321 1242 1245
f 1321 1322 1242
f 1322 554 1242
f 1189 1190 1191
f 1190 849 1191
f 1246 849 1248
f 849 1190 1248
f 1241 1246 1247
f 1246 1248 1247
f 1110 1241 1113
f 1241 1247 1113
f 840 1217 489
f 1217 488 489
f 841 840 637
f 840 489 637
f 1236 841 1240
f 841 637 1240
f 1102 1236 1105
f 1236 1240 1105
f 778 820 1253
f 820 1259 1253
f 773 461 778
f 461 820 778
f 779 830 1255
f 830 1262 1255
f 771 472 779
f 472 830 779
f 1258 794 1317
f 794 1318 1317
f 794 775 1318
f 775 1319 1318
f 775 776 1319
f 776 828 1319
f 776 1187 828
f 1187 827 828
f 826 827 465
f 827 1187 465
f 465 467 826
f 467 694 826
f 695 694 1314
f 694 467 1314
f 774 460 773
f 460 461 773
f 1186 460 1216
f 460 774 1216
f 804 1186 781
f 1186 1216 781
f 803 804 782
f 804 781 782
f 805 803 1336
f 803 782 1336
f 772 473 771
f 473 472 771
f 1215 1185 772
f 1185 473 772
f 1185 1215 809
f 1215 785 809
f 786 808 785
f 808 809 785
f 1315 808 810
f 808 786 810
f 1101 1102 1103
f 1102 1105 1103
f 572 1101 574
f 1101 1103 574
f 574 576 572
f 576 571 572
f 595 571 590
f 571 576 590
f 590 591 595
f 591 593 595
f 1117 593 1118
f 593 591 1118
f 1116 1117 738
f 1117 1118 738
f 738 739 1116
f 739 1304 1116
f 769 1304 763
f 1304 739 763
f 767 769 762
f 769 763 762
f 750 767 747
f 767 762 747
f 750 747 749
f 747 745 749
f 1049 1052 745
f 1052 749 745
f 1052 1049 1029
f 1049 1028 1029
f 1008 1014 1028
f 1014 1029 1028
f 1014 1008 1015
f 1008 1009 1015
f 582 555 1324
f 555 1323 1324
f 1124 582 1325
f 582 1324 1325
f 1122 1124 1326
f 1124 1325 1326
f 559 1122 1327
f 1122 1326 1327
f 1327 1328 559
f 1328 557 559
f 1328 1329 557
f 1329 684 557
f 1329 1330 684
f 1330 677 684
f 1331 89 1330
f 89 677 1330
f 623 88 1331
f 88 89 1331
f 624 85 623
f 85 88 623
f 1309 84 624
f 84 85 624
f 1088 1087 1309
f 1087 84 1309
f 1089 1064 1088
f 1064 1087 1088
f 1064 1089 898
f 1089 1297 898
f 1295 672 1297
f 672 898 1297
f 614 74 1295
f 74 672 1295
f 74 614 73
f 614 615 73
f 73 615 676
f 615 612 676
f 37 670 612
f 670 676 612
f 38 671 37
f 671 670 37
f 671 38 682
f 38 601 682
f 681 682 602
f 682 601 602
f 683 681 603
f 681 602 603
f 603 605 683
f 605 33 683
f 605 607 33
f 607 35 33
f 607 619 35
f 619 673 35
f 627 675 619
f 675 673 619
f 610 66 627
f 66 675 627
f 66 610 65
f 610 608 65
f 899 896 608
f 896 65 608
f 1231 680 1207
f 680 1086 1207
f 620 622 537
f 622 679 537
f 562 560 564
f 560 598 564
f 1109 1110 1111
f 1110 1113 1111
f 580 1109 600
f 1109 1111 600
f 579 580 599
f 580 600 599
f 587 579 1125
f 579 599 1125
f 585 587 1120
f 587 1125 1120
f 560 585 598
f 585 1120 598
f 564 566 562
f 566 725 562
f 622 725 679
f 725 566 679
f 536 1299 537
f 1299 620 537
f 680 1231 536
f 1231 1299 536
f 1058 1206 1086
f 1206 1207 1086
f 1059 1308 1058
f 1308 1206 1058
f 896 899 1059
f 899 1308 1059
f 1322 1323 554
f 1323 555 554
f 1361 1362 1363
f 1363 1362 1364
f 1365 1363 1366
f 1366 1363 1364
f 1364 1362 1367
f 1367 1362 1368
f 1366 1364 1369
f 1369 1364 1367
f 1370 1371 1372
f 1372 1371 1373
f 1374 1372 1375
f 1375 1372 1373
f 1376 1377 1378
f 1378 1377 1379
f 1378 1380 1381
f 1381 1380 1382
f 1383 1384 1385
f 1384 1383 1381
f 1386 1387 1388
f 1388 1387 1380
f 1389 1390 1391
f 1391 1390 1392
f 1393 1394 1395
f 1395 1394 1396
f 1397 1398 1399
f 1399 1398 1400
f 1388 1380 1379
f 1379 1380 1378
f 1401 1402 1403
f 1403 1402 1404
f 1387 1386 1405
f 1405 1386 1406
f 1407 1408 1409
f 1408 1407 1410
f 1411 1412 1413
f 1412 1411 1414
f 1415 1413 1416
f 1413 1415 1411
f 1417 1418 1416
f 1416 1418 1415
f 1419 1420 1417
f 1417 1420 1418
f 1421 1422 1423
f 1423 1422 1424
f 1425 1426 1427
f 1427 1426 1428
f 1403 1366 1401
f 1401 1366 1369
f 1368 1362 1391
f 1391 1362 1389
f 1370 1406 1371
f 1371 1406 1386
f 1374 1375 1377
f 1377 1375 1379
f 1386 1388 1371
f 1371 1388 1373
f 1379 1375 1388
f 1388 1375 1373
f 1429 1387 1430
f 1430 1387 1405
f 1387 1429 1380
f 1380 1429 1382
f 1417 1431 1419
f 1419 1431 1432
f 1433 1434 1435
f 1435 1434 1428
f 1436 1437 1438
f 1437 1436 1439
f 1440 1441 1442
f 1442 1441 1443
f 1376 1381 1383
f 1381 1376 1378
f 1442 1392 1440
f 1440 1392 1390
f 1404 1439 1436
f 1439 1404 1402
f 1444 1445 1446
f 1446 1445 1447
f 1448 1449 1450
f 1450 1449 1451
f 1450 1447 1448
f 1448 1447 1445
f 1452 1453 1454
f 1453 1455 1456
f 1457 1458 1459
f 1459 1458 1460
f 1461 1462 1463
f 1463 1462 1464
f 1465 1466 1467
f 1467 1466 1468
f 1469 1465 1470
f 1470 1465 1467
f 1471 1472 1473
f 1473 1472 1474
f 1475 1476 1477
f 1477 1476 1478
f 1472 1476 1474
f 1474 1476 1475
f 1479 1480 1481
f 1481 1480 1482
f 1479 1481 1483
f 1483 1481 1484
f 1485 1486 1477
f 1477 1486 1475
f 1487 1488 1489
f 1489 1488 1490
f 1473 1491 1471
f 1471 1491 1492
f 1493 1494 1495
f 1495 1494 1496
f 1493 1497 1494
f 1494 1497 1498
f 1467 1468 1499
f 1499 1468 1500
f 1478 1476 1501
f 1501 1476 1502
f 1476 1472 1502
f 1502 1472 1503
f 1472 1471 1503
f 1503 1471 1504
f 1492 1505 1471
f 1471 1505 1504
f 1467 1499 1470
f 1470 1499 1506
f 1507 1508 1509
f 1509 1508 1510
f 1508 1507 1511
f 1511 1507 1512
f 1513 1514 1515
f 1515 1514 1516
f 1515 1516 1517
f 1517 1516 1518
f 1519 1520 1521
f 1521 1520 1522
f 1519 1514 1520
f 1520 1514 1513
f 1523 1524 1525
f 1525 1524 1526
f 1527 1528 1524
f 1524 1528 1526
f 1529 1530 1531
f 1531 1530 1532
f 1533 1534 1530
f 1530 1534 1532
f 1535 1536 1533
f 1533 1536 1534
f 1537 1538 1535
f 1535 1538 1536
f 1539 1523 1540
f 1540 1523 1525
f 1496 1522 1495
f 1495 1522 1520
f 1517 1498 1515
f 1515 1498 1497
f 1520 1513 1495
f 1495 1513 1493
f 1515 1497 1513
f 1513 1497 1493
f 1479 1507 1480
f 1480 1507 1509
f 1507 1479 1512
f 1512 1479 1483
f 1490 1541 1489
f 1489 1541 1542
f 1474 1475 1543
f 1543 1475 1486
f 1544 1545 1546
f 1546 1545 1547
f 1473 1548 1491
f 1491 1548 1549
f 1466 1465 1550
f 1550 1465 1551
f 1469 1552 1465
f 1465 1552 1551
f 1474 1543 1473
f 1473 1543 1548
f 1541 1544 1542
f 1542 1544 1546
f 1553 1554 1555
f 1555 1554 1556
f 1556 1554 1557
f 1557 1554 1558
f 1551 1554 1550
f 1550 1554 1553
f 1558 1554 1552
f 1552 1554 1551
f 1541 1490 1543
f 1543 1490 1548
f 1543 1486 1541
f 1541 1486 1544
f 1486 1485 1544
f 1544 1485 1545
f 1549 1548 1488
f 1488 1548 1490
f 1559 1558 1560
f 1560 1558 1552
f 1561 1562 1553
f 1553 1562 1550
f 1563 1564 1565
f 1565 1564 1566
f 1567 1563 1568
f 1568 1563 1565
f 1569 1570 1571
f 1571 1570 1572
f 1563 1573 1564
f 1564 1573 1574
f 1563 1567 1573
f 1573 1567 1575
f 1571 1576 1569
f 1569 1576 1577
f 1578 1579 1580
f 1580 1579 1581
f 1582 1578 1583
f 1583 1578 1580
f 1584 1585 1586
f 1586 1585 1587
f 1588 1589 1577
f 1577 1589 1590
f 1591 1592 1593
f 1593 1592 1594
f 1595 1596 1597
f 1597 1596 1598
f 1595 1599 1596
f 1596 1599 1600
f 1592 1591 1601
f 1601 1591 1585
f 1585 1584 1601
f 1601 1584 1602
f 1603 1570 1604
f 1604 1570 1605
f 1570 1569 1605
f 1605 1569 1606
f 1577 1590 1569
f 1569 1590 1606
f 1607 1608 1587
f 1587 1608 1609
f 1610 1611 1612
f 1612 1611 1613
f 1611 1610 1614
f 1614 1610 1615
f 1593 1594 1616
f 1616 1594 1617
f 1566 1618 1565
f 1565 1618 1619
f 1620 1618 1621
f 1621 1618 1566
f 1604 1605 1622
f 1622 1605 1623
f 1605 1606 1623
f 1623 1606 1624
f 1606 1590 1624
f 1624 1590 1625
f 1590 1589 1625
f 1625 1589 1626
f 1565 1619 1568
f 1568 1619 1627
f 1598 1617 1597
f 1597 1617 1594
f 1600 1599 1602
f 1602 1599 1601
f 1594 1592 1597
f 1597 1592 1595
f 1601 1599 1592
f 1592 1599 1595
f 1578 1610 1579
f 1579 1610 1612
f 1615 1610 1582
f 1582 1610 1578
f 1619 1618 1628
f 1628 1618 1629
f 1618 1620 1629
f 1629 1620 1630
f 1622 1623 1631
f 1631 1623 1632
f 1632 1623 1633
f 1633 1623 1624
f 1633 1624 1634
f 1634 1624 1625
f 1634 1625 1635
f 1635 1625 1626
f 1627 1619 1636
f 1636 1619 1628
f 1588 1577 1637
f 1637 1577 1576
f 1576 1571 1638
f 1638 1571 1608
f 1639 1640 1611
f 1611 1640 1613
f 1641 1572 1603
f 1603 1572 1570
f 1573 1642 1574
f 1574 1642 1643
f 1644 1642 1575
f 1575 1642 1573
f 1639 1645 1642
f 1642 1645 1643
f 1640 1639 1644
f 1644 1639 1642
f 1646 1647 1648
f 1648 1647 1638
f 1586 1587 1649
f 1649 1587 1609
f 1608 1607 1638
f 1638 1607 1648
f 1572 1609 1571
f 1571 1609 1608
f 1641 1649 1572
f 1572 1649 1609
f 1638 1647 1576
f 1576 1647 1637
f 1650 1640 1651
f 1651 1640 1644
f 1585 1591 1587
f 1587 1591 1607
f 1611 1614 1639
f 1639 1614 1645
f 1616 1646 1593
f 1593 1646 1648
f 1591 1593 1607
f 1607 1593 1648
f 1652 1653 1654
f 1654 1653 1655
f 1652 1654 1656
f 1656 1654 1657
f 1658 1659 1660
f 1660 1659 1661
f 1662 1663 1664
f 1664 1663 1665
f 1662 1666 1663
f 1663 1666 1667
f 1660 1668 1658
f 1658 1668 1669
f 1670 1671 1668
f 1668 1671 1672
f 1673 1674 1675
f 1675 1674 1676
f 1674 1673 1677
f 1677 1673 1678
f 1679 1670 1660
f 1660 1670 1668
f 1679 1660 1680
f 1680 1660 1661
f 1672 1671 1681
f 1681 1671 1682
f 1683 1684 1685
f 1685 1684 1686
f 1687 1688 1689
f 1689 1688 1690
f 1684 1691 1686
f 1686 1691 1692
f 1665 1682 1664
f 1664 1682 1671
f 1667 1666 1680
f 1680 1666 1679
f 1671 1670 1664
f 1664 1670 1662
f 1679 1666 1670
f 1670 1666 1662
f 1652 1673 1653
f 1653 1673 1675
f 1678 1673 1656
f 1656 1673 1652
f 1693 1694 1695
f 1695 1694 1696
f 1697 1693 1698
f 1698 1693 1695
f 1699 1700 1701
f 1701 1700 1702
f 1703 1704 1705
f 1705 1704 1706
f 1707 1703 1708
f 1708 1703 1705
f 1696 1694 1709
f 1709 1694 1710
f 1683 1711 1684
f 1684 1711 1712
f 1713 1714 1683
f 1683 1714 1711
f 1715 1716 1717
f 1717 1716 1718
f 1715 1719 1716
f 1716 1719 1720
f 1719 1688 1720
f 1720 1688 1721
f 1688 1687 1721
f 1721 1687 1722
f 1691 1684 1723
f 1723 1684 1712
f 1724 1725 1726
f 1726 1725 1727
f 1669 1725 1658
f 1658 1725 1728
f 1729 1730 1731
f 1731 1730 1732
f 1733 1729 1734
f 1734 1729 1731
f 1730 1729 1735
f 1735 1729 1736
f 1729 1733 1736
f 1736 1733 1737
f 1738 1739 1740
f 1740 1739 1727
f 1728 1741 1658
f 1658 1741 1659
f 1740 1727 1669
f 1669 1727 1725
f 1728 1725 1742
f 1742 1725 1724
f 1741 1728 1743
f 1743 1728 1742
f 1726 1727 1744
f 1744 1727 1739
f 1745 1746 1711
f 1711 1746 1712
f 1714 1747 1711
f 1711 1747 1745
f 1748 1749 1716
f 1716 1749 1718
f 1750 1748 1720
f 1720 1748 1716
f 1751 1750 1721
f 1721 1750 1720
f 1752 1751 1722
f 1722 1751 1721
f 1746 1753 1712
f 1712 1753 1723
f 1735 1736 1677
f 1677 1736 1674
f 1676 1674 1737
f 1737 1674 1736
f 1740 1672 1738
f 1738 1672 1681
f 1740 1669 1672
f 1672 1669 1668
f 1754 1755 1756
f 1756 1755 1757
f 1758 1754 1759
f 1759 1754 1756
f 1760 1761 1762
f 1762 1761 1763
f 1760 1762 1764
f 1764 1762 1765
f 1766 1767 1768
f 1768 1767 1769
f 1770 1771 1772
f 1772 1771 1773
f 1770 1774 1771
f 1771 1774 1775
f 1776 1777 1778
f 1778 1777 1779
f 1780 1781 1782
f 1782 1781 1783
f 1784 1785 1777
f 1777 1785 1786
f 1787 1788 1789
f 1789 1788 1790
f 1790 1788 1791
f 1791 1788 1792
f 1793 1784 1776
f 1776 1784 1777
f 1793 1776 1794
f 1794 1776 1795
f 1785 1796 1786
f 1786 1796 1797
f 1798 1799 1800
f 1800 1799 1801
f 1772 1773 1785
f 1785 1773 1796
f 1775 1774 1794
f 1794 1774 1793
f 1785 1784 1772
f 1772 1784 1770
f 1793 1774 1784
f 1784 1774 1770
f 1788 1787 1760
f 1760 1787 1761
f 1788 1760 1792
f 1792 1760 1764
f 1802 1803 1804
f 1804 1803 1805
f 1806 1795 1778
f 1778 1795 1776
f 1807 1808 1790
f 1790 1808 1789
f 1809 1810 1811
f 1811 1810 1812
f 1791 1813 1790
f 1790 1813 1807
f 1786 1797 1814
f 1814 1797 1815
f 1777 1786 1779
f 1779 1786 1814
f 1816 1817 1818
f 1818 1817 1819
f 1817 1820 1819
f 1819 1820 1821
f 1817 1816 1822
f 1822 1816 1823
f 1824 1825 1826
f 1826 1825 1827
f 1828 1829 1830
f 1830 1829 1831
f 1829 1828 1832
f 1832 1828 1833
f 1834 1828 1835
f 1835 1828 1830
f 1836 1837 1838
f 1838 1837 1839
f 1840 1841 1842
f 1842 1841 1843
f 1697 1844 1693
f 1693 1844 1845
f 1846 1847 1844
f 1844 1847 1845
f 1848 1849 1850
f 1850 1849 1851
f 1851 1852 1853
f 1853 1852 1854
f 1855 1694 1845
f 1845 1694 1693
f 1710 1694 1856
f 1856 1694 1855
f 1710 1857 1858
f 1858 1857 1859
f 1860 1703 1861
f 1861 1703 1707
f 1704 1703 1862
f 1862 1703 1860
f 1699 1704 1863
f 1863 1704 1862
f 1700 1699 1864
f 1864 1699 1863
f 1865 1866 1867
f 1867 1866 1868
f 1868 1866 1869
f 1869 1866 1870
f 1840 1871 1841
f 1841 1871 1872
f 1873 1874 1871
f 1871 1874 1875
f 1876 1840 1877
f 1877 1840 1842
f 1878 1879 1880
f 1880 1879 1881
f 1882 1883 1884
f 1884 1883 1885
f 1886 1882 1887
f 1887 1882 1884
f 1888 1464 1889
f 1889 1464 1462
f 1890 1457 1891
f 1891 1457 1459
f 1892 1888 1893
f 1893 1888 1889
f 1463 1464 1894
f 1894 1464 1895
f 1464 1888 1895
f 1895 1888 1890
f 1888 1892 1890
f 1890 1892 1457
f 1450 1451 1896
f 1896 1451 1897
f 1898 1899 1900
f 1900 1899 1901
f 1899 1898 1453
f 1453 1898 1902
f 1903 1901 1904
f 1904 1901 1899
f 1893 1905 1892
f 1892 1905 1906
f 1458 1457 1906
f 1906 1457 1892
f 1453 1452 1899
f 1899 1452 1904
f 1416 1907 1417
f 1417 1907 1431
f 1385 1413 1412
f 1413 1385 1384
f 1422 1443 1424
f 1424 1443 1441
f 1413 1384 1416
f 1416 1384 1907
f 1438 1409 1408
f 1409 1438 1437
f 1382 1907 1381
f 1381 1907 1384
f 1430 1432 1429
f 1429 1432 1431
f 1907 1382 1431
f 1431 1382 1429
f 1908 1909 1910
f 1910 1909 1911
f 1910 1911 1460
f 1460 1911 1459
f 1912 1913 1914
f 1914 1913 1915
f 1916 1917 1918
f 1918 1917 1919
f 1920 1921 1922
f 1922 1921 1923
f 1916 1924 1925
f 1925 1924 1926
f 1927 1928 1929
f 1929 1928 1930
f 1929 1931 1927
f 1927 1931 1932
f 1933 1934 1935
f 1935 1934 1936
f 1935 1937 1933
f 1933 1937 1938
f 1937 1939 1938
f 1938 1939 1940
f 1915 1941 1942
f 1942 1941 1943
f 1944 1945 1946
f 1946 1945 1947
f 1948 1944 1949
f 1949 1944 1946
f 1949 1950 1948
f 1948 1950 1951
f 1952 1953 1954
f 1954 1953 1955
f 1956 1952 1957
f 1957 1952 1954
f 1918 1958 1916
f 1916 1958 1924
f 1959 1943 1960
f 1960 1943 1941
f 1961 1962 1365
f 1365 1962 1363
f 1963 1361 1962
f 1962 1361 1363
f 1964 1965 1966
f 1966 1965 1967
f 1968 1969 1970
f 1970 1969 1971
f 1361 1963 1964
f 1964 1963 1965
f 1972 1397 1973
f 1973 1397 1399
f 1974 1975 1976
f 1976 1975 1977
f 1966 1967 1978
f 1978 1967 1979
f 1902 1980 1981
f 1981 1980 1982
f 1983 1984 1985
f 1985 1984 1986
f 1987 1970 1988
f 1988 1970 1971
f 1989 1855 1990
f 1990 1855 1845
f 1991 1992 1993
f 1993 1992 1994
f 1995 1996 1851
f 1851 1996 1852
f 1997 1995 1849
f 1849 1995 1851
f 1998 1999 2000
f 2000 1999 2001
f 2002 1859 2003
f 2003 1859 1857
f 1862 1860 2004
f 2004 1860 2005
f 2006 1461 2007
f 2007 1461 1463
f 2008 2009 2010
f 2010 2009 2011
f 2012 2008 2013
f 2013 2008 2010
f 2014 2012 2015
f 2015 2012 2013
f 2016 2017 2018
f 2018 2017 2019
f 2020 2017 2021
f 2021 2017 2022
f 2017 2016 2022
f 2022 2016 2023
f 2024 2023 2025
f 2025 2023 2016
f 2026 2027 2022
f 2022 2027 2021
f 2028 2026 2023
f 2023 2026 2022
f 2029 2028 2024
f 2024 2028 2023
f 1396 1394 2030
f 2030 1394 2031
f 1427 1428 2032
f 2032 1428 1434
f 2033 1395 2034
f 2034 1395 1396
f 1426 2035 1428
f 1428 2035 1435
f 1979 1987 1978
f 1978 1987 1988
f 2036 1433 2034
f 2034 1433 1435
f 2034 1396 2036
f 2036 1396 2030
f 1449 2037 2038
f 2038 1451 1449
f 2038 2039 1451
f 1451 2039 1897
f 1896 2040 1450
f 1450 2040 1447
f 2034 1435 2033
f 2033 1435 2035
f 2041 2042 1394
f 1394 2042 2031
f 1393 2043 1394
f 1394 2043 2041
f 2044 1925 2037
f 2037 1925 2038
f 1925 1926 2038
f 2038 1926 2039
f 1894 2045 1463
f 1463 2045 2007
f 1891 1459 2046
f 2046 1459 1911
f 2046 1911 2047
f 2047 1911 1909
f 1891 2048 1890
f 1890 2048 1895
f 2046 2049 1891
f 1891 2049 2048
f 2049 2046 2050
f 2050 2046 2047
f 1894 1895 2051
f 2051 1895 2048
f 2049 2052 2048
f 2048 2052 2051
f 2052 2049 2053
f 2053 2049 2050
f 2054 2051 2055
f 2055 2051 2052
f 2055 2052 2056
f 2056 2052 2053
f 2057 2058 1886
f 1886 2058 1882
f 2059 2060 2061
f 2061 2060 2062
f 2063 2064 2065
f 2065 2064 2066
f 2067 2068 2063
f 2063 2068 2064
f 2069 2070 2071
f 2071 2070 2072
f 2073 2074 2067
f 2067 2074 2068
f 2060 2075 2062
f 2062 2075 2076
f 2077 2063 2078
f 2078 2063 2065
f 2063 2077 2067
f 2067 2077 2079
f 2080 1930 2081
f 2081 1930 1928
f 2060 2059 2082
f 2082 2059 2083
f 2075 2060 2084
f 2084 2060 2082
f 1922 1923 2085
f 2085 1923 2086
f 2087 2088 2089
f 2089 2088 2090
f 2088 2091 2090
f 2090 2091 2092
f 2082 2083 2093
f 2093 2083 2094
f 2084 2082 2095
f 2095 2082 2093
f 2096 2086 2097
f 2097 2086 1923
f 2097 2098 2096
f 2096 2098 2099
f 2100 2101 1455
f 1455 1981 2100
f 2089 2090 2102
f 2102 2090 2103
f 2104 2103 2092
f 2092 2103 2090
f 2105 2106 2107
f 2107 2106 2108
f 2109 2110 2111
f 2111 2110 2112
f 2113 2114 2112
f 2112 2114 2111
f 2115 2116 2117
f 2117 2116 2118
f 1456 2119 2120
f 2120 2119 2121
f 2122 2101 2123
f 2123 2101 2100
f 2107 2108 2122
f 2122 2108 2101
f 2115 2124 2093
f 2093 2124 2095
f 2113 2112 2125
f 2125 2112 2126
f 2127 2126 2110
f 2110 2126 2112
f 2126 2127 2128
f 2128 2127 2129
f 2125 2126 2130
f 2130 2126 2128
f 2131 2132 1839
f 1839 2132 1838
f 2133 2134 1831
f 1831 2134 1830
f 1818 2135 1816
f 1816 2135 2136
f 1831 2137 2133
f 2133 2137 2138
f 2139 2131 2140
f 2140 2131 1839
f 2141 2142 2143
f 2143 2142 2144
f 2145 2146 2147
f 2147 2146 2148
f 2149 2150 2151
f 2151 2150 2152
f 2150 2149 1876
f 1876 2149 1840
f 2153 2154 1818
f 1818 2154 2135
f 1826 2155 1824
f 1824 2155 2156
f 2157 2158 1826
f 1826 2158 2155
f 2159 2160 2161
f 2161 2160 2162
f 2155 2163 2156
f 2156 2163 2164
f 2158 2165 2155
f 2155 2165 2163
f 2144 2159 2166
f 2166 2159 2161
f 2143 2144 2167
f 2167 2144 2166
f 2168 2169 2166
f 2166 2169 2167
f 2146 2170 2148
f 2148 2170 2171
f 2148 2171 2172
f 2172 2171 2173
f 2147 2148 2174
f 2174 2148 2172
f 2175 2176 2177
f 2177 2176 2178
f 1868 1869 2177
f 2177 1869 2175
f 2179 2153 1819
f 1819 2153 1818
f 1819 1821 2179
f 2179 1821 2180
f 2181 2027 2182
f 2182 2027 2026
f 2183 2182 2028
f 2028 2182 2026
f 2184 2183 2029
f 2029 2183 2028
f 2051 2185 1894
f 1894 2185 2045
f 2051 2054 2185
f 2185 2054 2186
f 2184 2187 2183
f 2183 2187 2188
f 2189 1829 2190
f 2190 1829 1832
f 1829 2189 1831
f 1831 2189 2137
f 1999 1998 2191
f 2191 1998 2192
f 2193 1999 2194
f 2194 1999 2191
f 2071 2072 2195
f 2195 2072 2196
f 2197 2058 2195
f 2195 2058 2071
f 2198 1882 2197
f 2197 1882 2058
f 1882 2198 1883
f 1883 2198 2199
f 2200 1998 2201
f 2201 1998 2000
f 2202 2203 2204
f 2204 2203 2205
f 2206 1850 1853
f 1853 1850 1851
f 1853 1854 2207
f 2207 1854 2208
f 1854 2202 2208
f 2208 2202 2204
f 1852 2209 1854
f 1854 2209 2202
f 1873 2149 1878
f 1878 2149 2151
f 1871 1875 1872
f 1872 1875 2210
f 1871 1840 1873
f 1873 1840 2149
f 1878 1880 1873
f 1873 1880 1874
f 1879 1878 2211
f 2211 1878 2151
f 2212 2213 2192
f 2192 2213 2191
f 2214 2215 2196
f 2196 2215 2195
f 2195 2215 2197
f 2197 2215 2216
f 2197 2216 2198
f 2198 2216 2217
f 2198 2217 2199
f 2199 2217 2218
f 2219 2212 2220
f 2220 2212 2192
f 1696 2221 1695
f 1695 2221 2222
f 2223 2224 1702
f 1702 2224 1701
f 2224 2225 1701
f 1701 2225 1706
f 2225 2226 1706
f 1706 2226 1705
f 2226 2227 1705
f 1705 2227 1708
f 2221 1696 2228
f 2228 1696 1709
f 2229 1802 2230
f 2230 1802 2231
f 1802 1804 2231
f 2231 1804 2232
f 2233 2234 2235
f 2235 2234 2236
f 2236 2234 2237
f 2237 2234 2238
f 2237 2238 2239
f 2239 2238 2240
f 2239 2240 2241
f 2241 2240 2242
f 2243 2229 2244
f 2244 2229 2230
f 1853 2207 2206
f 2206 2207 2245
f 1410 2246 2247
f 2246 1410 1407
f 1414 2248 2249
f 2248 1414 1411
f 1411 2250 2248
f 2250 1411 1415
f 1415 2251 2250
f 2251 1415 1418
f 2251 1418 2252
f 2252 1418 1420
f 2253 1421 2254
f 2254 1421 1423
f 1427 2255 1425
f 1425 2255 2256
f 2254 1423 2257
f 2257 1423 1969
f 2255 1427 2258
f 2258 1427 2032
f 2257 1969 2259
f 2259 1969 1968
f 2260 2261 2262
f 2262 2261 1991
f 2263 2264 2244
f 2244 2264 2265
f 2266 2230 2262
f 2262 2230 2231
f 1993 2266 1991
f 1991 2266 2262
f 1993 2267 2266
f 2266 2267 2263
f 2266 2263 2230
f 2230 2263 2244
f 2268 2239 2269
f 2269 2239 2241
f 1868 2268 1867
f 1867 2268 2269
f 2270 2271 2272
f 2272 2271 2178
f 2235 2236 2270
f 2270 2236 2271
f 2237 2273 2236
f 2236 2273 2271
f 2273 2177 2271
f 2271 2177 2178
f 2273 2237 2268
f 2268 2237 2239
f 2177 2273 1868
f 1868 2273 2268
f 2274 2275 1757
f 1757 2275 1756
f 2275 2276 1756
f 1756 2276 1759
f 2275 2274 2277
f 2277 2274 2278
f 2276 2275 2279
f 2279 2275 2277
f 2280 2281 2282
f 2282 2281 2283
f 2280 2284 2281
f 2281 2284 2285
f 2286 2287 2288
f 2288 2287 2289
f 2286 2288 1800
f 1800 2288 1769
f 2287 2286 2290
f 2290 2286 2291
f 1800 1801 2286
f 2286 1801 2291
f 1800 1769 1798
f 1798 1769 1767
f 2287 2292 2289
f 2289 2292 2293
f 2294 2278 2295
f 2295 2278 2274
f 2292 2287 2296
f 2296 2287 2290
f 1809 1811 1781
f 1781 1811 1783
f 1780 1782 2297
f 2297 1782 2298
f 2299 2285 2300
f 2300 2285 2284
f 2301 1803 2229
f 2229 1803 1802
f 2233 2302 2234
f 2234 2302 2303
f 2303 2304 2234
f 2234 2304 2238
f 2238 2304 2240
f 2240 2304 2305
f 2240 2305 2242
f 2242 2305 2306
f 2307 2301 2243
f 2243 2301 2229
f 2222 1745 2308
f 2308 1745 1747
f 2309 2310 1724
f 1724 2310 1742
f 2310 2311 1742
f 1742 2311 1743
f 1731 1732 2312
f 2312 1732 2313
f 1734 1731 2314
f 2314 1731 2312
f 2315 2309 1726
f 1726 2309 1724
f 1744 2316 1726
f 1726 2316 2315
f 2310 2309 2317
f 2317 2309 2318
f 2317 2319 2310
f 2310 2319 2311
f 1685 1686 2313
f 2313 1686 2312
f 1686 1692 2312
f 2312 1692 2314
f 2318 2309 1690
f 1690 2309 2315
f 2315 2316 1690
f 1690 2316 1689
f 2318 1690 1719
f 1719 1690 1688
f 2319 2317 1717
f 1717 2317 1715
f 2317 2318 1715
f 1715 2318 1719
f 2320 2321 1526
f 1526 2321 1525
f 1528 2322 1526
f 1526 2322 2320
f 2323 2324 1532
f 1532 2324 1531
f 1534 2325 1532
f 1532 2325 2323
f 1536 2326 1534
f 1534 2326 2325
f 2326 1536 2327
f 2327 1536 1538
f 2321 2328 1525
f 1525 2328 1540
f 1782 1783 2329
f 2329 1783 2330
f 2329 2331 1782
f 1782 2331 2298
f 1754 2280 1755
f 1755 2280 2282
f 1754 1758 2280
f 2280 1758 2284
f 2330 1783 1768
f 1768 1783 1811
f 2330 1768 2288
f 2288 1768 1769
f 2289 2293 2329
f 2329 2293 2331
f 2329 2330 2289
f 2289 2330 2288
f 1811 1812 1768
f 1768 1812 1766
f 1499 1500 1523
f 1523 1500 1524
f 1500 2332 1524
f 1524 2332 1527
f 1501 1502 1529
f 1529 1502 1530
f 1502 1503 1530
f 1530 1503 1533
f 1533 1503 1535
f 1535 1503 1504
f 1535 1504 1537
f 1537 1504 1505
f 1506 1499 1539
f 1539 1499 1523
f 1514 1542 1516
f 1516 1542 1546
f 1555 1556 1511
f 1511 1556 1508
f 1508 1556 1510
f 1510 1556 1557
f 1516 1546 1518
f 1518 1546 1547
f 1521 1487 1519
f 1519 1487 1489
f 1519 1489 1514
f 1514 1489 1542
f 2333 2334 1629
f 1629 2334 1628
f 2335 2333 1630
f 1630 2333 1629
f 2336 2337 1632
f 1632 2337 1631
f 2338 2336 1633
f 1633 2336 1632
f 2339 2338 1634
f 1634 2338 1633
f 2340 2339 1635
f 1635 2339 1634
f 2334 2341 1628
f 1628 2341 1636
f 1836 2064 1837
f 1837 2064 2068
f 2064 1836 2066
f 2066 1836 2342
f 2172 2059 2174
f 2174 2059 2061
f 2173 2083 2172
f 2172 2083 2059
f 2094 2083 2343
f 2343 2083 2173
f 2171 2344 2173
f 2173 2344 2343
f 1837 2345 1839
f 1839 2345 2140
f 2346 2347 2348
f 2348 2347 2349
f 2347 2350 2349
f 2349 2350 2351
f 2350 2352 2351
f 2351 2352 2353
f 2352 2354 2353
f 2353 2354 2355
f 2356 2357 2358
f 2358 2357 2359
f 2360 2361 2356
f 2356 2361 2357
f 2362 2361 2363
f 2363 2361 2360
f 2364 2365 2366
f 2366 2365 2367
f 2368 2369 2370
f 2370 2369 2371
f 2372 2373 2374
f 2374 2373 2375
f 2376 2377 2349
f 2349 2377 2348
f 2378 2376 2351
f 2351 2376 2349
f 2379 2378 2353
f 2353 2378 2351
f 2380 2379 2355
f 2355 2379 2353
f 2358 2381 2356
f 2356 2381 2382
f 2382 2383 2356
f 2356 2383 2360
f 2383 2384 2360
f 2360 2384 2363
f 2355 2363 2380
f 2380 2363 2384
f 2366 2367 2385
f 2385 2367 2386
f 2370 2387 2368
f 2368 2387 2388
f 2374 2389 2372
f 2372 2389 2390
f 2372 2390 2391
f 2391 2390 2392
f 2393 2394 2395
f 2395 2394 2396
f 2397 2398 1908
f 1908 2398 1909
f 2377 2376 2397
f 2397 2376 2398
f 2398 2399 1909
f 1909 2399 2047
f 2376 2378 2398
f 2398 2378 2399
f 2378 2379 2399
f 2399 2379 2400
f 2399 2400 2047
f 2047 2400 2050
f 2379 2380 2400
f 2400 2380 2401
f 2400 2401 2050
f 2050 2401 2053
f 2160 2402 2162
f 2162 2402 2403
f 2402 2382 2403
f 2403 2382 2381
f 2404 2402 2405
f 2405 2402 2160
f 2383 2382 2404
f 2404 2382 2402
f 2406 2404 2056
f 2056 2404 2405
f 2384 2383 2406
f 2406 2383 2404
f 2056 2053 2406
f 2406 2053 2401
f 2380 2384 2401
f 2401 2384 2406
f 2121 2119 2407
f 2407 2119 2408
f 2385 2386 2408
f 2408 2386 2407
f 2105 2409 2106
f 2106 2409 2410
f 2409 2388 2410
f 2410 2388 2387
f 2111 2411 2109
f 2109 2411 2412
f 2411 2390 2412
f 2412 2390 2389
f 2114 2413 2111
f 2111 2413 2411
f 2390 2411 2392
f 2392 2411 2413
f 2116 2414 2118
f 2118 2414 2415
f 2395 2416 2393
f 2393 2416 2417
f 2416 2343 2417
f 2417 2343 2344
f 2418 2419 2420
f 2420 2419 2421
f 2422 2247 2246
f 2247 2422 2423
f 2255 2421 2256
f 2256 2421 2419
f 2421 2255 2424
f 2424 2255 2258
f 2425 2426 2427
f 2427 2426 2428
f 2426 2429 2428
f 2428 2429 2430
f 2429 2431 2430
f 2430 2431 2432
f 2431 2433 2432
f 2432 2433 2434
f 2435 2436 2437
f 2437 2436 2438
f 2429 2248 2250
f 2248 2429 2426
f 2431 2250 2251
f 2250 2431 2429
f 2433 2251 2252
f 2251 2433 2431
f 2436 2253 2254
f 2253 2436 2435
f 2426 2249 2248
f 2249 2426 2425
f 2427 2428 2439
f 2439 2428 2440
f 2428 2430 2440
f 2440 2430 2441
f 2430 2432 2441
f 2441 2432 2442
f 2432 2434 2442
f 2442 2434 2443
f 2437 2438 2444
f 2444 2438 2445
f 2446 2418 1446
f 1446 2418 2420
f 2420 2421 2447
f 2447 2421 2424
f 2448 2449 2450
f 2450 2449 2451
f 2452 2427 2453
f 2453 2427 2439
f 2422 2454 2423
f 2423 2454 2455
f 2067 2079 2073
f 2073 2079 2456
f 2457 2458 2459
f 2459 2458 2460
f 2458 2461 2460
f 2460 2461 2462
f 2463 2464 2465
f 2465 2464 2466
f 2464 2467 2466
f 2466 2467 2468
f 2467 2469 2468
f 2468 2469 2470
f 2471 2472 2473
f 2473 2472 2474
f 1928 1927 2457
f 2457 1927 2458
f 2461 2458 1932
f 1932 2458 1927
f 1934 1933 2463
f 2463 1933 2464
f 2467 2464 1938
f 1938 2464 1933
f 2469 2467 1940
f 1940 2467 1938
f 2472 1913 2474
f 2474 1913 1912
f 1960 1941 2471
f 2471 1941 2472
f 2457 2475 1928
f 1928 2475 2081
f 2089 2476 2087
f 2087 2476 2477
f 1915 1913 1941
f 1941 1913 2472
f 2098 2097 2478
f 2478 2097 2479
f 1945 1944 1920
f 1920 1944 1921
f 1953 1952 2477
f 2477 1952 2087
f 1952 1956 2087
f 2087 1956 2088
f 1958 1918 2480
f 2480 1918 2481
f 1918 1919 2481
f 2481 1919 2482
f 1921 2479 1923
f 1923 2479 2097
f 2478 2479 1951
f 1951 2479 1948
f 2481 2482 2483
f 2483 2482 2484
f 2485 2483 1959
f 1959 2483 1943
f 2480 2481 2485
f 2485 2481 2483
f 1946 1947 1937
f 1937 1947 1939
f 1949 1946 1935
f 1935 1946 1937
f 1950 1949 1936
f 1936 1949 1935
f 1954 1955 1929
f 1929 1955 1931
f 1929 1930 1954
f 1954 1930 1957
f 1942 1943 2484
f 2484 1943 2483
f 2002 2003 2486
f 2486 2003 2487
f 2078 2065 2076
f 2076 2065 2062
f 1861 2488 1860
f 1860 2488 2005
f 2447 1444 2420
f 2420 1444 1446
f 2489 1468 2490
f 2490 1468 1466
f 1561 1553 2491
f 2491 1553 1555
f 1552 1469 1560
f 1560 1469 2492
f 1511 1512 2493
f 2493 1512 2494
f 1469 1470 2492
f 2492 1470 2495
f 2332 1500 2489
f 2489 1500 1468
f 1470 1506 2495
f 2495 1506 2496
f 2497 1509 2498
f 2498 1509 1510
f 1512 1483 2494
f 2494 1483 1484
f 2499 1539 2500
f 2500 1539 1540
f 1482 1480 2497
f 2497 1480 1509
f 2490 1466 1562
f 1562 1466 1550
f 1557 1558 2501
f 2501 1558 1559
f 1621 1566 2502
f 2502 1566 1564
f 1614 1615 2503
f 2503 1615 2504
f 1564 1574 2502
f 2502 1574 2505
f 2506 1575 2507
f 2507 1575 1567
f 2507 1567 2508
f 2508 1567 1568
f 2509 1612 2510
f 2510 1612 1613
f 1615 1582 2504
f 2504 1582 1583
f 1568 1627 2508
f 2508 1627 2511
f 1581 1579 2509
f 2509 1579 1612
f 2511 1627 2512
f 2512 1627 1636
f 1574 1643 2505
f 2505 1643 2513
f 1613 1640 2510
f 2510 1640 1650
f 2513 1643 2514
f 2514 1643 1645
f 1651 1644 2506
f 2506 1644 1575
f 1645 1614 2514
f 2514 1614 2503
f 2515 1676 2516
f 2516 1676 1737
f 1677 1678 2517
f 2517 1678 2518
f 1734 2314 2519
f 2519 2314 2520
f 1685 2521 1683
f 1683 2521 1713
f 2522 1675 2515
f 2515 1675 1676
f 1678 1656 2518
f 2518 1656 1657
f 1655 1653 2522
f 2522 1653 1675
f 1709 1710 2523
f 2523 1710 1858
f 2524 1691 2525
f 2525 1691 1723
f 2526 1732 2527
f 2527 1732 1730
f 2516 1737 2528
f 2528 1737 1733
f 2527 1730 2529
f 2529 1730 1735
f 2528 1733 2519
f 2519 1733 1734
f 1735 1677 2529
f 2529 1677 2517
f 1755 2530 1757
f 1757 2530 2531
f 1791 1792 2532
f 2532 1792 2533
f 2300 2284 2534
f 2534 2284 1758
f 2535 1787 2536
f 2536 1787 1789
f 1792 1764 2533
f 2533 1764 1765
f 2537 1759 2538
f 2538 1759 2276
f 1763 1761 2535
f 2535 1761 1787
f 2243 2539 2307
f 2307 2539 2540
f 2541 2282 2542
f 2542 2282 2283
f 1808 2543 1789
f 1789 2543 2536
f 1813 1791 2544
f 2544 1791 2532
f 2169 2545 2167
f 2167 2545 1834
f 2156 2164 1822
f 1822 2164 2546
f 1824 2156 1823
f 1823 2156 1822
f 1820 1817 2546
f 2546 1817 1822
f 1825 1824 2547
f 2547 1824 1823
f 1816 2136 1823
f 1823 2136 2547
f 2167 1834 2143
f 2143 1834 1835
f 1828 1834 1833
f 1833 1834 2545
f 2548 2147 2342
f 2342 2147 2174
f 2342 1836 2548
f 2548 1836 1838
f 2261 2549 1991
f 1991 2549 2550
f 2203 2202 2551
f 2551 2202 2209
f 2455 2015 2450
f 2450 2015 2552
f 1956 2553 2088
f 2088 2553 2091
f 2553 1956 2554
f 2554 1956 1957
f 2438 2555 2445
f 2445 2555 2556
f 2557 2001 2193
f 2193 2001 1999
f 1857 2558 2003
f 2003 2558 2559
f 2560 2561 2562
f 2020 2019 2017
f 2454 2014 2455
f 2455 2014 2015
f 2018 2019 2563
f 2564 2561 2565
f 2025 2006 2024
f 2024 2006 2007
f 2045 2029 2007
f 2007 2029 2024
f 2566 2567 2555
f 2555 2567 2556
f 2117 2118 2568
f 2568 2118 2569
f 2570 2571 2572
f 2572 2571 2415
f 2117 2568 2573
f 2574 2113 2125
f 2575 2145 2548
f 2548 2145 2147
f 2132 2575 1838
f 1838 2575 2548
f 2576 2141 1835
f 1835 2141 2143
f 2134 2576 1830
f 1830 2576 1835
f 2029 2045 2184
f 2184 2045 2185
f 2185 2186 2184
f 2184 2186 2187
f 2200 2577 2220
f 2220 2577 2578
f 2213 2579 2191
f 2191 2579 2194
f 2578 2580 2220
f 2220 2580 2219
f 2222 2308 1695
f 1695 2308 1698
f 2523 2581 1709
f 1709 2581 2228
f 2539 2243 2265
f 2265 2243 2244
f 2262 2231 2260
f 2260 2231 2232
f 2267 2582 2263
f 2263 2582 2264
f 2295 2274 2531
f 2531 2274 1757
f 2538 2276 2583
f 2583 2276 2279
f 2228 2581 1753
f 1753 2581 2584
f 2520 2314 2585
f 2585 2314 1692
f 2586 2313 2526
f 2526 2313 1732
f 2521 1685 2586
f 2586 1685 2313
f 2585 1692 2524
f 2524 1692 1691
f 2530 1755 2541
f 2541 1755 2282
f 2534 1758 2537
f 2537 1758 1759
f 2496 1506 2499
f 2499 1506 1539
f 1557 2501 1510
f 1510 2501 2498
f 1555 1511 2491
f 2491 1511 2493
f 2066 2342 2061
f 2061 2342 2174
f 2587 2588 2589
f 2589 2588 2590
f 2589 2570 2587
f 2587 2570 2572
f 2118 2415 2569
f 2569 2415 2571
f 2439 2440 1461
f 1461 2440 1462
f 2440 2441 1462
f 1462 2441 1889
f 2441 2442 1889
f 1889 2442 1893
f 2442 2443 1893
f 1893 2443 1905
f 2444 2445 1903
f 1903 2445 1901
f 2567 2591 2556
f 2556 2591 1900
f 2040 2446 1447
f 1447 2446 1446
f 1986 2552 2013
f 2013 2552 2015
f 2453 2439 2006
f 2006 2439 1461
f 2592 2475 2459
f 2592 2459 2593
f 2554 1957 2080
f 2080 1957 1930
f 2065 2066 2062
f 2062 2066 2061
f 2594 2018 2595
f 2595 2018 2563
f 2453 2594 2452
f 2452 2594 2595
f 2594 2453 2025
f 2025 2453 2006
f 2018 2594 2016
f 2016 2594 2025
f 2596 2597 2462
f 2462 2597 2460
f 2459 2460 2593
f 2593 2460 2597
f 2598 2599 2468
f 2468 2599 2466
f 2465 2466 2600
f 2600 2466 2599
f 2601 2598 2470
f 2470 2598 2468
f 2602 2603 1914
f 1914 2603 1912
f 2603 2604 1912
f 1912 2604 2474
f 2603 2602 1994
f 1994 2602 2605
f 2598 2601 1996
f 1996 2601 2606
f 2599 2598 1995
f 1995 2598 1996
f 2600 2599 1997
f 1997 2599 1995
f 2473 2474 2607
f 2607 2474 2604
f 2604 2603 1992
f 1992 2603 1994
f 2593 2597 2001
f 2001 2597 2000
f 2597 2596 2000
f 2000 2596 2201
f 2607 2604 2608
f 2608 2604 1992
f 2488 2609 2005
f 2005 2609 2610
f 2611 2612 2069
f 2069 2612 2070
f 2592 2593 2557
f 2557 2593 2001
f 2074 2073 2611
f 2611 2073 2612
f 1877 2613 1876
f 1876 2613 2614
f 2613 2138 2614
f 2614 2138 2137
f 1887 2615 1886
f 1886 2615 2616
f 2615 2139 2616
f 2616 2139 2140
f 1869 1870 2617
f 2617 1870 2618
f 2180 2619 2179
f 2179 2619 2620
f 2620 2619 2175
f 2175 2619 2176
f 2617 2620 1869
f 1869 2620 2175
f 2153 2179 2617
f 2617 2179 2620
f 2621 2189 2622
f 2622 2189 2190
f 2189 2621 2137
f 2137 2621 2614
f 1876 2614 2150
f 2150 2614 2621
f 2623 2057 2616
f 2616 2057 1886
f 2610 2624 2005
f 2005 2624 2004
f 2617 2618 2153
f 2153 2618 2154
f 2150 2621 2152
f 2152 2621 2622
f 2027 2181 2610
f 2610 2181 2624
f 2345 2623 2140
f 2140 2623 2616
f 2609 2021 2610
f 2610 2021 2027
f 2456 2612 2073
f 2459 2475 2457
f 2021 2609 2020
f 2562 2486 2487
f 1856 1855 2625
f 2625 1855 1989
f 2625 1989 2626
f 2626 1989 2627
f 2626 2628 2625
f 2625 2628 2629
f 2627 1989 2630
f 2630 1989 1990
f 2631 2632 2633
f 2633 2632 2634
f 2635 2636 2637
f 2637 2636 2638
f 2636 2639 2638
f 2638 2639 2640
f 2627 2630 2641
f 2641 2630 2642
f 2643 2644 2631
f 2631 2644 2632
f 2560 2487 2645
f 2487 2560 2562
f 2487 2003 2646
f 2646 2003 2559
f 1917 1916 2044
f 2044 1916 1925
f 2647 2648 2643
f 2643 2648 2644
f 2642 2635 2641
f 2641 2635 2637
f 2649 2650 2639
f 2639 2650 2640
f 2009 2631 2011
f 2011 2631 2633
f 2651 2647 2652
f 2647 2651 2650
f 2637 2638 2626
f 2626 2638 2628
f 2626 2627 2637
f 2637 2627 2641
f 2647 2009 2652
f 2652 2009 2653
f 2634 2654 2633
f 2633 2654 2011
f 2655 1974 2656
f 2656 1974 1976
f 1398 1961 1400
f 1400 1961 1365
f 1975 1972 1977
f 1977 1972 1973
f 2449 2657 2451
f 2451 2657 2658
f 2591 2659 1900
f 1900 2659 1898
f 2659 1980 1898
f 1898 1980 1902
f 2656 1976 1410
f 1410 1976 1408
f 1399 1400 1404
f 1404 1400 1403
f 1389 1964 1390
f 1390 1964 1966
f 1400 1365 1403
f 1403 1365 1366
f 1971 1969 1424
f 1424 1969 1423
f 1362 1361 1389
f 1389 1361 1964
f 2445 2556 1901
f 1901 2556 1900
f 1976 1977 1408
f 1408 1977 1438
f 1441 1440 1988
f 1988 1440 1978
f 2257 2660 2254
f 2254 2660 2436
f 1440 1390 1978
f 1978 1390 1966
f 1399 1404 1973
f 1973 1404 1436
f 1453 1902 1455
f 1455 1902 1981
f 2423 2455 2451
f 2451 2455 2450
f 1985 1986 2010
f 2010 1986 2013
f 1424 1441 1971
f 1971 1441 1988
f 1438 1977 1436
f 1436 1977 1973
f 2085 2086 1982
f 1982 2086 1981
f 2086 2096 1981
f 1981 2096 2100
f 2116 2115 2094
f 2094 2115 2093
f 2661 2414 2662
f 2662 2414 2663
f 2123 2100 2099
f 2099 2100 2096
f 2124 2115 2573
f 2573 2115 2117
f 2128 2129 2102
f 2102 2129 2664
f 2102 2103 2128
f 2128 2103 2130
f 2103 2104 2130
f 2130 2104 2665
f 2656 2658 2655
f 2655 2658 2657
f 2656 2247 2658
f 2247 2656 1410
f 2662 2666 2661
f 2661 2666 2667
f 2587 2572 2667
f 2667 2572 2661
f 2094 2663 2116
f 2116 2663 2414
f 2572 2415 2661
f 2661 2415 2414
f 2423 2658 2247
f 2658 2423 2451
f 2436 2660 2438
f 2438 2660 2555
f 2259 2668 2257
f 2257 2668 2660
f 2668 2566 2660
f 2660 2566 2555
f 2669 2448 2552
f 2552 2448 2450
f 2125 2130 2574
f 2574 2130 2665
f 1984 2669 1986
f 1986 2669 2552
f 2654 1985 2011
f 2011 1985 2010
f 2476 2089 2664
f 2664 2089 2102
f 2221 1746 2222
f 2222 1746 1745
f 1749 1748 2223
f 2223 1748 2224
f 1748 1750 2224
f 2224 1750 2225
f 1750 1751 2225
f 2225 1751 2226
f 1751 1752 2226
f 2226 1752 2227
f 2228 1753 2221
f 2221 1753 1746
f 1803 2301 2278
f 2278 2301 2277
f 2294 1805 2278
f 2278 1805 1803
f 2303 2302 2290
f 2290 2302 2296
f 2304 2303 2291
f 2291 2303 2290
f 1801 2305 2291
f 2291 2305 2304
f 2306 2305 1799
f 1799 2305 1801
f 2307 2540 2279
f 2279 2540 2583
f 2277 2301 2279
f 2279 2301 2307
f 2321 2320 2208
f 2208 2320 2207
f 2207 2320 2245
f 2245 2320 2322
f 1881 2324 1880
f 1880 2324 2323
f 1880 2323 1874
f 1874 2323 2325
f 1874 2325 1875
f 1875 2325 2326
f 1875 2326 2210
f 2210 2326 2327
f 2670 2328 2205
f 2205 2328 2204
f 2328 2321 2204
f 2204 2321 2208
f 2334 2333 2212
f 2212 2333 2213
f 2333 2335 2213
f 2213 2335 2579
f 2337 2336 2214
f 2214 2336 2215
f 2215 2336 2216
f 2216 2336 2338
f 2216 2338 2217
f 2217 2338 2339
f 2217 2339 2218
f 2218 2339 2340
f 2580 2671 2219
f 2219 2671 2341
f 2341 2334 2219
f 2219 2334 2212
f 1753 2584 1723
f 1723 2584 2525
f 2328 2670 1540
f 1540 2670 2500
f 2341 2671 1636
f 1636 2671 2512
f 2158 2157 2405
f 2405 2157 2056
f 1856 2558 1710
f 1710 2558 1857
f 2629 2628 2672
f 2672 2628 2673
f 2638 2640 2628
f 2628 2640 2673
f 2651 2673 2650
f 2650 2673 2640
f 2649 2648 2650
f 2650 2648 2647
f 1944 1948 1921
f 1921 1948 2479
f 1456 1454 1453
f 1454 1456 2120
f 1813 2544 2283
f 2283 2544 2542
f 1813 2283 1807
f 1807 2283 2281
f 1808 1807 2285
f 2285 1807 2281
f 2543 1808 2299
f 2299 1808 2285
f 1814 1815 1809
f 1809 1815 1810
f 1781 1779 1809
f 1809 1779 1814
f 1778 1779 1780
f 1780 1779 1781
f 1780 2297 1778
f 1778 2297 1806
f 2056 2157 2055
f 2055 2157 2674
f 2160 2165 2405
f 2405 2165 2158
f 2344 2171 2675
f 2675 2171 2170
f 1837 2068 2345
f 2345 2068 2074
f 2611 2623 2074
f 2074 2623 2345
f 2057 2623 2069
f 2069 2623 2611
f 2069 2071 2057
f 2057 2071 2058
f 1455 2101 1456
f 1456 2101 2108
f 1456 2108 2119
f 2119 2108 2106
f 2119 2106 2408
f 2408 2106 2410
f 2387 2385 2410
f 2410 2385 2408
f 2387 2370 2385
f 2385 2370 2366
f 2370 2371 2366
f 2366 2371 2364
f 1704 1699 1706
f 1706 1699 1701
f 2004 2676 1862
f 1862 2676 1863
f 2624 2677 2004
f 2004 2677 2676
f 2677 2624 2678
f 2678 2624 2181
f 2182 2679 2181
f 2181 2679 2678
f 2679 2182 2188
f 2188 2182 2183
f 1827 2674 1826
f 1826 2674 2157
f 1990 1845 2680
f 2680 1845 1847
f 1998 2200 2192
f 2192 2200 2220
f 2608 1992 2550
f 2550 1992 1991
f 2267 1993 2605
f 2605 1993 1994
f 1990 2680 2630
f 2630 2680 2681
f 2630 2681 2642
f 2642 2681 2682
f 2683 2635 2682
f 2682 2635 2642
f 2209 1852 2606
f 2606 1852 1996
f 2684 2636 2683
f 2683 2636 2635
f 2685 2639 2684
f 2684 2639 2636
f 2686 2649 2685
f 2685 2649 2639
f 2687 2648 2686
f 2686 2648 2649
f 2648 2687 2644
f 2644 2687 2688
f 2644 2688 2632
f 2632 2688 2689
f 2632 2689 2634
f 2634 2689 2690
f 2690 2691 2634
f 2634 2691 2654
f 1985 2654 1983
f 1983 2654 2691
f 2427 2452 2425
f 2425 2452 2692
f 2693 2692 2595
f 2595 2692 2452
f 2595 2563 2693
f 2014 2564 2012
f 2008 2012 2565
f 2565 2012 2564
f 2560 2645 2653
f 2653 2645 2652
f 2651 2672 2673
f 2672 2651 2694
f 2558 1856 2629
f 2629 1856 2625
f 2558 2629 2559
f 2559 2629 2672
f 2694 2646 2672
f 2672 2646 2559
f 2694 2652 2645
f 2652 2694 2651
f 2487 2646 2645
f 2645 2646 2694
f 2565 2653 2008
f 2008 2653 2009
f 2653 2565 2560
f 2560 2565 2561
f 2009 2647 2631
f 2631 2647 2643
f 2166 2161 2168
f 2168 2161 2675
f 2344 2675 2162
f 2162 2675 2161
f 2162 2403 2344
f 2344 2403 2417
f 2403 2381 2417
f 2417 2381 2393
f 2394 2393 2358
f 2358 2393 2381
f 2358 2359 2394
f 2394 2359 2695
f 2142 2696 2144
f 2144 2696 2159
f 2160 2159 2165
f 2165 2159 2696
f 2663 2094 2416
f 2416 2094 2343
f 2662 2663 2395
f 2395 2663 2416
f 2395 2396 2662
f 2662 2396 2666
f 2354 2362 2355
f 2355 2362 2363
f 2373 2372 2697
f 2697 2372 2391
f 2698 2396 2695
f 2695 2396 2394
f 2699 2667 2700
f 2700 2667 2666
f 2588 2587 2699
f 2699 2587 2667
f 2700 2666 2698
f 2698 2666 2396
f 2701 2702 2703
f 2703 2702 2704
f 2702 2705 2704
f 2704 2705 2706
f 2705 2707 2706
f 2707 2708 2706
f 2708 2709 2706
f 2706 2709 2710
f 2709 2711 2710
f 2710 2711 2712
f 2711 2713 2712
f 2713 2714 2712
f 2712 2714 2715
f 2714 2716 2715
f 2716 2717 2715
f 2717 2718 2715
f 2715 2718 2719
f 2718 2720 2719
f 1863 1866 1864
f 1864 1866 1865
f 1866 1863 1870
f 1870 1863 2676
f 1870 2676 2618
f 2618 2676 2677
f 1843 2272 1842
f 1842 2272 2178
f 1877 1842 2176
f 2176 1842 2178
f 2176 2619 1877
f 1877 2619 2613
f 1885 2211 1884
f 1884 2211 2151
f 1887 1884 2152
f 2152 1884 2151
f 2152 2622 1887
f 1887 2622 2615
f 2267 1847 2582
f 2582 1847 1846
f 1847 2267 2680
f 2680 2267 2605
f 2680 2605 2681
f 2681 2605 2602
f 2681 2602 2682
f 2682 2602 1914
f 2549 2551 2550
f 2550 2551 2209
f 2606 2608 2209
f 2209 2608 2550
f 2601 2607 2606
f 2606 2607 2608
f 2470 2473 2601
f 2601 2473 2607
f 2200 1849 2577
f 2577 1849 1848
f 2201 1997 2200
f 2200 1997 1849
f 2596 2600 2201
f 2201 2600 1997
f 2462 2465 2596
f 2596 2465 2600
f 2138 2613 2180
f 2180 2613 2619
f 2133 2138 1821
f 1821 2138 2180
f 2139 2615 2190
f 2190 2615 2622
f 2131 2139 1832
f 1832 2139 2190
f 2618 2677 2154
f 2154 2677 2678
f 2154 2678 2135
f 2135 2678 2679
f 2135 2679 2136
f 2136 2679 2188
f 2136 2188 2547
f 2547 2188 2187
f 2186 1825 2187
f 2187 1825 2547
f 1825 2186 1827
f 1827 2186 2054
f 2055 2674 2054
f 2054 2674 1827
f 2134 2133 1820
f 1820 2133 1821
f 2546 2576 1820
f 1820 2576 2134
f 2164 2141 2546
f 2546 2141 2576
f 2163 2142 2164
f 2164 2142 2141
f 2165 2696 2163
f 2163 2696 2142
f 2132 2131 1833
f 1833 2131 1832
f 2575 2132 2545
f 2545 2132 1833
f 2545 2169 2575
f 2575 2169 2145
f 2146 2145 2168
f 2168 2145 2169
f 2675 2170 2168
f 2168 2170 2146
f 2461 2463 2462
f 2462 2463 2465
f 1932 1934 2461
f 2461 1934 2463
f 1934 1932 1936
f 1936 1932 1931
f 1955 1950 1931
f 1931 1950 1936
f 1950 1955 1951
f 1951 1955 1953
f 2477 2478 1953
f 1953 2478 1951
f 2476 2098 2477
f 2477 2098 2478
f 2098 2476 2099
f 2099 2476 2664
f 2129 2123 2664
f 2664 2123 2099
f 2127 2122 2129
f 2129 2122 2123
f 2110 2107 2127
f 2127 2107 2122
f 2110 2109 2107
f 2107 2109 2105
f 2409 2105 2412
f 2412 2105 2109
f 2412 2389 2409
f 2409 2389 2388
f 2368 2388 2374
f 2374 2388 2389
f 2374 2375 2368
f 2368 2375 2369
f 1942 2684 1915
f 1915 2684 2683
f 2484 2685 1942
f 1942 2685 2684
f 2482 2686 2484
f 2484 2686 2685
f 1919 2687 2482
f 2482 2687 2686
f 2687 1919 2688
f 2688 1919 1917
f 2688 1917 2689
f 2689 1917 2044
f 2689 2044 2690
f 2690 2044 2037
f 2691 2690 1449
f 1449 2690 2037
f 1983 2691 1448
f 1448 2691 1449
f 1984 1983 1445
f 1445 1983 1448
f 2669 1984 1444
f 1444 1984 1445
f 2448 2669 2447
f 2447 2669 1444
f 2449 2448 2424
f 2424 2448 2447
f 2424 2258 2449
f 2449 2258 2657
f 2655 2657 2032
f 2032 2657 2258
f 1974 2655 1434
f 1434 2655 2032
f 1434 1433 1974
f 1974 1433 1975
f 1433 2036 1975
f 1975 2036 1972
f 1397 1972 2030
f 2030 1972 2036
f 1398 1397 2031
f 2031 1397 2030
f 2031 2042 1398
f 1398 2042 1961
f 2041 1962 2042
f 2042 1962 1961
f 2043 1963 2041
f 2041 1963 1962
f 1963 2043 1965
f 1965 2043 1393
f 1965 1393 1967
f 1967 1393 1395
f 1967 1395 1979
f 1979 1395 2033
f 1987 1979 2035
f 2035 1979 2033
f 1970 1987 1426
f 1426 1987 2035
f 1426 1425 1970
f 1970 1425 1968
f 2259 1968 2256
f 2256 1968 1425
f 2591 2567 2040
f 2040 2567 2446
f 1980 1897 1982
f 1982 1897 2039
f 1922 1924 1920
f 1920 1924 1958
f 2469 2471 2470
f 2470 2471 2473
f 1940 1960 2469
f 2469 1960 2471
f 1939 1959 1940
f 1940 1959 1960
f 1947 2485 1939
f 1939 2485 1959
f 1945 2480 1947
f 1947 2480 2485
f 1920 1958 1945
f 1945 1958 2480
f 1924 1922 1926
f 1926 1922 2085
f 1982 2039 2085
f 2085 2039 1926
f 1896 1897 2659
f 2659 1897 1980
f 2040 1896 2591
f 2591 1896 2659
f 2418 2446 2566
f 2566 2446 2567
f 2419 2418 2668
f 2668 2418 2566
f 2256 2419 2259
f 2259 2419 2668
f 2682 1914 2683
f 2683 1914 1915
