# Paired posed WebXR hands; MIT, Copyright (c) 2019 Amazon
v 47.916502014193185 -31.513176084860874 -40.14060379931905
v 51.14060906865018 -31.160121396711332 -39.509305226032794
v 47.02624752798587 -28.880895490718956 -36.37773863974697
v 49.82979916078774 -28.246000328621577 -35.587311494846375
v 45.035606987065066 -29.154509913112037 -32.20014237409167
v 47.46469671460841 -28.77244166371672 -30.967111903234265
v 52.03979282909659 -28.80524883151938 -34.425980364446936
v 53.189925673133835 -32.02286334380054 -38.23087242987077
v 49.42911151532022 -29.122201469187473 -30.091475671938333
v 53.189925673133835 -32.02286334380054 -38.23087242987077
v 54.08447296790762 -32.789461189050655 -37.01619269772651
v 52.03979282909659 -28.80524883151938 -34.425980364446936
v 53.52906108979807 -30.707899390771118 -32.95710067026839
v 49.42911151532022 -29.122201469187473 -30.091475671938333
v 50.956468089020476 -30.128511867439784 -29.59150677092915
v 45.24382619863019 -37.77880231877177 -24.153499579695954
v 47.34237918513142 -32.84021417812697 -26.660021936516994
v 47.37811442137376 -39.208396546538665 -25.78280955722395
v 49.11782671481711 -33.972609644209655 -27.73566037520997
v 49.805049952508156 -41.332561950968426 -29.892959590502027
v 46.416530733053364 -44.79575803946088 -23.432319406915834
v 48.93858738440463 -46.818630555931364 -27.811890196528633
v 44.064333976930605 -43.40447519995588 -21.715552962119812
v 46.05488108699182 -51.36607109049069 -21.664306485251963
v 43.42022526869999 -50.24255971277468 -19.49005031654091
v 52.95098682626372 -37.58591807462893 -36.346383892689815
v 50.661673458489375 -42.7577447737701 -34.846608517577266
v 51.72017418567094 -36.069603774287216 -31.52275290404921
v 50.5876983269749 -37.37973741401101 -41.36674342099593
v 48.90291378235385 -43.59483829034572 -40.56222302327025
v 52.2476163581948 -37.70814679548537 -39.033997613860556
v 50.2188506571628 -43.25832944866694 -37.705755408538025
v 40.86618434640061 -36.708808654634346 -39.52998232171945
v 39.053217426018264 -35.76891328298839 -36.88797723916176
v 38.736010544374075 -41.12585577683915 -39.46440305677986
v 36.49750552436916 -39.70014796925093 -36.35756705389805
v 37.32344120663247 -36.744301202539454 -28.85996728634154
v 40.112690258080214 -32.82967687885629 -30.897788740160728
v 39.478203297946806 -36.17276708371966 -25.85585406974173
v 42.16807685198548 -31.9586262047153 -28.788551035638758
v 47.34237918513142 -32.84021417812697 -26.660021936516994
v 45.24382619863019 -37.77880231877177 -24.153499579695954
v 44.73293985494999 -31.885829632367376 -27.22059305514205
v 42.31339183770337 -36.709074634451724 -23.964396896983466
v 50.2188506571628 -43.25832944866694 -37.705755408538025
v 52.2476163581948 -37.70814679548537 -39.033997613860556
v 41.88584009145317 -64.79473607831773 -17.27080366916797
v 39.031292860105886 -56.25035005093061 -17.605966252356673
v 42.7998728895062 -57.18552442273318 -18.522154258427413
v 37.6909227866087 -63.55074023622904 -17.11730527982188
v 45.2494638761966 -66.10676474388771 -19.949295829268635
v 42.7998728895062 -57.18552442273318 -18.522154258427413
v 45.269434176711655 -58.42751677107312 -20.85236936203362
v 41.88584009145317 -64.79473607831773 -17.27080366916797
v 46.80140551911977 -67.00723162231745 -24.180142858810285
v 46.741730921293005 -59.54399540036927 -25.084923611485593
v 46.83368278920796 -59.90461540551662 -29.94119571495949
v 46.65207963419637 -67.50829923015121 -28.931682788391313
v 46.01138688529336 -59.86919004402321 -32.91996800231903
v 45.51409259022501 -67.59969097470523 -32.13532930131307
v 45.51409259022501 -67.59969097470523 -32.13532930131307
v 46.01138688529336 -59.86919004402321 -32.91996800231903
v 43.43205103688334 -67.28255200482221 -34.63131812118539
v 44.24749753251011 -59.605741968613685 -35.336829918862335
v 32.74236726530957 -65.01999623331287 -33.70751029065949
v 33.84549297106851 -57.601414664062744 -34.38006281060262
v 30.589508984475945 -63.857398926901766 -30.11636157677184
v 32.01437873136234 -56.76259789762983 -30.60523283396849
v 49.322524563152925 -48.11559904979416 -32.72336471921168
v 48.64896845609617 -48.47449143474197 -35.669147488788454
v 48.466747249501594 -53.96288508347723 -31.131472864714755
v 47.569505881817896 -54.24194949016696 -33.97854989948148
v 32.7245435162035 -49.3861170967741 -27.801193507664873
v 31.540484060286524 -56.031173702593435 -26.457447220632965
v 33.229513871009104 -50.49279185279965 -32.018730167498546
v 40.85279875266177 -42.143364956479616 -21.010296087560768
v 43.42022526869999 -50.24255971277468 -19.49005031654091
v 39.94270362962021 -49.111347426642254 -18.653516725024936
v 44.064333976930605 -43.40447519995588 -21.715552962119812
v 47.21335409889484 -49.02010940514608 -38.468141477722945
v 45.44601437360921 -54.288522559899235 -36.57316083645268
v 48.64896845609617 -48.47449143474197 -35.669147488788454
v 47.569505881817896 -54.24194949016696 -33.97854989948148
v 22.092559299776592 -84.487252169733 -23.09338346927236
v 19.814982969742072 -88.39528414331255 -22.94688768275168
v 21.808374996306377 -87.07042224881639 -28.530791259298425
v 19.478208098930512 -91.4906264567468 -29.373962306745106
v 17.794735918406552 -92.02394719195198 -22.82256036717606
v 15.94079384171802 -95.45839472464073 -22.057322825911903
v 17.189515129341963 -96.89248840482048 -30.252770911781447
v 15.19977395663327 -101.61121604815696 -29.538649525299892
v 41.11334367098185 -120.54853021814037 -48.48518643450726
v 32.95416727577403 -121.38846223810123 -50.36831146854283
v 38.860469605464345 -127.33555619038842 -48.0087710760111
v 22.590717738725743 -128.12947921995845 -47.15436451353582
v 30.7345195238098 -132.72549492021508 -48.739143530575326
v 48.511642016071846 -119.19879984352771 -41.69916424529474
v 41.11334367098185 -120.54853021814037 -48.48518643450726
v 47.33762296598659 -125.51371312354388 -42.314842548854585
v 38.860469605464345 -127.33555619038842 -48.0087710760111
v 46.58466820909308 -98.39378567519573 -12.691277851578791
v 50.4553710236066 -100.46530651595441 -19.452356459629637
v 47.13816191183578 -105.00235537297227 -12.712108206619995
v 50.49543016064293 -107.27776653215713 -20.47563224952221
v -33.720366489173095 -109.84912549130459 -27.50136500353551
v -38.97401778096139 -112.03351718670548 -26.645181339872682
v -33.80761920562287 -107.52219879186535 -21.9812228889149
v -39.3437861151625 -109.651793999089 -20.891934680211218
v -31.59398344771993 -105.48118111871021 -29.709952446133265
v -31.434444329310615 -102.756531965734 -24.300846663182377
v -38.18776692728984 -95.61067339463447 -28.143864144435327
v -43.99201181889054 -97.3250936929427 -27.470970810799415
v -38.26585418143938 -98.77609894248022 -33.679873284385295
v -43.575716372569346 -100.5399129785765 -33.13739495843715
v -46.69351504820426 -105.16459623672267 -30.730897894672374
v -47.365681145413156 -102.50013700598062 -24.913700034527928
v -44.746027041152296 -110.25774276137655 -27.830306236375122
v -45.28042473857487 -107.61861128817262 -22.224634957605858
v -30.72986927804692 -127.35021100800495 -30.948149883569904
v -27.43899048326307 -126.04079786697184 -32.57216424653802
v -29.99478953935391 -131.24250140068122 -36.13931999797438
v -26.235674584216838 -127.92257710015237 -36.47203068395827
v -34.38316445907526 -128.4333352263567 -31.852749850348136
v -35.122967686390716 -130.88681583116934 -35.57925711190383
v -44.41044344873393 -111.94353663142238 -32.889543707281085
v -45.92807028840984 -107.5815950946694 -36.065705381699445
v -30.990130815694478 -110.57822913030871 -39.71888544360331
v -33.04350955796273 -106.06260227507909 -40.006222023104826
v -33.972889376665385 -112.00231772069405 -43.20128843593212
v -36.59931474054827 -105.71280444419293 -42.33042641934904
v -33.59578498786908 -100.8258168563415 -32.28132277315416
v -33.59518037801506 -97.83021129327763 -26.84034518590517
v -31.478962707843134 -129.56693613529535 -40.40318198852715
v -29.99478953935391 -131.24250140068122 -36.13931999797438
v -28.088295140091667 -127.72178274035574 -40.14378084784363
v -26.235674584216838 -127.92257710015237 -36.47203068395827
v -34.96633216270883 -129.92808922691341 -39.34904428982645
v -35.122967686390716 -130.88681583116934 -35.57925711190383
v -34.02413624407928 -104.67575318522383 -16.871381235267737
v -39.78426238516148 -106.92097084628077 -15.862445746388854
v -45.86916313590764 -104.74067066534752 -17.193657184756187
v -47.63330851603517 -99.62744475984425 -19.521434939771304
v -44.24049540584069 -94.27358400187981 -22.03067542487213
v -38.5881058687077 -92.55182510599693 -22.68935145308935
v -34.046699770566164 -94.54702085796575 -21.729836960347594
v -31.406717246087045 -99.69162358813209 -19.295433295481363
v -31.884610252600147 -122.8382557882297 -29.550613799117727
v -33.8470600525694 -117.75519936769972 -29.92726713963487
v -27.946042276472543 -121.46141832690259 -32.29031493722175
v -29.846894908580712 -116.44799131930736 -32.83691949836966
v -38.617192949749466 -119.78203977765368 -31.479093334359703
v -36.49409806110256 -124.81526514467451 -31.269381765181585
v -33.107359506542224 -125.08795229155768 -41.81102681669614
v -35.15261720438453 -119.98636588884469 -42.56117860652323
v -36.604493582161524 -126.38318426279662 -39.663084160642214
v -39.72646283135996 -121.6498365463815 -40.29709468671962
v -38.824891452933414 -127.23458257139737 -35.07680351340658
v -41.385058021913956 -121.76322967732207 -35.529546626353934
v -30.92797426584452 -118.08596517322543 -41.5244952064605
v -29.013417547552976 -123.58069727070534 -40.818562423737944
v -28.380878797136216 -116.78197016611533 -38.15563680441231
v -25.833514618748076 -122.3737869461178 -37.050856341860054
v -34.42275149173004 -101.9158629937401 -14.966642888779848
v -40.579849836139445 -104.74104873750326 -13.791815486220026
v -33.091120912548234 -101.96972603669803 -15.94733378661992
v -39.09905839354959 -105.28863889655881 -13.719628183486359
v -45.73947996554659 -102.66906076577136 -13.757141504702433
v -43.160824153943295 -103.77551246666194 -11.717516704608869
v -45.73947996554659 -102.66906076577136 -13.757141504702433
v -46.657409529560404 -98.48089860320462 -13.575978620000118
v -43.160824153943295 -103.77551246666194 -11.717516704608869
v -43.482592745882 -100.6642436157178 -9.565406998760421
v -43.90157022081263 -92.94317029550658 -13.942201636689393
v -40.88580853072142 -95.52531588142115 -7.902400711680883
v -38.86419172215743 -90.33398537448488 -15.769875057776241
v -36.85919789820656 -91.61529047741195 -10.191687164565481
v -34.433986615087726 -92.00278669904642 -16.996354598582837
v -33.02274869394196 -92.17725609666593 -13.240102163249528
v -31.93522016410532 -96.39742463047979 -16.32400702309591
v -30.67237393007445 -95.99450849232174 -15.246025264127514
v -41.369101484632736 -107.66646879394962 -42.30188050223336
v -38.267375700206344 -114.07591207541614 -43.74998026105489
v -42.59011562624815 -103.68700710562183 -38.14060525558356
v -45.00630161494196 -110.77937824761202 -40.00223877242163
v -44.60819323140896 -113.33451489251478 -36.64893446551439
v -42.799281370062864 -115.9034026906922 -41.27122312612045
v -43.43822726107892 -116.32212665358546 -36.71344690003129
v -37.66684590218502 -101.84437756704897 -38.58013740416278
v -33.48844185346994 -103.40937118088476 -36.73645264499855
v -39.0089556936734 -113.46860090311235 -31.553589924307683
v -33.98021123308581 -111.66371657439703 -32.2197989421003
v -31.95908573681731 -107.60278248729254 -34.25177690195977
v -40.53763978815696 -113.37147871128967 -34.35097103476055
v -35.62354158928436 -111.58476875108921 -34.356104720342294
v -40.390532665969104 -114.80263285261377 -32.73658469042188
v -35.55478195343735 -112.98108029817176 -31.59189789958984
v -31.84914761092137 -111.46877820029226 -34.416872453192255
v -32.409377215401705 -108.61930010560445 -36.82324765871497
v -33.04350955796273 -106.06260227507909 -40.006222023104826
v -33.48844185346994 -103.40937118088476 -36.73645264499855
v -44.60819323140896 -113.33451489251478 -36.64893446551439
v -44.41044344873393 -111.94353663142238 -32.889543707281085
v -42.2159218473512 -124.46995606059718 -32.310933864859294
v -46.968340481095254 -126.4661101627911 -31.165533525527188
v -42.27127913286526 -122.77848559515016 -28.599591166374715
v -47.011079436892594 -124.70104299752705 -27.516045837603986
v -40.48796616961727 -120.46816499306681 -34.74618816152384
v -40.32847418802122 -118.56058074875686 -31.08979559834461
v -51.28024122480147 -117.10040001381657 -37.06393887906982
v -53.4265718980092 -120.74739132739136 -34.832941352250096
v -50.394479956687086 -119.99557875096107 -41.43583841090719
v -52.795811222084005 -123.17010343780117 -38.9954954822083
v -42.882979001472265 -125.80915144305426 -35.68035048023093
v -47.86494713455022 -127.68748316438608 -34.63773073419977
v -40.81413269312573 -121.88201369783663 -38.34039847969411
v -46.672470443959334 -117.9607644528189 -41.73641255151846
v -46.577720128483634 -115.32494204917724 -38.01352700808736
v -40.80031675747155 -141.03601929972345 -33.98820776617519
v -38.1659229058469 -140.4225540920596 -35.415746960603315
v -40.11085949487735 -145.19138082695696 -37.69161855105585
v -37.01735547595183 -142.3860927737157 -38.343411936456455
v -43.696752848458786 -141.9281117570523 -34.34859962093628
v -44.65725363568022 -144.36332936552586 -36.82847131659447
v -49.787942092485245 -136.223382200345 -38.11637303402274
v -48.03815403861267 -136.2860878142332 -42.221041572519425
v -51.52170260925834 -131.59582023195492 -39.21901218766379
v -49.81938028714159 -131.26539851272412 -43.57416035207541
v -42.457999248247845 -116.6583902860024 -37.12703094057234
v -42.38094670519633 -114.29234349045457 -33.71626692254484
v -46.9664420047219 -112.80916315028546 -34.44125216908779
v -44.493430341226784 -135.48284009098538 -44.40627281219831
v -43.06824609414738 -140.12527071306863 -43.4964750914532
v -40.74741458636958 -134.3123420938412 -44.18246155083187
v -38.98206306275426 -138.8455790215965 -42.63295900365089
v -41.74327380928505 -144.90686393585077 -41.72697738514152
v -40.11085949487735 -145.19138082695696 -37.69161855105585
v -38.07118059070112 -142.90910200957367 -41.822489202778186
v -37.01735547595183 -142.3860927737157 -38.343411936456455
v -45.163767209741884 -144.3472141427459 -40.1468258498863
v -44.65725363568022 -144.36332936552586 -36.82847131659447
v -46.169608252005816 -140.6821777064597 -41.17490326812863
v -47.66344930407585 -140.84016782776627 -37.395855130323554
v -51.99355345542671 -124.84155824644898 -32.256656058716096
v -52.11112181949838 -122.80985270512316 -28.584995851757803
v -53.377856140642805 -118.24632948101205 -31.20135986535233
v -51.39186990985707 -114.36842056814349 -33.294716255103054
v -46.29001127546969 -130.21311069142013 -45.70174875182023
v -48.98258173051907 -123.89577000414529 -44.774188971107336
v -51.699240568248165 -125.94313546989333 -42.622369956941604
v -41.4532219702703 -137.44381737067275 -33.3327483439221
v -42.61141937388777 -133.13273726889324 -33.911247620320964
v -38.071984255648005 -136.92770279799885 -35.70545345722044
v -39.00979172980394 -132.44613069063757 -36.43347081536909
v -47.127086530788574 -134.70879162795848 -34.29143193209228
v -45.53928373969532 -138.92914963347974 -34.08103044202452
v -37.886446998483365 -132.99063090624858 -40.87813074223252
v -36.63507505700701 -138.01113560894447 -39.83279109132826
v -46.89316220826437 -122.31761311092755 -24.378155687487194
v -42.499216867989624 -120.14706060142385 -25.580293372979995
v -52.414267265759925 -120.23478221168179 -25.205838633585607
v -52.11112181949838 -122.80985270512316 -28.584995851757803
v -52.414267265759925 -120.23478221168179 -25.205838633585607
v -53.707734580095135 -115.96797892600196 -27.03309935793875
v -51.33719181174235 -112.035704073469 -28.59697569349292
v -46.86744230720048 -110.03709223183701 -29.732171946975882
v -42.40400392765446 -111.713747426769 -29.60787153099789
v -40.388152280000604 -115.66074639621527 -27.805314872426866
v -42.64094635340182 -117.95704164983238 -24.321305928257402
v -47.53013221807653 -120.5485262663152 -23.534146378707437
v -52.080066773662224 -118.94821980619002 -22.225562436100073
v -52.080066773662224 -118.94821980619002 -22.225562436100073
v -53.148130667690324 -115.1410423298728 -22.114425439030622
v -50.60660313047177 -111.08354775737087 -22.471600595234037
v -46.55477762086959 -108.29804400140766 -23.497617157561834
v -42.70609784449897 -109.1232754824774 -25.227825749743094
v -40.430960044379134 -113.02770115028315 -25.057104060895
v -42.61465351306283 -118.69073981587792 -40.59805251171587
v -45.431334400857885 -121.81703108666413 -44.9268083477508
v -44.195515652917194 -128.73285104609567 -34.75250704947092
v -40.14198523629899 -127.67177338731798 -38.17360450941841
v -52.10378618322722 -126.32774009213915 -36.15416536977517
v -44.014721607278496 -126.06074015390178 -36.971729482210534
v -49.139604154261036 -128.0054698127692 -36.58012160667178
v -41.088248872360204 -123.78765679860707 -40.0456970216157
v -48.43528786050353 -130.30297281593187 -35.21928886477407
v -39.72249846656931 -127.70702382388626 -42.753491044818816
v -41.98886964197116 -121.73084864875447 -43.31489532063771
v -42.407689320354116 -128.45862873844348 -45.486000530428
v -52.51249648038656 -127.76160640917044 -39.48484672905554
v -39.72249846656931 -127.70702382388626 -42.753491044818816
v -41.98886964197116 -121.73084864875447 -43.31489532063771
v 9.676779269420404 -88.04170849721552 -31.2418059386123
v 12.604353339957328 -86.0970309416065 -32.699280040239415
v 11.27104452001501 -91.7705344528209 -35.934849656742955
v 14.287214431461456 -87.23335865715372 -36.742144091871864
v 6.430729653274231 -89.79208256960464 -31.743054220929814
v 6.145678573181559 -92.58912282036003 -35.0241293717948
v -2.2292909976714945 -78.83939300291536 -40.5577722223445
v -3.7727111717255344 -79.83613690603165 -36.140141240592705
v 0.9328640303359341 -83.72654260632973 -39.764194648001876
v -0.9995291139983147 -84.4832601877686 -35.44547750285407
v 9.73590213300215 -89.63845746934732 -40.899152624746165
v 11.27104452001501 -91.7705344528209 -35.934849656742955
v 12.665016203596327 -87.05754742508726 -40.15282843804857
v 14.287214431461456 -87.23335865715372 -36.742144091871864
v 5.8995425177105645 -91.18256755604875 -39.462489724193254
v 6.145678573181559 -92.58912282036003 -35.0241293717948
v 5.1501995425883225 -81.0797304444013 -41.7662412539483
v 2.0794615834092696 -75.93081538271447 -42.63982354759226
v 7.147104851504348 -85.00604026194563 -41.3055108215972
v 10.923372001327355 -82.77063973776626 -40.19687499031882
v 9.004104706448395 -78.8157724603783 -40.94628632087027
v 7.50837476905107 -84.02061036963428 -29.625267859016557
v 5.839423875364699 -80.10567363752835 -29.385825770273478
v 11.703634373521613 -81.92539216065889 -32.28534596960364
v 10.01116666476684 -77.90235588712993 -32.10654101227315
v 1.2513489721327815 -82.7404059339787 -30.82917877652079
v 3.49407914480585 -86.52362077249305 -31.063225660339235
v 3.54115977056642 -87.39445881459467 -39.49331360286097
v 1.4757745873190977 -88.6970784753921 -35.45990137930571
v 11.779139050697136 -77.48169232093183 -37.15663407547972
v 13.684945523263345 -81.89410921776299 -36.92371078239087
v -5.68561799999906 -71.43307063490813 -16.696085510954134
v 0.7003633374083318 -69.41079483917821 -16.640138541644287
v -3.756909963474266 -73.8471357776795 -20.11491977889386
v 2.4024224445446816 -72.01227468628159 -19.915586866757636
v 2.853792762587478 -58.23173928064912 -18.15923895712227
v -2.3468189718071457 -56.1849285543959 -17.625279521729553
v 4.152210238251243 -60.6130300672502 -23.340817367866087
v -1.644457888267226 -58.40952938254778 -24.569603354852767
v 4.530968007104047 -64.26426741575882 -17.341693497242343
v 5.920265171790636 -66.6962393112761 -21.162164260708636
v 1.3421768273214907 -83.9124044466444 -8.085078742567628
v 8.804055205060589 -82.28657529533663 -10.005611235252546
v 0.8951431685055482 -80.79267772126762 -10.934478920944192
v 7.499757378114793 -78.83340959681144 -13.24338423112645
v -1.3920268739550465 -81.07635812842332 -2.0393616372728296
v -3.014449501979403 -78.5176968327891 -4.995947619575242
v -0.7825991537008115 -77.41873900435114 3.7200143847353067
v -1.3920268739550465 -81.07635812842332 -2.0393616372728296
v -2.939029384769837 -74.46233583302717 0.30308743650272696
v -3.014449501979403 -78.5176968327891 -4.995947619575242
v 11.331791207599968 -72.04066361280914 6.129179521702712
v 4.717505927963458 -73.79002712320246 7.052060939208109
v 7.959982647969069 -68.04489372683997 1.30194915427154
v 1.85336361199934 -70.15823074838424 2.699965900738805
v 16.146793981865418 -73.09494344925687 0.2598144994039364
v 12.85875163684166 -69.38612171110196 -4.1643398502391795
v 12.971992295907176 -73.67237562885148 -10.228758181547011
v 15.953784337691747 -77.88276647573727 -5.843259268501162
v -6.050833636105505 -70.92178959438475 -15.843919625581357
v 0.5646328208514451 -68.57116417766959 -16.359785501338564
v -10.666107587353109 -68.23798516766439 -17.327909201479976
v -10.382243154824973 -68.4599475680854 -14.273901578056082
v -11.384532144071747 -63.12394076386658 -17.253858912956908
v -10.858990255950827 -63.655209032794986 -12.019773585871121
v -10.666107587353109 -68.23798516766439 -17.327909201479976
v -10.382243154824973 -68.4599475680854 -14.273901578056082
v -8.105975010895262 -58.46872623334947 -17.20706788977114
v -7.367666492605952 -59.02221687072631 -11.183475102455398
v -1.5012888719052242 -56.38866538017017 -12.002003320214133
v 3.0907040517700963 -58.02539936342455 -14.310704333621745
v 4.414135861984526 -63.38663277541034 -15.73571960877187
v -4.570801192309371 -65.44217337057256 -35.1364704607588
v -1.5270504408213803 -70.12926977084359 -41.165104260756266
v 0.4350147501325736 -63.56101667825559 -34.705533537739655
v 2.976962266456237 -68.1295598925098 -40.386455319888164
v -5.5118948217387995 -73.73958070270547 -39.5352232080808
v 2.332320845620922 -73.84662651216269 -31.829927393244674
v -2.622606972027846 -76.45326555798118 -32.89917666030555
v 3.710740963466227 -75.20161553011934 -29.69484876424724
v -2.095843803936093 -76.86654426881874 -29.916851223288663
v 6.451712283054668 -70.18854877850055 -34.06982919349437
v 6.843943899672276 -69.61444491815968 -31.248262445536128
v -1.2143414408144135 -78.4761745445404 -31.506668480010024
v 3.122152898387723 -75.94706506054916 -29.98811868838914
v 7.979451406218232 -73.22605389619746 -32.894324113218175
v 9.232307217907913 -72.43412680347585 -38.028217874984364
v 6.520140567768022 -67.86408252939904 -37.96880737969299
v 6.5112626646844305 -73.61403005084802 -41.437331611982344
v -5.960526088744704 -75.99579738914628 -36.28153896943737
v -7.886259555872774 -69.98932575225703 -33.82608943770896
v -6.708129557892211 -74.52457878863741 -31.752628334222678
v 5.192481840644479 -64.78256114531126 -33.703834660331104
v -4.3451423701288405 -73.63670044363319 -15.70668908472129
v 2.176160834447824 -70.90852386219285 -17.24987831430243
v -8.236395512664956 -71.42935688707894 -11.257778617814884
v -8.329689822207998 -66.77900782467827 -7.181785877406185
v -8.236395512664956 -71.42935688707894 -11.257778617814884
v -4.553857915309322 -62.13311667335475 -5.3457083878944065
v 1.3905583071087015 -59.842072690029916 -7.094709005461347
v 5.580133462940019 -61.00862754157531 -11.11245413275437
v 6.451550039403548 -65.56976773220029 -15.309172918831127
v -16.891169924625864 -89.93816988573798 -22.700084445180188
v -23.034145487759076 -91.65071852062647 -22.909540712665308
v -17.935711327868127 -88.01357583193338 -17.74191418219945
v -23.865307366722853 -89.68601808162308 -17.932307861062768
v -13.356367827694928 -84.56668336530213 -24.478526465727874
v -14.22319183383053 -82.27900356943812 -19.438619707594423
v -10.587229501388363 -106.78292569945556 -30.253538275630987
v -7.4429504766022205 -105.00516197244657 -31.847287734020078
v -9.404965562590778 -110.65983258317576 -35.67613549661051
v -5.678701018355271 -106.48481112615057 -36.028880249790916
v -14.059220221727989 -108.28940313583199 -31.119469648933183
v -14.688506918431719 -111.086051375599 -34.65653544518174
v -14.924862116108622 -79.1063904847984 -26.845429491100465
v -15.697275248722582 -76.60191448086638 -21.617927424528943
v -19.76548368764942 -76.89991711155272 -28.421270808274375
v -20.54889608691087 -74.19201328634522 -23.162122731201364
v -10.376749504961376 -108.92296381188554 -40.213032435094796
v -9.404965562590778 -110.65983258317576 -35.67613549661051
v -6.809937196100031 -106.43943638226158 -39.62419712283304
v -5.678701018355271 -106.48481112615057 -36.028880249790916
v -14.775766627705304 -109.95672012255692 -39.03726938446033
v -14.688506918431719 -111.086051375599 -34.65653544518174
v -19.600223597442174 -101.13822182707771 -39.263357837338326
v -14.841152267611571 -99.22852447290421 -41.151822911512454
v -23.292121591904962 -94.33725611652892 -39.99381169384732
v -18.773734642349787 -91.89621125811254 -41.8224182558988
v -26.02886058224476 -88.72167537644205 -37.75180257443493
v -22.099307723508097 -85.46918646602064 -39.44427244265112
v -27.720494547926968 -85.61880573354384 -33.13155054297139
v -24.13715572812773 -81.55893015268063 -34.692282008548936
v -13.123512992700386 -103.80127586851414 -40.97911528607376
v -8.485272342648738 -101.66689752444424 -39.71265651487713
v -10.306481350364706 -97.09222670852542 -40.18945500247033
v -8.370592857365049 -100.51184466938005 -31.209597328284808
v -12.829433014654889 -102.15864546892749 -28.297422483744292
v -9.896675931327096 -96.3602348909896 -30.972727496266064
v -14.430681196994295 -98.37025568440869 -28.11938248866568
v -19.480145495932682 -101.07848024297803 -30.001695447099173
v -16.940260944622683 -104.74337241094827 -30.22964276067521
v -17.09629285452224 -105.75688680881827 -38.73724074453678
v -19.213223348214377 -106.76290145488855 -34.785292374488414
v -21.715477964416205 -102.22635231175391 -35.20912999316123
v -5.757993337651973 -100.54224691193956 -36.382333776704655
v -7.8902475190694235 -95.76098364075136 -36.071225002702015
v -16.66739563896797 -73.90694731799283 -15.986299119847429
v -16.941887181136526 -72.31114569806806 -11.524195267605712
v -21.474678577814725 -71.10977860452414 -16.755649710452403
v -21.265459853966693 -69.98486985669545 -9.187511553481707
v -20.33088517897322 -93.08069566126916 -9.495263681272604
v -23.77407381253404 -88.45185029072805 -11.848915431121434
v -23.54119324911725 -90.57726243215319 -3.48942683137723
v -27.662891755024027 -85.85549749925698 -6.66243651734958
v -24.808546210609443 -96.32645665052836 -35.66096309158805
v -17.275226275464142 -93.28870245901273 -29.323517520724273
v -12.055294177284466 -90.52306078472988 -32.012271717779484
v -17.082333346050483 -83.59443411687252 -39.12851565278663
v -13.559530149248875 -83.95148455038509 -36.50456881904145
v -18.74253232501808 -79.8034414057975 -34.61908175061739
v -14.59257850654327 -81.23831537978316 -32.5936402623428
v -22.18360471165462 -95.78993027996378 -31.22185729895559
v -13.619339595212102 -89.78974207069055 -40.94262245319124
v -10.910133125973124 -89.14467664592003 -37.11360075683066
v 21.505515053729642 -121.00243922970047 13.400186385184758
v 17.003687716705635 -124.47254490205657 13.861754764216718
v 17.44258086278202 -116.26044777245735 18.28518221656164
v 12.697573188056092 -119.72306209255333 18.54111979552334
v 12.51587786185777 -127.50298081168705 13.312477576961284
v 8.115884760008836 -122.85764351928978 17.883181675158156
v 20.951917537644643 -129.04122754288383 9.27543609826379
v 25.22031379930169 -125.49706158742651 8.598843298409017
v 28.81887224916568 -130.02087178235158 4.062265900103974
v 33.162448364893216 -126.40764389198186 2.9688497339965707
v 32.49929178669885 -134.67018338752646 0.03932489873493594
v 36.44990071585714 -131.02051047345185 -0.9401905786505012
v 0.4364658490888651 -135.9089427939453 8.610721581833015
v -3.9007671730502906 -131.4522359335092 12.439238406638749
v 4.245287243906201 -133.20881906646963 10.798860574494682
v -0.12508776448719772 -128.89803928076802 15.005820040234543
v -7.6659890539663245 -134.2972601074573 9.966058163982172
v -3.336020850046065 -138.60220264372225 6.38991549406021
v 4.540129084238805 -140.2289112313774 4.964459567117672
v 8.380169548965513 -137.52005848358135 6.676942861678407
v -13.918901222311423 -146.39911831931218 -2.0005796604279134
v -18.032672320366586 -142.40912086164238 0.45429774119169686
v -10.448716342393517 -144.01698220128407 1.2833103766494673
v -14.507230407175378 -139.72805344537818 4.135590672103067
v -21.311468241722814 -104.38264603829933 9.07240576910818
v -19.4152688653572 -101.90905638210374 0.18136847611015572
v -16.80727561204973 -102.89868129180303 11.800104288449882
v -17.86642960933549 -101.90226587677962 1.9110103615364058
v -0.4215649270161652 -83.9134773109655 1.1818782525998914
v 2.4182956880377597 -86.80619564943257 -5.375234700219533
v -0.7546933807653922 -86.06785920504748 3.4132469655029087
v 0.21386825303846724 -89.33321742144086 -1.93194191397231
v -30.412841149778593 -116.2082824249654 -4.905845638934321
v -27.024942602325147 -117.91651215497072 -10.171496727229957
v -28.55027783170803 -115.4408466225385 -2.752606645430493
v -24.023461653337304 -116.59697430982348 -7.870624201238007
v -18.386348563323242 -113.06247831459983 -7.637353997901198
v -26.181659384946464 -115.46181138824052 -9.38620513469813
v -21.233020663095594 -111.18452779915292 -10.447513123080906
v 8.973928001861395 -85.3679307886185 -7.163176892559101
v 15.766280421003461 -82.4670653470485 -4.723310395455783
v 19.446116820676355 -78.62417629426423 1.030160207414034
v 16.146793981865418 -73.09494344925687 0.2598144994039364
v 18.988280260795356 -76.61167517780493 6.267605318434381
v 15.22503275727796 -76.89390462389636 13.170337985603773
v 18.988280260795356 -76.61167517780493 6.267605318434381
v 8.80674568144971 -78.49714674707079 13.909641112676656
v 2.5413170050861336 -81.6831606477559 10.585523511034939
v -0.4215649270161652 -83.9134773109655 1.1818782525998914
v -0.7546933807653922 -86.06785920504748 3.4132469655029087
v 0.9859643827852924 -86.89675189196295 13.032062878715013
v -2.0676910455310678 -86.71553661588466 3.6967620199487032
v -3.590007837954209 -88.51634200632996 14.419159803056877
v 1.1812742707249873 -96.41575230954831 23.720039970026114
v 5.771118299378071 -92.88824519427553 21.983250591931586
v -24.43554217224294 -101.05578734292286 2.4784492129656304
v -21.370165585910865 -100.8461843584517 -3.141604891579674
v -29.125922692820016 -105.75047114287509 5.62107279367997
v -32.97107667082959 -102.35064563268253 0.8438541594663507
v -28.740146593440265 -98.0846851262405 -1.4960859960709065
v -16.46650431429064 -111.01696248123736 18.649867165239602
v -12.363018174197528 -107.83146960150685 20.441243160770593
v -30.750624239502624 -112.48093970956566 2.364937207929289
v -29.61189218880048 -114.51185274166352 -4.262412430970094
v -34.6400615304015 -108.6056651361668 -1.6461746212318547
v -33.589994205182165 -112.04386891934527 -6.380715140812929
v -33.55998348814016 -118.23087711065824 -2.9473821771920874
v -32.38082477278883 -115.10791990348989 -9.200331431985381
v -29.163126698663394 -117.5063926989959 1.7597786596605942
v -30.412841149778593 -116.2082824249654 -4.905845638934321
v -29.679560834278195 -123.52652090390777 5.168851756334532
v -25.851056173214157 -121.46194441149896 8.918871037898839
v 51.95113402071175 -109.01014601107642 -30.10187771523878
v 51.9871263351024 -101.9918717534126 -28.62526999773905
v 51.663156167122416 -116.93392215823607 -31.386703144627376
v 51.58268995168085 -123.76752043360452 -32.85391155538339
v 49.3822831149899 -110.33413760185016 -39.92494585872229
v 49.92162585028449 -102.85562101148768 -37.85585823163792
v 46.350247838256834 -113.12061186339407 -12.182442814985146
v 50.15622197080677 -115.21051252797423 -21.19245042182579
v 18.407626808905302 -102.3999665662632 -37.81623461295318
v 15.901106305721928 -108.42825926479877 -37.38272525715392
v 28.44422959876733 -110.2288567578056 -48.35792670293709
v 35.86015478163077 -111.43669807774396 -49.73089604729388
v 31.154936515242127 -100.95900286844571 -46.49740962518066
v 38.09656100673459 -102.15105994551925 -47.52217859184584
v 25.38198208651509 -119.53222377424244 -48.7754140249838
v 45.04452419196826 -102.71637311644884 -44.94630539644773
v 43.51120988191535 -111.27131427033602 -47.17897381364221
v 45.04452419196826 -102.71637311644884 -44.94630539644773
v 43.51120988191535 -111.27131427033602 -47.17897381364221
v 47.8500070844025 -52.83552054641265 -26.06782000123946
v 41.839417028722565 -141.12560257316923 -47.47566781673613
v 48.78326265372025 -138.38428016741568 -43.80299481825132
v 39.05147659220636 -134.7280329865741 -46.64247607825496
v 47.12663691518928 -132.10529743399184 -42.29418596866585
v 0.1262558418220019 -103.97922935930455 1.958526150611823
v 1.2776129749741407 -104.93080442017026 2.0376585252790713
v 2.495332001393158 -100.71771761748991 2.0914764958223797
v 3.034965164342711 -101.88052085044943 1.9193817304882592
v 10.268630222092156 -103.5527611519685 -14.627387079962439
v 11.558652583651513 -98.82384541878292 -12.0815617525867
v 7.979987489295042 -103.56084972749215 -11.188224382877596
v 9.74951693787687 -99.02242451704483 -8.864744819355572
v 3.9976503599834228 -114.02540073969396 -16.789422807135026
v 1.4460553474567366 -119.48944178365471 -19.715804612395445
v 7.491506540904126 -114.8617447021756 -21.502516671337265
v 5.649372122132055 -120.74717163848341 -25.4679171740457
v 9.04937531199535 -108.96020812215309 -17.843639844214444
v 12.217473579050942 -102.87162509179497 -18.445270872825454
v 11.612721331968887 -108.30114730963834 -22.690069494551032
v -25.464369929161084 -129.41082322575087 -16.762130670860248
v -29.400447699608954 -135.55545944799718 -16.610786894467097
v -23.61042244473015 -130.79202726755435 -20.33319663397731
v -27.194474531931945 -137.68095652588872 -20.134585640898873
v -19.043781676202897 -126.05884942487381 -18.153972620708714
v -20.650462585809976 -125.20486601319993 -14.35073450597923
v -12.483263932564318 -119.01932702084639 -7.815651782266218
v -16.247204190185993 -122.06047688373181 -11.16535797701588
v -10.823713899940124 -119.25190219648549 -11.12255206233122
v -14.453698386058544 -122.81138750771109 -14.615674854603796
v -7.21142043960713 -115.78684304464025 -7.886077200298862
v -9.35260431031747 -115.03838696250223 -4.765797664661712
v -3.635764026193989 -112.38042063083014 -4.771183882269661
v -5.317652177680397 -112.58663387927854 -1.6893303024863582
v 0.7279171798614303 -105.90256549716838 1.1926527714236244
v 4.9468864811561195 -101.17045951047835 0.243934969220033
v 1.7650225900364913 -104.1165860346881 -0.9217938385232929
v -1.6969778032073357 -118.23544796187525 -15.208751385217816
v 1.1168562642104751 -113.27765147980392 -12.462472772191994
v -4.67957265278961 -116.90399625879321 -11.397233918853303
v -1.5667764666215458 -112.47141065564631 -8.752851297931883
v -5.403462337664504 -122.15110596825471 -19.193976093745015
v -8.525887813484896 -120.27553859297038 -15.438333845495325
v -12.196180101462694 -123.90842167273318 -18.68319008043312
v -9.339604843782606 -125.50175158212646 -22.990405480637527
v -18.17519584700368 -134.97150165727007 -28.10638060848335
v -13.747819761967536 -129.43307736081007 -26.36455279760225
v -21.129300438283806 -132.46286181626792 -24.26411359397602
v -16.645066347067285 -127.37607725144855 -22.195715080229647
v -21.14051886677486 -142.95477994845334 -27.380559991613048
v -24.419936542187468 -140.1236904690347 -23.729945612967832
v 6.179372122746264 -108.6640088178815 -13.854438717293085
v -0.3696442815281751 -108.84432767601534 -2.292599338919156
v -2.0551295866069936 -109.35087688957546 0.18240472823839138
v 42.58185077528247 -30.57206106387295 -33.621498697933816
v 44.173897727260616 -30.654336629029274 -36.853745769083446
v 44.798564903850256 -32.75569529108256 -39.76800589663968
v 47.27113076190881 -37.0577497207037 -42.169724715768666
v 44.08175156672088 -37.00544315151943 -41.49459585448477
v 45.809517802700746 -42.74074415630454 -42.129872302525364
v 42.310507807341395 -42.064125403534426 -41.65409601732383
v 35.70213873627382 -66.00444732548836 -35.492213689597705
v 39.64347591967575 -66.68718638421764 -36.080516494159895
v 36.83331473666624 -58.43857852659633 -36.370777971699866
v 40.864717932937495 -58.88841898390682 -36.87287849223545
v 34.95192947862573 -42.048566239095805 -26.21291539076509
v 37.134815651869836 -41.41545506265642 -23.1655580479766
v 32.47665100958543 -55.73864560040835 -22.637692305175985
v 33.65823215828087 -48.69966363873927 -23.860248495731103
v 35.02774618142596 -55.702918764805105 -19.43205572005395
v 35.95206982242206 -48.435465631422566 -20.74873632732943
v 44.196496686107864 -48.92431402265165 -40.76939575657073
v 40.31286592242661 -47.9342686141065 -40.58418756262218
v 19.442079446924353 -114.80566425378598 -44.299486130071344
v 16.161984553909416 -123.02046506156552 -42.60605706316185
v 13.792725274618094 -115.20420789099917 -35.731883646894055
v 18.778436863924217 -88.68504358821242 -17.444634900253984
v 20.863220481529094 -85.72301163783044 -18.239447059213628
v 20.3477183156839 -86.83448293023878 -13.889929821631014
v 22.75805617369046 -84.55919441830463 -14.54391943805053
v 38.09188919100886 -53.01443174368764 -38.22814090053398
v 42.11786781302032 -53.857700671133685 -38.45729648115915
v 9.400275060375412 -88.32295376703058 -4.0260051173085065
v 5.333763527271163 -90.63042753205895 -3.3345998292732517
v -12.233159096465814 -102.80981780051198 -2.084101405735429
v -7.502032435724471 -104.63838194210088 -0.36124963683845324
v -5.583390963796743 -98.9546036449586 -2.5892555587822517
v -3.319111965123697 -101.01801354604642 0.0454684257135925
v -20.130863889677578 -117.20899807957534 -6.453542813781195
v -15.754519838726718 -114.61314756425037 -5.1246570030448275
v -23.57198067575739 -119.74923342518571 -9.604625796277283
v -32.01859828812047 -125.47379132764985 -17.247697285981474
v -36.52942519620741 -130.19904137353961 -14.249083574215659
v -30.81199219704446 -126.76009978018138 -14.353272147747155
v -35.167884662122525 -131.63018661884993 -11.588040952841608
v 22.20380799517403 -80.89429806737489 13.438890760336005
v 22.18371386151052 -80.5996776677007 8.676892975503872
v 14.937596652131283 -85.94076932081187 21.511662546538545
v 20.2243618747427 -83.12352461257714 18.891772792677664
v 42.46872472476858 -96.12428770701706 -7.779868906374312
v 43.19961222843111 -101.90517410312106 -6.649951137976549
v 24.67946952486206 -85.42999778531056 -7.5585746402719005
v 20.66591967239856 -86.61585931910932 -6.152617102196085
v 22.469787821837034 -85.58058203025911 -10.494080883197565
v 19.728388598119427 -87.22781654443811 -9.97410912956801
v 27.984037548538826 -84.7919375914644 -8.702193016614245
v 25.303524197537186 -83.792852154278 -11.438698865455123
v 31.336325198886943 -84.00669623380887 -10.435326652665454
v 28.146403929256085 -82.28906911723283 -12.587776650955115
v 35.34397441494896 -92.10469330137207 -0.5711792311848027
v 31.89441536949953 -89.66326583223562 2.6900929984239528
v 33.15948597704397 -89.00996441446681 -3.304339846662097
v 29.758871967690137 -87.36772945571735 -0.4972951972650792
v 28.443894618581947 -86.7009223650708 6.140258360061287
v 29.28956145648378 -89.72082496356398 10.62042179640458
v 33.1783241003852 -93.32391423240823 6.153510042181191
v 36.60061359291467 -96.2690658423184 2.224159319228005
v 39.81662200934343 -98.94251066267108 -2.007642943180029
v 38.66399328423192 -94.17521200297688 -3.905532889030135
v 32.28240752857536 -99.55102835140383 9.703546871921938
v 28.497193351254793 -94.8525780523158 14.986693811051177
v 35.97914015687582 -103.4275503909604 5.004868230936937
v 39.547600392929695 -106.81971717677384 0.23297318437655612
v 36.288738681809136 -38.33050080537372 -32.507254212096704
v 38.8207188566799 -34.562209708632395 -33.864879597452564
v 30.15261325300959 -62.90775605451529 -26.005068768640047
v 36.82977164403104 -46.48430702430835 -38.27642996401724
v 34.665861670613666 -44.79326761957187 -34.615481903333134
v 35.022179401892075 -51.81118484497233 -35.84395330370091
v 34.17322256285452 -43.27378575868917 -30.408065779298365
v 14.44789570616523 -97.03596989454826 -18.53113387823209
v 13.394475496424118 -102.12997863882505 -23.106386362491577
v 13.19449425150654 -108.55382540801641 -29.149921231405834
v 21.085573485098067 -95.66229540638447 -37.08455217561429
v 41.60191982172201 -32.98667450604678 -36.92744519720016
v 40.92873708197298 -32.38591888626685 -34.849254721401
v 42.26777168678993 -33.962803536385834 -38.89524535638607
v 13.131239410719713 -98.3072811326945 -15.29599001820174
v 42.775207825294395 -109.95288458033245 -5.124460532575775
v 52.06575343194781 -130.43571064031653 -34.52071489645055
v 53.65770740502139 -136.79279950323405 -36.71970634953143
v 49.978525412742265 -122.87389793642123 -22.03835886589874
v 51.08100395372425 -130.57628911741136 -24.612764658807002
v 53.79652048740595 -137.6217805602991 -27.673368682969055
v 44.85015448093044 -122.10188057585893 -10.990091181479675
v 47.44040439917911 -131.3450586842552 -14.857834558061672
v 50.682677045025244 -139.60200857383492 -18.006455248759014
v 40.584256075622726 -127.21634595786553 -4.570943499017865
v 42.93055950133401 -133.8825353632485 -7.970786485681234
v 43.81161103280651 -143.13157013827845 -9.787882484829083
v -32.73200108786342 -127.35474092982449 2.6810944185490824
v -36.675355517327326 -122.67456240385906 -2.616311152701788
v -7.660750749285267 -159.06363924579745 -15.811631588845833
v -11.73971110755232 -157.9827006587422 -20.583464032893453
v -11.69845420660566 -155.2981302326266 -12.375805314013792
v -16.072815691245456 -154.13217712339173 -16.956672289380442
v -23.439390449160022 -147.3726498645983 -11.50613445279259
v -19.27644126503206 -148.16935055931245 -6.887727458078237
v -19.81936461090148 -150.67851396750575 -13.872477922400583
v -15.612895863733982 -151.61138146739134 -9.383520107809817
v -27.305493886241074 -143.57068514701197 -9.080452537713455
v -23.085862781113605 -144.30089806237334 -4.209178275374159
v -35.13421749372244 -132.045920123026 -0.7748478498765565
v -37.04183407674653 -133.17805762294367 -6.227995963623262
v -38.47085224588265 -128.39540870103366 -4.627813638017674
v -38.92361749884332 -130.93017730273837 -9.02773328197483
v -31.546549821140296 -139.19964843253442 -6.6997295036352735
v -28.07420436541021 -139.51762398744734 -1.4922909544701222
v -16.061975923007758 -154.52709879924464 -26.01022892505501
v -20.0961917853209 -150.9667379190709 -22.37033126792795
v -26.585398122159873 -144.05438427317463 -16.244839073728947
v -23.554472998530493 -147.4321307096124 -19.119969679659206
v -29.253994724747393 -140.80718365105128 -13.450077245538672
v -26.585398122159873 -144.05438427317463 -16.244839073728947
v -29.253994724747393 -140.80718365105128 -13.450077245538672
v -7.2535546590290885 -161.8135166175513 -24.905927274899355
v -2.7372478140353422 -162.83704219220823 -20.084672277252913
v -11.376848681455385 -158.13187839702005 -30.345060209497248
v 11.114677300981409 -114.78051946414416 -27.741938675514817
v 10.43136119543498 -121.36280453694297 -32.93362448173823
v -14.290724670875113 -137.63313440172095 -32.1391699985883
v -17.171935456087777 -146.20918894595027 -31.187705482313643
v -10.03538521115286 -141.0724533213819 -36.28872195988017
v -12.760805792071281 -149.54560114641916 -35.38751414620194
v -16.061975923007758 -154.52709879924464 -26.01022892505501
v -11.376848681455385 -158.13187839702005 -30.345060209497248
v -3.1962106639821997 -164.82530399632668 -29.625242743512796
v 3.5833086317031473 -168.06780008313046 -27.259545085858477
v -7.363564167044618 -160.80558533675054 -34.26376292512989
v 7.8883393984582835 -127.33439983929165 -36.23133145904723
v 2.790652311795558 -125.99842149055031 -29.47267202432616
v -1.6763701270715075 -130.24586463636015 -32.70417734768704
v 3.438116185708699 -133.36263826458173 -38.76242402534154
v 12.862501276258296 -130.37623282933373 -42.777334767312425
v 19.085781181037312 -134.8094899024521 -47.466716003103556
v -5.474251959781256 -144.64687350997792 -40.61382846553817
v -8.382749362090923 -152.67163404827164 -39.332655712895864
v -7.363564167044618 -160.80558533675054 -34.26376292512989
v 23.940358229967018 -153.16097532042775 -49.99143945479595
v 29.263040080966793 -148.16842466861243 -49.75903414485185
v 18.320907924640785 -146.64050001805424 -48.41721259591167
v 25.104382374780926 -140.55694265027626 -48.48142870546233
v 19.191449809354417 -157.19379651491792 -49.77951822486298
v 13.883784531262108 -151.8010413115071 -48.65163075856509
v 15.118452744773538 -161.58178915465973 -48.72965939697698
v 9.537687792472799 -157.00757336324105 -47.78493378979453
v 5.980783945865582 -161.78508186393498 -45.748592930671116
v 11.32176820629984 -165.28129618476834 -46.21275796885208
v 0.368678642028879 -166.205502342756 -36.67174099310805
v 5.359165545357449 -169.4732628461923 -36.11341696344648
v 3.11310129254219 -165.21606627311257 -42.158039485620094
v 7.979045957078526 -168.03096923040349 -42.170774391112204
v 34.11448194424626 -141.99862955181575 -49.082998701947055
v 39.05147659220636 -134.7280329865741 -46.64247607825496
v 41.839417028722565 -141.12560257316923 -47.47566781673613
v 13.313970872068548 -141.66402662928908 -47.774932725593324
v 7.896051579202831 -136.80710385556407 -44.00436871660058
v -2.8222705275628392 -162.8280429460714 -39.118043237386566
v 1.7471735464199867 -159.197585117291 -45.37782795166726
v 4.838175646360295 -153.17250533901603 -47.54157048779335
v 8.727548797088282 -147.17758203259726 -48.05643655551779
v -0.36655272222608914 -148.8736741679414 -44.952017054503045
v 3.3971136609265535 -142.4750672186717 -44.85522336547173
v -3.0016355280110254 -155.91427457576444 -43.33908755759812
v -11.193207355310372 -137.1866610965522 7.39530413866742
v -6.940911080943508 -141.37973035714106 4.025952090713895
v 3.868184054459533 -126.01839144750099 16.943873882760116
v 8.250662518123013 -130.45059645631227 12.324484391857034
v 21.995676034768124 -112.56182871695356 17.175329856073773
v 25.963910288551684 -117.32922986177407 12.362732812421854
v -5.016911948368772 -123.86449005177214 18.825920299099295
v -1.0051987839753114 -120.98761874155842 20.97469182520044
v -15.808214109070255 -132.7738846458161 10.424163442075995
v -18.93677419300984 -135.45069323959206 6.934864844649442
v 16.117838445241397 -139.0055661614451 3.9545577682022817
v 19.494248398795918 -143.06262344054008 0.4268172696650758
v 12.32504215078105 -141.7486509476626 2.803711914364577
v 16.228521256049667 -145.83455766000364 -0.832323309213379
v 0.9408554806508 -149.6990248311031 -2.142284033654118
v 4.5879558763415815 -153.54146449679553 -5.122547488575787
v -2.6280695113231296 -152.25040375238456 -4.394741283570919
v 1.479240045126975 -156.17607676756182 -7.41219579559171
v -25.710780244586697 -109.59779633624966 11.427123054134146
v -20.230587603137966 -115.27145703257621 17.637864839443562
v -28.099742541979218 -114.9757577684556 6.439094060174296
v -23.201375882602107 -119.32380446814207 14.150330753387703
v 12.772416582563077 -110.76118301601724 22.50700118861034
v 17.50471710987008 -107.18796877327449 21.676059413821744
v 28.19057831997131 -138.37055716669437 0.9223456907051428
v 24.60166895147688 -133.57452037480166 4.955473015101404
v 36.6291873740544 -139.22858165737696 -4.015098039097563
v 31.703077750935883 -143.64808599419146 -3.205670995683338
v 20.6295779183262 -149.7400593797518 -4.234494079256592
v 27.470447222948827 -153.42069768054105 -7.881042386278356
v 16.645858522074608 -153.36313404354638 -6.13046365367261
v 21.814711089734033 -159.29681312116097 -10.493546700846622
v 23.56728668516334 -141.1154999519129 0.9368939559431695
v 20.27743615904516 -136.55893129310994 4.881320095507242
v 26.20569029139341 -146.17462162236686 -2.985551204845617
v 12.44256239821682 -148.73584728625428 -2.4260349962384815
v 8.51199268457255 -144.4577453901255 1.2696957915679619
v 8.330986585816056 -151.40396506831138 -3.8493106874636034
v 4.658950198410842 -147.11723415975825 -0.409636462903503
v 7.5506129073338 -156.5451059041614 -7.544175406162516
v 6.4398676446267125 -159.6725418639731 -10.29529385584705
v -2.1544798130278906 -158.30065804929228 -10.483542706763142
v 2.836830404304145 -162.2440061342987 -14.376323998616815
v -6.444361035569425 -154.2409089834828 -7.4365077211852775
v -3.9469818451178327 -99.89211194444368 24.975105451028526
v -9.13322366459111 -104.2233765353109 23.28982070543288
v -9.87919632084943 -93.03017432056811 17.884726669219486
v -15.502302458859365 -98.6638472700228 14.437187955535398
v 8.03687635899462 -114.50368915453943 23.223511342058117
v 3.2601966654611303 -117.71699096662027 22.125930604013785
v 25.54566496976377 -99.70905543067414 18.13052402313653
v 29.561631698796546 -104.86417326267464 12.65308601375008
v 33.51685916093248 -109.32105159378878 7.372174544381036
v 37.26251066525904 -113.1008423381914 2.3779653497790996
v 40.63250187156197 -116.95852243136157 -3.165833906426318
v 37.27029071885332 -122.1520513896078 0.3663548873522551
v 33.832032256200264 -117.72421787692068 5.434107217306664
v 30.077395434305807 -113.35311410063198 10.322195019771083
v -8.721646368614506 -126.84708499337809 16.13126273057816
v -12.39307867121225 -129.79324686694855 13.274427843258461
v -38.73230839138671 -127.67296780268737 -18.10006868320307
v -34.682349512362045 -123.41615032312771 -20.774918932430968
v -38.92361749884332 -130.93017730273837 -9.02773328197483
v -41.60081641343067 -128.16465818573974 -12.87290160345708
v -41.92210910690437 -125.16392072039332 -8.319450551126346
v -41.60081641343067 -128.16465818573974 -12.87290160345708
v -40.040731363412675 -119.74677356744527 -7.049370107750685
v -36.5303761909272 -115.7069238060141 -9.42536918567615
v -34.10754241738898 -114.04141829028723 -13.841903775901326
v -29.59872210228037 -119.81663523447614 -16.207570694386064
v -26.91157598687251 -122.67188837310125 -13.254012730424467
v -19.573746305020755 -104.55117305660238 -8.600302245596644
v -21.370165585910865 -100.8461843584517 -3.141604891579674
v -23.387592409522384 -102.10709795638158 -11.928061330485049
v -25.26498131719446 -98.29911976254436 -6.693729964474174
v -29.61189218880048 -114.51185274166352 -4.262412430970094
v -30.135291471675043 -112.82783133010814 -11.663152285123914
v -25.302808949105852 -108.41666733064972 -14.042242550379948
v -16.831003361271613 -107.00437020956363 -6.679738435816386
v -25.26498131719446 -98.29911976254436 -6.693729964474174
v -28.55027783170803 -115.4408466225385 -2.752606645430493
v -37.16269239261324 -121.40818373034432 -23.498444462193085
v -41.596123559379286 -125.37547778863217 -21.214721444875337
v -45.205803382369005 -124.91893797760652 -16.734329149088012
v -45.975217328024904 -121.38867599171701 -12.809685942928665
v -43.5868885014372 -116.28871680237921 -11.557992672326453
v -39.79469039487299 -112.86712506844886 -13.709262468460247
v -36.47784176168544 -112.64638329570816 -17.663194125150103
v -35.32920379526394 -115.63007284508225 -21.4479905334251
v -32.71121260246793 -117.38380958525843 -18.899731536127526
v 4.987017413634009 -74.73793305874264 -16.133804003997067
v -1.7580517864048115 -77.24897956660824 -13.744872469729923
v -5.510097982840674 -75.14205336489701 -8.457053969204583
v -5.285751548344363 -70.93647239950064 -3.510247079116139
v -1.4493302585816092 -66.29217220174391 -1.072559245359777
v 4.552309890749873 -64.01599374487463 -2.974732672632964
v 9.09170238914331 -65.20620188169794 -8.22618339709318
v 9.750735838890927 -69.43600643025829 -13.73432303069385
v -13.721864225258848 -89.84517982674532 -12.421725135323706
v -10.731008311494183 -93.99794620296092 -8.80574645984009
v -17.05014764566595 -96.97069873326957 -5.880949017341277
v -20.38128280721442 -94.56511841838696 -0.01119165886147755
v -23.54119324911725 -90.57726243215319 -3.48942683137723
v -23.766067091474973 -86.35595277978956 1.3828061821528213
v -20.38128280721442 -94.56511841838696 -0.01119165886147755
v -20.571092550966476 -90.65861223647879 5.321763855727348
v -16.63415186446302 -84.96601685086347 7.699735933908517
v -20.13364443808191 -80.99451508545515 3.7349337421484385
v -10.289398465504267 -81.90874835572278 4.4185528750210725
v -14.221026702656513 -78.16825407950957 0.6950760432793768
v -6.907494684357571 -83.30262615460369 -1.9111252709135993
v -10.57319157783103 -79.25428734883991 -4.714900176679608
v -9.849225001493318 -83.85059105494176 -10.130175742492327
v -6.906003162765683 -87.79352917125662 -6.84480749556199
v -33.589994205182165 -112.04386891934527 -6.380715140812929
v 40.467781384082855 -71.93321604527554 -15.48423604469879
v 35.747009016885535 -70.13549835042943 -16.306747926993737
v 45.46171489703198 -73.86396442897434 -17.766635567606002
v 40.467781384082855 -71.93321604527554 -15.48423604469879
v 47.96982497735921 -75.61216854930538 -22.799643832126815
v 48.20335382699511 -76.66603458080952 -28.669521900120536
v 46.559448729891834 -76.70533172694965 -32.73468081710054
v 46.559448729891834 -76.70533172694965 -32.73468081710054
v 43.26012558903605 -76.54667257669655 -35.41186114871771
v 29.18837707832725 -71.39390044136601 -29.001979534252676
v 31.147304667593694 -73.25683677031003 -32.82587075067355
v 38.47608861469588 -75.6098490495729 -36.65882208489367
v 29.216162683377057 -69.7983658528182 -25.427515991095436
v 34.0985383261405 -74.33319212642078 -35.24479729290222
v -17.5600201806892 -98.23984869549058 1.8676862348868015
v -16.830767300401526 -100.33260793727844 3.2369521574567615
v -14.304071401306846 -100.73386471310323 -3.8078477782364684
v -3.984803800416756 -90.34919687057217 -3.47792203009747
v -4.149296576415 -85.50351159317458 1.2610960135678324
v -6.907494684357571 -83.30262615460369 -1.9111252709135993
v -7.295900472834994 -97.235198311422 -4.809450406107426
v -1.8035811751920203 -92.45202774017342 -1.7065221813116405
v -6.879116249432829 -85.14918920588353 8.929090126843446
v -4.149296576415 -85.50351159317458 1.2610960135678324
v -17.5600201806892 -98.23984869549058 1.8676862348868015
v -18.03678888018984 -95.08050588392798 9.696179393090627
v -16.830767300401526 -100.33260793727844 3.2369521574567615
v -13.113242799134305 -88.70264164980468 12.101721678882045
v -25.35814337124487 -86.67299604128522 -13.425987820727002
v -19.4019021641203 -84.94673390011079 -13.601261927191354
v -15.349050351259365 -79.42200144280383 -14.867817530517115
v -19.997323397410625 -83.10253796090613 -13.359533115573152
v -26.10392908348297 -85.39679851776131 -12.418003599429024
v -15.763123003740514 -77.46373224956858 -13.07022910299138
v -16.578754554802362 -91.68862596934287 -28.082982012786047
v -17.692969066393136 -91.01575528423469 -31.07160037748374
v -22.74773502823768 -93.10005252526388 -28.270929133012864
v -23.115164811496108 -93.44204891170055 -31.960422061027124
v -12.90973927753755 -86.25514128225805 -29.992471164153542
v -13.347825463937381 -87.13910415195494 -33.35419058241965
v -27.866213694506577 -73.0978926527949 -16.655585632261158
v -31.47950185097394 -77.96538038828024 -15.718096957722263
v -26.407838693588236 -76.10998311090056 -23.41814281814166
v -30.026827989104873 -80.67892549233287 -22.2053462760884
v -31.496985948622978 -77.70872571098388 -8.21150161316602
v -27.4604177356182 -72.49550824773978 -7.707444487932889
v -30.493582626685626 -83.79509789108351 -14.301412486546013
v -29.019897078880998 -86.49485563044615 -19.723337748257226
v -30.92012049999747 -82.68125957492168 -10.271467163051904
v -30.493582626685626 -83.79509789108351 -14.301412486546013
v -30.92012049999747 -82.68125957492168 -10.271467163051904
v -26.86904191305392 -92.03489336493666 -34.56447960111711
v -27.308766026878907 -90.33828183034124 -30.308353787628086
v -13.559530149248875 -83.95148455038509 -36.50456881904145
v -14.59257850654327 -81.23831537978316 -32.5936402623428
v -17.39778402869156 -85.2975108651363 -14.128967005192145
v -27.662891755024027 -85.85549749925698 -6.66243651734958
v -27.85136627780191 -81.67342190778999 -2.4863426230230115
v -23.813859361511753 -76.57469928955285 -0.6731198009539536
v -18.01235960078208 -73.69691692851896 -3.405651968317928
v -14.128518749026862 -75.05425703133884 -8.026670348914571
v -13.412048852471322 -79.56322862530855 -12.234365963422974
v -5.510097982840674 -75.14205336489701 -8.457053969204583
v -5.9422575943696145 -63.14078690755369 -30.148110930526315
v -9.109093589307673 -67.79021242576343 -28.880497636191873
v -7.65868828467017 -72.99809572527751 -26.694307900248585
v 3.2511011323906036 -73.93693908831952 -24.62290033005688
v -2.5824369826669447 -75.72443085963518 -24.83438866982342
v 6.786346451218478 -68.23244277297943 -26.15641466363447
v -0.46980569837463904 -60.8886816905881 -29.732008382132488
v 4.611444437097571 -62.482829481728984 -28.488944042631207
v -10.327869482739425 -65.56848015922517 -23.869214709389176
v -7.198267993575561 -60.81648226174308 -24.816948963638257
v -8.979857695689226 -71.03346139967458 -21.890619230806138
v -35.13611188174271 -108.7065692208316 -13.314964263779492
v -29.552081249129436 -104.85922089806024 -15.976238084501308
v -38.578745508006556 -107.50226396984846 -9.28439815867403
v -39.25265653069443 -103.98696869631286 -5.629919612783714
v -38.578745508006556 -107.50226396984846 -9.28439815867403
v -36.9517045828195 -98.90305643695002 -3.5204201378421907
v -32.76926455485031 -95.157510536279 -5.447994757092182
v -29.224549387734356 -95.16356855021304 -9.8698344788551
v -27.13348032444665 -98.7074038886102 -14.301926948635408
v -28.889185912540754 -83.22969949571409 -27.094253561921462
v -25.430539727553708 -78.59121552811874 -28.47574405637376
v -27.898424901961256 -88.66668750776756 -24.742821543382377
v -45.86916313590764 -104.74067066534752 -17.193657184756187
v -45.38204466366892 -122.1735036906726 -22.942982618610174
v -40.53911601734059 -118.72931152451551 -24.904796144059716
v -49.16027324175535 -121.22158058856664 -19.62278150334851
v -50.166313528778424 -117.56237683987212 -16.99354198741592
v -49.16027324175535 -121.22158058856664 -19.62278150334851
v -47.3596339109572 -113.09494773122223 -15.938572871581211
v -43.41997630431254 -109.8248603289706 -17.67285171747785
v -39.93099599166419 -110.31174439517449 -20.89412554550041
v -38.56856838517703 -112.95952550876237 -23.40721865873011
v -10.349204161604053 -150.305667460087 -4.640835636767557
v 8.90272941869824 -167.24536499575873 -19.213414487170674
v 13.753771531807285 -163.2254764082479 -12.894945677427618
v -22.898061350957178 -137.95252745272452 2.9738751811936197
v 57.30969065218079 -162.38754236905112 -62.72162703668927
v 62.797217120200685 -160.72364277768068 -58.07013982138844
v 53.327748517084764 -157.32745296416277 -58.34214309445379
v 59.06703150728895 -155.4271942648505 -53.705407466394526
v 67.8456810942135 -160.83778189751155 -50.316748088069176
v 63.57925527414988 -155.24122036201254 -46.664404721897384
v 69.29430117137667 -163.5423379172173 -42.29147830005722
v 64.93377834702586 -157.63554647910834 -38.60606260480667
v 66.9269593920696 -168.36147485523333 -35.350886296592705
v 62.85081884893243 -162.05950838591647 -31.280331843909448
v 44.20776948943261 -175.9846642151059 -25.838726249573508
v 48.95831150158875 -182.8778407621604 -30.59512782540821
v 37.86591365182674 -180.00807219499904 -26.517927927913295
v 42.94103340657335 -186.5790728710399 -31.71049261202717
v 50.74011764296647 -171.6629447261031 -25.7808408014515
v 55.12057762119996 -178.60805979605982 -30.455535159010115
v 61.36525155113716 -173.97642678374456 -31.31960013150253
v 57.3991104782804 -167.16107991669665 -26.945135738441543
v 51.255183934647356 -165.32016192707306 -65.46131225328226
v 57.30969065218079 -162.38754236905112 -62.72162703668927
v 47.41243842227312 -160.29558313402833 -61.02076030890513
v 53.327748517084764 -157.32745296416277 -58.34214309445379
v 36.51342171089089 -167.1985249286767 -62.82168709976967
v 40.55035033838494 -171.86778083093617 -67.1913202923556
v 41.85206144616851 -163.63148340948499 -62.35226234362404
v 45.904593222908794 -168.4261914443835 -66.70020870348303
v 26.42254121711461 -175.55573163087314 -60.262526329434266
v 29.887770255541483 -180.51925677242824 -64.50765879638203
v 31.412669076028685 -171.0769920563417 -62.2817448839376
v 35.46643676718281 -175.55653822685315 -66.77851827238774
v 55.11316748088582 -149.60334238637932 -49.85935391983653
v 49.219860447741894 -152.11122730759365 -54.228653004898156
v 59.61259861057201 -149.15277675455994 -42.87316685401218
v 60.91828289305644 -151.12048550571 -34.65071952374936
v 59.09145660126967 -154.94668174949032 -26.81393797567909
v 32.5345950951924 -173.71042928171852 -21.00086036434313
v 39.03788185848528 -168.91264606019834 -20.158580751898892
v 45.944156908246434 -164.5863686960289 -20.07644278763555
v 53.14524732626598 -160.1681820458691 -21.561793634698418
v 43.406019040430245 -155.55583122169776 -56.666620978794555
v 49.219860447741894 -152.11122730759365 -54.228653004898156
v 37.888139158235504 -159.13490770463744 -57.83950236115879
v 32.73369629621042 -162.75312570360978 -58.233376161979464
v 27.627736584687675 -166.62439575692628 -57.73351760037254
v 22.84705592852728 -170.7833472244223 -55.97121187663547
v 22.80657431792444 -179.8313058878503 -56.31688893682096
v 19.347272012259147 -174.75393770540987 -52.37696011257075
v 26.702992015028677 -178.67160081550844 -22.329418560736507
v 31.749715812629464 -184.1146348024263 -28.28184075805811
v 20.518658532603137 -181.75546011752914 -27.508309093137903
v 26.489879680644815 -186.68789628819115 -32.382660992920044
v 45.27885160199162 -147.06946843326685 -50.539068605912696
v 51.47532902478591 -144.01614839036364 -46.57814860464965
v 56.2280733686752 -142.938533608959 -39.651870886124684
v 57.09686660860616 -144.39119243578264 -30.98025012629669
v 54.91256745479879 -147.51600744897337 -22.3993964510053
v 33.63310700506928 -161.7857996250554 -14.243589987796113
v 27.109545234135325 -166.55972574539334 -15.681272909722729
v 40.7877169121113 -157.46497288903862 -13.954138736171721
v 35.49280394715426 -150.3401584894789 -8.199273478101173
v 48.58858035202079 -152.63210050858956 -15.659168112419898
v 45.27885160199162 -147.06946843326685 -50.539068605912696
v 38.72794590031245 -149.7432715496363 -52.084140733309596
v 28.74129583072041 -158.37424899859383 -53.72620912028756
v 33.8136514338898 -154.23985566051635 -53.237843796581
v 19.29428919693079 -166.20168727102308 -52.0475672650752
v 23.88746342240263 -162.16301977226377 -53.43830359910564
v 15.669007844077722 -169.97944765450353 -48.84308115851717
v 11.772580433088017 -174.14069654080492 -38.04238320309233
v 13.151969587476255 -172.65933643026932 -44.00842471876688
v 15.283226267123755 -174.07426571124054 -23.852712538429113
v 20.640526914465838 -171.0204849414707 -18.427764834145226
v 25.970255625445134 -84.95024987183913 -34.008505558625345
v 28.361220254543028 -79.40841574742437 -32.41403895366944
v 24.328811885039354 -82.76674435967806 -27.657626092794935
v 26.917211807097868 -77.95449367442473 -27.568531145720456
v 39.599158730477335 -79.37689030850262 -13.731089402545843
v 34.79752270145077 -76.22430489470135 -15.056756221011085
v 27.33532856160906 -76.02729324099847 -24.031170695760558
v 39.599158730477335 -79.37689030850262 -13.731089402545843
v 46.195451983831326 -80.45061456375639 -16.15824110333582
v 42.480775799096435 -86.47745132789548 -12.794322519654644
v 48.14417318592868 -87.54717046390144 -16.914679668496646
v 49.74696217176705 -82.20347695222887 -22.269891875847648
v 50.93740391190614 -89.10978044128622 -23.915470110932503
v 49.904304768278 -83.4490373917432 -29.41488025993969
v 49.92573257991928 -89.7847833062047 -32.39452278536686
v 46.875220390569744 -83.47035865671855 -34.25441048530477
v 46.124518814637895 -89.30451300814235 -37.97788809723338
v 46.875220390569744 -83.47035865671855 -34.25441048530477
v 42.26867957562048 -83.12539057481654 -37.107342949858776
v 46.124518814637895 -89.30451300814235 -37.97788809723338
v 40.738911976103836 -88.8091666572707 -40.770561761127716
v 45.0639875336785 -92.5395818991035 -12.71942746812193
v 49.70745425508187 -94.26766557606369 -18.246676293731472
v 51.68981142942626 -95.59643494324686 -26.782616216915002
v 49.947165515793834 -96.30973687411584 -35.77783677293678
v 45.69406176271774 -95.8821516014683 -42.18852837384698
v 45.69406176271774 -95.8821516014683 -42.18852837384698
v 39.42063834244085 -94.84726846361495 -44.69244486143211
v 23.53092729002163 -89.58295091834724 -35.47445159220101
v 24.600541344043673 -80.58006522479047 -23.238815536558675
v 25.55500060466101 -78.79661071694966 -19.46197094503553
v 27.563568580840517 -74.12190472627898 -20.39454019084682
v 27.79086806034692 -78.66960208415097 -16.189359191224106
v 30.1316000626455 -74.45071763100472 -17.42315860924855
v 37.96895268699639 -86.76390063826422 -10.349700965340151
v 40.39840319661238 -91.42027815413334 -8.998965952664099
v 34.911718764599655 -83.02203665097815 -11.85557711169653
v 31.205592700183434 -80.21719151009817 -13.852447609016831
v -32.055876817634605 -136.93710061319743 -10.311605482854056
v -30.94085638782576 -133.86380853790584 -13.772197701951235
v -27.089264236379766 -128.50248704313745 -13.999760293209121
v -32.5737547889273 -132.50431158604835 -11.01848825323871
v -28.501949140173384 -128.0009223576818 -12.359915679499112
v -22.13707924189038 -124.45635172704144 -11.881103651632454
v -23.585916836996404 -124.04293491438727 -10.842037962113832
v -17.806939039310247 -121.36767791623232 -9.029330538259492
v -14.213316382230772 -118.38687494641377 -5.853381942379827
v -19.416397042631665 -121.07004122701099 -8.05481595055415
v -15.800524415247196 -118.24394611430604 -4.909729291099239
v -10.858717709512543 -115.00301904861067 -3.288126105777094
v -11.642962995831535 -116.11712337815936 -2.1003580189896747
v -7.035602685742138 -112.5504344496707 -0.26594625736188693
v -8.717628284675246 -112.53355653772397 0.011465870670523959
v -3.933338597033503 -109.46977914669199 1.0754417573985737
v -1.2676031625121245 -106.50101595938979 1.8175053658696843
v -5.743098605061268 -109.36735541718956 1.1088212863546103
v -3.0367619450771866 -106.2060801545549 1.990539310379253
v -32.055876817634605 -136.93710061319743 -10.311605482854056
v -5.877577404637373 -134.67901813237694 -35.11967341044858
v -10.058726554659508 -131.7916363925092 -30.667021679666608
v -5.93142387499862 -127.5549925891887 -27.584918540601485
v -1.9521099442695125 -124.05721895260034 -23.60853942480381
v 3.3427262616084596 -107.93941284743828 -10.281393317274736
v 5.361705358670262 -102.90734800547114 -8.08517836953236
v 7.890315761492761 -99.2112155718895 -5.486785390894224
v 3.72686471923931 -103.75115107775598 -3.875569923050975
v 6.599998811425046 -100.41083320382127 -2.1028973383062164
v 1.4034478627497702 -108.35643998643408 -5.840945656123667
v 25.58295908527351 -85.33339084588853 13.468925328781664
v 24.722909621239566 -83.2469137227332 8.32556150386617
v 22.20380799517403 -80.89429806737489 13.438890760336005
v -45.28042473857487 -107.61861128817262 -22.224634957605858
v -44.746027041152296 -110.25774276137655 -27.830306236375122
v -43.43822726107892 -116.32212665358546 -36.71344690003129
v -33.59578498786908 -100.8258168563415 -32.28132277315416
v -41.385058021913956 -121.76322967732207 -35.529546626353934
v -38.824891452933414 -127.23458257139737 -35.07680351340658
v -33.59518037801506 -97.83021129327763 -26.84034518590517
v -34.046699770566164 -94.54702085796575 -21.729836960347594
v -25.833514618748076 -122.3737869461178 -37.050856341860054
v -28.380878797136216 -116.78197016611533 -38.15563680441231
v -34.433986615087726 -92.00278669904642 -16.996354598582837
v -33.02274869394196 -92.17725609666593 -13.240102163249528
v -30.990130815694478 -110.57822913030871 -39.71888544360331
v -51.99355345542671 -124.84155824644898 -32.256656058716096
v -49.787942092485245 -136.223382200345 -38.11637303402274
v -47.66344930407585 -140.84016782776627 -37.395855130323554
v -52.10378618322722 -126.32774009213915 -36.15416536977517
v -42.61465351306283 -118.69073981587792 -40.59805251171587
v -42.457999248247845 -116.6583902860024 -37.12703094057234
v -42.38094670519633 -114.29234349045457 -33.71626692254484
v -36.63507505700701 -138.01113560894447 -39.83279109132826
v -37.886446998483365 -132.99063090624858 -40.87813074223252
v -42.40400392765446 -111.713747426769 -29.60787153099789
v -42.70609784449897 -109.1232754824774 -25.227825749743094
v -52.51249648038656 -127.76160640917044 -39.48484672905554
v -51.52170260925834 -131.59582023195492 -39.21901218766379
v 11.779139050697136 -77.48169232093183 -37.15663407547972
v 9.232307217907913 -72.43412680347585 -38.028217874984364
v -0.9995291139983147 -84.4832601877686 -35.44547750285407
v 1.4757745873190977 -88.6970784753921 -35.45990137930571
v 5.192481840644479 -64.78256114531126 -33.703834660331104
v 4.611444437097571 -62.482829481728984 -28.488944042631207
v -8.979857695689226 -71.03346139967458 -21.890619230806138
v 13.684945523263345 -81.89410921776299 -36.92371078239087
v 12.85875163684166 -69.38612171110196 -4.1643398502391795
v 2.853792762587478 -58.23173928064912 -18.15923895712227
v 3.0907040517700963 -58.02539936342455 -14.310704333621745
v -6.708129557892211 -74.52457878863741 -31.752628334222678
v -5.960526088744704 -75.99579738914628 -36.28153896943737
v 6.520140567768022 -67.86408252939904 -37.96880737969299
v -3.7727111717255344 -79.83613690603165 -36.140141240592705
v -27.898424901961256 -88.66668750776756 -24.742821543382377
v -29.019897078880998 -86.49485563044615 -19.723337748257226
v -21.715477964416205 -102.22635231175391 -35.20912999316123
v -19.213223348214377 -106.76290145488855 -34.785292374488414
v -14.924862116108622 -79.1063904847984 -26.845429491100465
v -5.757993337651973 -100.54224691193956 -36.382333776704655
v -7.8902475190694235 -95.76098364075136 -36.071225002702015
v -15.697275248722582 -76.60191448086638 -21.617927424528943
v -16.66739563896797 -73.90694731799283 -15.986299119847429
v -10.57319157783103 -79.25428734883991 -4.714900176679608
v -14.128518749026862 -75.05425703133884 -8.026670348914571
v -27.308766026878907 -90.33828183034124 -30.308353787628086
v -26.86904191305392 -92.03489336493666 -34.56447960111711
v -10.910133125973124 -89.14467664592003 -37.11360075683066
v -24.808546210609443 -96.32645665052836 -35.66096309158805
v 0.7480322355929943 -142.86000034190724 2.9354531409726086
v 16.55528978243571 -132.04316970861652 8.988335953824038
v 29.697686999845946 -121.89584004580814 7.6240482742439575
v -6.555143200482654 -148.14363957664543 -1.5619194910033372
v -17.86642960933549 -101.90226587677962 1.9110103615364058
v -14.729913414947909 -105.09016594400532 -3.956472891059786
v -19.4152688653572 -101.90905638210374 0.18136847611015572
v 25.19805649892256 -81.70719262988617 -15.262167216726876
v -20.0961917853209 -150.9667379190709 -22.37033126792795
v -23.554472998530493 -147.4321307096124 -19.119969679659206
v 35.19357880064812 -87.77121928343692 -40.687077105505125
v 33.19351979026173 -93.62192349114503 -43.89706569868781
v -37.04183407674653 -133.17805762294367 -6.227995963623262
v 19.70903359691748 -81.47448099938208 0.5449954653618179
v 21.60823827552326 -81.96976994117655 4.82259859534992
v 26.62580604308835 -85.30289284601417 1.9087799515775206
v 29.758871967690137 -87.36772945571735 -0.4972951972650792
v 28.443894618581947 -86.7009223650708 6.140258360061287
v 30.740823559985888 -86.26708682200932 -6.1383872806355315
v 30.740823559985888 -86.26708682200932 -6.1383872806355315
v 27.250377141633074 -85.5881145187438 -4.307479288513215
v 29.702421718296325 -86.19148214041346 -38.15676656147012
v 27.56687457763543 -91.73597603582547 -40.76384662476204
v 5.980783945865582 -161.78508186393498 -45.748592930671116
v 11.32176820629984 -165.28129618476834 -46.21275796885208
v 19.347272012259147 -174.75393770540987 -52.37696011257075
v 15.669007844077722 -169.97944765450353 -48.84308115851717
v 17.62828289621623 -177.8365857315062 -47.16649213183226
v 0.268957944205642 -162.90628345217635 -42.3304941634161
v 0.268957944205642 -162.90628345217635 -42.3304941634161
v -2.9425832765113853 -145.59055946312074 0.8903959452587564
v 12.323168363501125 -134.73968977416422 7.954342381616218
v -32.38082477278883 -115.10791990348989 -9.200331431985381
v -34.10754241738898 -114.04141829028723 -13.841903775901326
v -45.205803382369005 -124.91893797760652 -16.734329149088012
v -36.47784176168544 -112.64638329570816 -17.663194125150103
v 9.09170238914331 -65.20620188169794 -8.22618339709318
v -2.0676910455310678 -86.71553661588466 3.6967620199487032
v -16.941887181136526 -72.31114569806806 -11.524195267605712
v 5.580133462940019 -61.00862754157531 -11.11245413275437
v 4.152210238251243 -60.6130300672502 -23.340817367866087
v -7.65868828467017 -72.99809572527751 -26.694307900248585
v 21.461225568778314 -183.1916515009965 -50.94794141821379
v 24.51805956737093 -188.28058472170585 -54.58589331616418
v 22.80657431792444 -179.8313058878503 -56.31688893682096
v 26.045045740846746 -185.04711442585142 -60.0739859399874
v 25.477426237119083 -98.71401291908693 -42.93425568550616
v -34.70386253618136 -135.54682960442534 -5.470888955590027
v -33.802121016494404 -132.14749281663455 -10.174273418517984
v 36.709003193920935 -90.26770900858224 -5.976290016128245
v 34.37868919186625 -86.61954339346434 -8.250134386546042
v -25.002960982523522 -123.72244918178644 -11.187300559892497
v -29.614269817060645 -127.80388209469987 -12.42562237520706
v -13.259936049526003 -115.9680533157593 -3.173894799272339
v -17.401266830842427 -118.28879197645072 -5.35893844404986
v -21.126790863007226 -120.78556421059865 -8.377092604215237
v -10.844059059958331 -111.80050736427232 -1.1942089535440914
v 1.2625755304043316 -99.09625976280705 1.3786198787869033
v -1.3731073410404038 -102.82438905522065 1.3097398342043673
v -4.894678258414725 -105.62566585574038 1.3065086765265188
v -0.30667919489130213 -96.67822017806704 0.30707926553770215
v -13.369491508346481 -110.47604540470779 -3.883041765380706
v -7.942418528184437 -108.6711718285794 0.058636868076857196
v -10.749318433113439 -107.36359088215933 -2.261724062211172
v 25.58295908527351 -85.33339084588853 13.468925328781664
v 24.69611863273372 -89.21030984350793 18.610287039240845
v -31.97063864676628 -135.6394878326026 0.14316786608606868
v -34.70386253618136 -135.54682960442534 -5.470888955590027
v -6.62324350870023 -114.84223763692933 23.150631628096946
v -10.57068029853534 -117.71843082082817 21.015770041142527
v -20.95891167408795 -127.25825290505736 11.59522526732192
v -24.27513867661132 -129.83556628516888 8.318347348326544
v 7.319431015401709 -104.32887297697792 25.36599959272025
v 12.068514180681928 -100.67135563449054 24.257642896041347
v -2.4191457582755147 -111.69606971542343 25.28730621206931
v 2.3876506941864153 -107.8394494238692 26.5805705755113
v -14.207004506302518 -121.39556025998098 18.94232117349282
v -17.614356921675572 -124.879471628827 15.54818976590233
v -27.79549739840286 -133.08822425719723 4.7957569791936345
v 20.81264880693103 -93.50625545937591 22.189704147189325
v 14.031996530043031 -85.75530657957518 -2.271034258420119
v 12.72355135761987 -88.76944520901888 -1.2842376434815082
v 9.411637767358796 -90.72378905803862 -1.6446346840753572
v 15.439288961477468 -87.23049249353448 -0.04728943330078894
v 17.894439481628456 -83.98821335692226 0.4866437159713797
v 6.479372406307872 -92.87673023751134 -1.0495937758111702
v 17.609107685946043 -88.7277068840479 -8.073075313714122
v 15.643028214801422 -91.00420537214647 -10.006216687190403
v 17.84187960338761 -88.5945998782198 -10.100798326200923
v 16.908375572068465 -90.49312961300967 -11.917984291148626
v 8.652941417923978 -94.27418964498602 0.39367205947350403
v 10.117764082416677 -93.4718914530639 0.010934948111108483
v 10.79826330802546 -91.23217867130847 -0.25618331833717806
v 12.795618466377158 -90.15257845713532 -0.1728063632537465
v 11.587939194650465 -92.59770893128571 -0.6516978341126315
v 14.617868051289342 -89.32616649662701 -0.14173534717182162
v 9.039689009997069 -92.36850281727338 -0.5578129286720559
v 7.391193398288581 -94.32951541985673 0.14017691050979392
v 16.643183116484227 -89.25053464739473 -6.224387761976645
v 14.761138182839584 -91.60232462790657 -7.679857879009088
v 23.750027205381215 -83.93055148192653 3.4010149508186256
v 22.94241423762582 -82.60133200050008 5.847555382151983
v 17.853759050476988 -87.78510155641725 -3.810042187859061
v 14.14372138625822 -91.4524896455619 -4.913128703276845
v 12.643806461193401 -91.41815546450412 -2.433047890278339
v 16.012014250699178 -88.47788379196052 -1.199616180579481
v 19.387264939317735 -85.49379607660462 0.8939089369600827
v 21.378383264543032 -84.84255562515787 -0.3249201054130117
v 23.811511600530846 -85.18697786423405 -2.402457052063313
v 18.372031831972638 -88.85565744540294 -13.014339606453657
v 31.10325769689122 -62.42872403674761 -22.312451766706257
v 33.62681782489983 -62.598569220755984 -19.01941714188021
v 29.447906182151996 -68.55520230395305 -21.69141005903994
v 31.896995808102886 -68.76324805742635 -18.630087077738764
v 22.554434595994223 -107.03720178086758 -44.176256146376
v 36.749237120454 -82.28843162193354 -37.82676685946926
v 17.062775803224554 -179.92326951675577 -41.11375471710296
v 17.770575390854535 -180.99250665465408 -34.65921542679392
v 12.175881486223712 -174.27800507316027 -30.971591527458806
v -1.2626308778487818 -138.09246156954262 -40.03552463300336
v -2.8222705275628392 -162.8280429460714 -39.118043237386566
v 22.81280728588145 -186.9480930673692 -38.630765053473084
v 21.360035726488096 -185.75201843139152 -44.69063388492979
v 32.187131339412986 -80.65867935585385 -36.016472632788485
v 23.032436073295347 -82.44446458525871 -18.861617717690436
v -29.224549387734356 -95.16356855021304 -9.8698344788551
v -39.93099599166419 -110.31174439517449 -20.89412554550041
v 20.278672035804753 -83.93660627183034 2.3730149045073
v 17.690737022428095 -86.40903536757561 0.9947228220472536
v 38.668502702209025 -135.03347389617062 -3.838100326302232
v 11.578174663771339 -156.15721924912674 -7.487685125513764
v 9.520612061981423 -88.78752634083438 21.664615271039445
v 16.491842987662416 -97.02521343792137 23.682625695737176
v 21.87965088366483 -103.49827719520289 20.268181926180578
v 26.151982739012176 -108.7236631776563 15.369407430894746
v 2.5066952033639467 -93.50833506014517 -1.6630561318430892
v 3.9847382191938867 -95.93014575508671 0.14453255476324217
v 5.03677149770992 -97.24076331724612 1.0628449221698508
v 6.242975330360537 -97.85761985440891 1.0985084759892052
v 7.567633824457795 -97.18333102279293 0.2262456891669673
v 8.898638547842168 -96.23121263643273 -1.4527861824752846
v 10.309364878254351 -95.46860897364128 -3.7231940323612287
v 11.432050359424556 -94.60630190508228 -6.985695294141699
v 12.938534720563954 -94.71687777949832 -9.787888296582326
v 14.38695508661198 -94.39983222662295 -12.461622449656327
v 15.680156297060625 -93.4374728800905 -14.90566021025666
v 17.149930540550855 -91.30918273059092 -16.330153010269562
v 34.911718764599655 -83.02203665097815 -11.85557711169653
v 31.336325198886943 -84.00669623380887 -10.435326652665454
v 21.756473483344347 -83.5432835250026 3.4496173252995823
v 37.02109784430022 -189.60409063847555 -33.85509551222586
v 22.08716103801372 -146.28466447316953 -2.2772623477646015
v 26.045045740846746 -185.04711442585142 -60.0739859399874
v 31.714647484380638 -191.86940144663848 -37.27761987205304
v 24.77091339225168 -190.99085712377217 -48.37024466380672
v 27.00258223906589 -192.64446480772912 -42.72264872640565
v 69.29430117137667 -163.5423379172173 -42.29147830005722
v 67.8456810942135 -160.83778189751155 -50.316748088069176
v 66.9269593920696 -168.36147485523333 -35.350886296592705
v 61.36525155113716 -173.97642678374456 -31.31960013150253
v 62.797217120200685 -160.72364277768068 -58.07013982138844
v 55.12057762119996 -178.60805979605982 -30.455535159010115
v 57.30969065218079 -162.38754236905112 -62.72162703668927
v 51.255183934647356 -165.32016192707306 -65.46131225328226
v 45.904593222908794 -168.4261914443835 -66.70020870348303
v 48.95831150158875 -182.8778407621604 -30.59512782540821
v 40.55035033838494 -171.86778083093617 -67.1913202923556
v 42.94103340657335 -186.5790728710399 -31.71049261202717
v 35.46643676718281 -175.55653822685315 -66.77851827238774
v 29.887770255541483 -180.51925677242824 -64.50765879638203
v 37.02109784430022 -189.60409063847555 -33.85509551222586
v 26.045045740846746 -185.04711442585142 -60.0739859399874
v 24.51805956737093 -188.28058472170585 -54.58589331616418
v 24.77091339225168 -190.99085712377217 -48.37024466380672
v 31.714647484380638 -191.86940144663848 -37.27761987205304
v 27.00258223906589 -192.64446480772912 -42.72264872640565
v 47.916502014193185 31.513176084860874 -40.14060379931905
v 51.14060906865018 31.160121396711332 -39.509305226032794
v 47.02624752798587 28.880895490718956 -36.37773863974697
v 49.82979916078774 28.246000328621577 -35.587311494846375
v 45.035606987065066 29.154509913112037 -32.20014237409167
v 47.46469671460841 28.77244166371672 -30.967111903234265
v 52.03979282909659 28.80524883151938 -34.425980364446936
v 53.189925673133835 32.02286334380054 -38.23087242987077
v 49.42911151532022 29.122201469187473 -30.091475671938333
v 53.189925673133835 32.02286334380054 -38.23087242987077
v 54.08447296790762 32.789461189050655 -37.01619269772651
v 52.03979282909659 28.80524883151938 -34.425980364446936
v 53.52906108979807 30.707899390771118 -32.95710067026839
v 49.42911151532022 29.122201469187473 -30.091475671938333
v 50.956468089020476 30.128511867439784 -29.59150677092915
v 45.24382619863019 37.77880231877177 -24.153499579695954
v 47.34237918513142 32.84021417812697 -26.660021936516994
v 47.37811442137376 39.208396546538665 -25.78280955722395
v 49.11782671481711 33.972609644209655 -27.73566037520997
v 49.805049952508156 41.332561950968426 -29.892959590502027
v 46.416530733053364 44.79575803946088 -23.432319406915834
v 48.93858738440463 46.818630555931364 -27.811890196528633
v 44.064333976930605 43.40447519995588 -21.715552962119812
v 46.05488108699182 51.36607109049069 -21.664306485251963
v 43.42022526869999 50.24255971277468 -19.49005031654091
v 52.95098682626372 37.58591807462893 -36.346383892689815
v 50.661673458489375 42.7577447737701 -34.846608517577266
v 51.72017418567094 36.069603774287216 -31.52275290404921
v 50.5876983269749 37.37973741401101 -41.36674342099593
v 48.90291378235385 43.59483829034572 -40.56222302327025
v 52.2476163581948 37.70814679548537 -39.033997613860556
v 50.2188506571628 43.25832944866694 -37.705755408538025
v 40.86618434640061 36.708808654634346 -39.52998232171945
v 39.053217426018264 35.76891328298839 -36.88797723916176
v 38.736010544374075 41.12585577683915 -39.46440305677986
v 36.49750552436916 39.70014796925093 -36.35756705389805
v 37.32344120663247 36.744301202539454 -28.85996728634154
v 40.112690258080214 32.82967687885629 -30.897788740160728
v 39.478203297946806 36.17276708371966 -25.85585406974173
v 42.16807685198548 31.9586262047153 -28.788551035638758
v 47.34237918513142 32.84021417812697 -26.660021936516994
v 45.24382619863019 37.77880231877177 -24.153499579695954
v 44.73293985494999 31.885829632367376 -27.22059305514205
v 42.31339183770337 36.709074634451724 -23.964396896983466
v 50.2188506571628 43.25832944866694 -37.705755408538025
v 52.2476163581948 37.70814679548537 -39.033997613860556
v 41.88584009145317 64.79473607831773 -17.27080366916797
v 39.031292860105886 56.25035005093061 -17.605966252356673
v 42.7998728895062 57.18552442273318 -18.522154258427413
v 37.6909227866087 63.55074023622904 -17.11730527982188
v 45.2494638761966 66.10676474388771 -19.949295829268635
v 42.7998728895062 57.18552442273318 -18.522154258427413
v 45.269434176711655 58.42751677107312 -20.85236936203362
v 41.88584009145317 64.79473607831773 -17.27080366916797
v 46.80140551911977 67.00723162231745 -24.180142858810285
v 46.741730921293005 59.54399540036927 -25.084923611485593
v 46.83368278920796 59.90461540551662 -29.94119571495949
v 46.65207963419637 67.50829923015121 -28.931682788391313
v 46.01138688529336 59.86919004402321 -32.91996800231903
v 45.51409259022501 67.59969097470523 -32.13532930131307
v 45.51409259022501 67.59969097470523 -32.13532930131307
v 46.01138688529336 59.86919004402321 -32.91996800231903
v 43.43205103688334 67.28255200482221 -34.63131812118539
v 44.24749753251011 59.605741968613685 -35.336829918862335
v 32.74236726530957 65.01999623331287 -33.70751029065949
v 33.84549297106851 57.601414664062744 -34.38006281060262
v 30.589508984475945 63.857398926901766 -30.11636157677184
v 32.01437873136234 56.76259789762983 -30.60523283396849
v 49.322524563152925 48.11559904979416 -32.72336471921168
v 48.64896845609617 48.47449143474197 -35.669147488788454
v 48.466747249501594 53.96288508347723 -31.131472864714755
v 47.569505881817896 54.24194949016696 -33.97854989948148
v 32.7245435162035 49.3861170967741 -27.801193507664873
v 31.540484060286524 56.031173702593435 -26.457447220632965
v 33.229513871009104 50.49279185279965 -32.018730167498546
v 40.85279875266177 42.143364956479616 -21.010296087560768
v 43.42022526869999 50.24255971277468 -19.49005031654091
v 39.94270362962021 49.111347426642254 -18.653516725024936
v 44.064333976930605 43.40447519995588 -21.715552962119812
v 47.21335409889484 49.02010940514608 -38.468141477722945
v 45.44601437360921 54.288522559899235 -36.57316083645268
v 48.64896845609617 48.47449143474197 -35.669147488788454
v 47.569505881817896 54.24194949016696 -33.97854989948148
v 22.092559299776592 84.487252169733 -23.09338346927236
v 19.814982969742072 88.39528414331255 -22.94688768275168
v 21.808374996306377 87.07042224881639 -28.530791259298425
v 19.478208098930512 91.4906264567468 -29.373962306745106
v 17.794735918406552 92.02394719195198 -22.82256036717606
v 15.94079384171802 95.45839472464073 -22.057322825911903
v 17.189515129341963 96.89248840482048 -30.252770911781447
v 15.19977395663327 101.61121604815696 -29.538649525299892
v 41.11334367098185 120.54853021814037 -48.48518643450726
v 32.95416727577403 121.38846223810123 -50.36831146854283
v 38.860469605464345 127.33555619038842 -48.0087710760111
v 22.590717738725743 128.12947921995845 -47.15436451353582
v 30.7345195238098 132.72549492021508 -48.739143530575326
v 48.511642016071846 119.19879984352771 -41.69916424529474
v 41.11334367098185 120.54853021814037 -48.48518643450726
v 47.33762296598659 125.51371312354388 -42.314842548854585
v 38.860469605464345 127.33555619038842 -48.0087710760111
v 46.58466820909308 98.39378567519573 -12.691277851578791
v 50.4553710236066 100.46530651595441 -19.452356459629637
v 47.13816191183578 105.00235537297227 -12.712108206619995
v 50.49543016064293 107.27776653215713 -20.47563224952221
v -33.720366489173095 109.84912549130459 -27.50136500353551
v -38.97401778096139 112.03351718670548 -26.645181339872682
v -33.80761920562287 107.52219879186535 -21.9812228889149
v -39.3437861151625 109.651793999089 -20.891934680211218
v -31.59398344771993 105.48118111871021 -29.709952446133265
v -31.434444329310615 102.756531965734 -24.300846663182377
v -38.18776692728984 95.61067339463447 -28.143864144435327
v -43.99201181889054 97.3250936929427 -27.470970810799415
v -38.26585418143938 98.77609894248022 -33.679873284385295
v -43.575716372569346 100.5399129785765 -33.13739495843715
v -46.69351504820426 105.16459623672267 -30.730897894672374
v -47.365681145413156 102.50013700598062 -24.913700034527928
v -44.746027041152296 110.25774276137655 -27.830306236375122
v -45.28042473857487 107.61861128817262 -22.224634957605858
v -30.72986927804692 127.35021100800495 -30.948149883569904
v -27.43899048326307 126.04079786697184 -32.57216424653802
v -29.99478953935391 131.24250140068122 -36.13931999797438
v -26.235674584216838 127.92257710015237 -36.47203068395827
v -34.38316445907526 128.4333352263567 -31.852749850348136
v -35.122967686390716 130.88681583116934 -35.57925711190383
v -44.41044344873393 111.94353663142238 -32.889543707281085
v -45.92807028840984 107.5815950946694 -36.065705381699445
v -30.990130815694478 110.57822913030871 -39.71888544360331
v -33.04350955796273 106.06260227507909 -40.006222023104826
v -33.972889376665385 112.00231772069405 -43.20128843593212
v -36.59931474054827 105.71280444419293 -42.33042641934904
v -33.59578498786908 100.8258168563415 -32.28132277315416
v -33.59518037801506 97.83021129327763 -26.84034518590517
v -31.478962707843134 129.56693613529535 -40.40318198852715
v -29.99478953935391 131.24250140068122 -36.13931999797438
v -28.088295140091667 127.72178274035574 -40.14378084784363
v -26.235674584216838 127.92257710015237 -36.47203068395827
v -34.96633216270883 129.92808922691341 -39.34904428982645
v -35.122967686390716 130.88681583116934 -35.57925711190383
v -34.02413624407928 104.67575318522383 -16.871381235267737
v -39.78426238516148 106.92097084628077 -15.862445746388854
v -45.86916313590764 104.74067066534752 -17.193657184756187
v -47.63330851603517 99.62744475984425 -19.521434939771304
v -44.24049540584069 94.27358400187981 -22.03067542487213
v -38.5881058687077 92.55182510599693 -22.68935145308935
v -34.046699770566164 94.54702085796575 -21.729836960347594
v -31.406717246087045 99.69162358813209 -19.295433295481363
v -31.884610252600147 122.8382557882297 -29.550613799117727
v -33.8470600525694 117.75519936769972 -29.92726713963487
v -27.946042276472543 121.46141832690259 -32.29031493722175
v -29.846894908580712 116.44799131930736 -32.83691949836966
v -38.617192949749466 119.78203977765368 -31.479093334359703
v -36.49409806110256 124.81526514467451 -31.269381765181585
v -33.107359506542224 125.08795229155768 -41.81102681669614
v -35.15261720438453 119.98636588884469 -42.56117860652323
v -36.604493582161524 126.38318426279662 -39.663084160642214
v -39.72646283135996 121.6498365463815 -40.29709468671962
v -38.824891452933414 127.23458257139737 -35.07680351340658
v -41.385058021913956 121.76322967732207 -35.529546626353934
v -30.92797426584452 118.08596517322543 -41.5244952064605
v -29.013417547552976 123.58069727070534 -40.818562423737944
v -28.380878797136216 116.78197016611533 -38.15563680441231
v -25.833514618748076 122.3737869461178 -37.050856341860054
v -34.42275149173004 101.9158629937401 -14.966642888779848
v -40.579849836139445 104.74104873750326 -13.791815486220026
v -33.091120912548234 101.96972603669803 -15.94733378661992
v -39.09905839354959 105.28863889655881 -13.719628183486359
v -45.73947996554659 102.66906076577136 -13.757141504702433
v -43.160824153943295 103.77551246666194 -11.717516704608869
v -45.73947996554659 102.66906076577136 -13.757141504702433
v -46.657409529560404 98.48089860320462 -13.575978620000118
v -43.160824153943295 103.77551246666194 -11.717516704608869
v -43.482592745882 100.6642436157178 -9.565406998760421
v -43.90157022081263 92.94317029550658 -13.942201636689393
v -40.88580853072142 95.52531588142115 -7.902400711680883
v -38.86419172215743 90.33398537448488 -15.769875057776241
v -36.85919789820656 91.61529047741195 -10.191687164565481
v -34.433986615087726 92.00278669904642 -16.996354598582837
v -33.02274869394196 92.17725609666593 -13.240102163249528
v -31.93522016410532 96.39742463047979 -16.32400702309591
v -30.67237393007445 95.99450849232174 -15.246025264127514
v -41.369101484632736 107.66646879394962 -42.30188050223336
v -38.267375700206344 114.07591207541614 -43.74998026105489
v -42.59011562624815 103.68700710562183 -38.14060525558356
v -45.00630161494196 110.77937824761202 -40.00223877242163
v -44.60819323140896 113.33451489251478 -36.64893446551439
v -42.799281370062864 115.9034026906922 -41.27122312612045
v -43.43822726107892 116.32212665358546 -36.71344690003129
v -37.66684590218502 101.84437756704897 -38.58013740416278
v -33.48844185346994 103.40937118088476 -36.73645264499855
v -39.0089556936734 113.46860090311235 -31.553589924307683
v -33.98021123308581 111.66371657439703 -32.2197989421003
v -31.95908573681731 107.60278248729254 -34.25177690195977
v -40.53763978815696 113.37147871128967 -34.35097103476055
v -35.62354158928436 111.58476875108921 -34.356104720342294
v -40.390532665969104 114.80263285261377 -32.73658469042188
v -35.55478195343735 112.98108029817176 -31.59189789958984
v -31.84914761092137 111.46877820029226 -34.416872453192255
v -32.409377215401705 108.61930010560445 -36.82324765871497
v -33.04350955796273 106.06260227507909 -40.006222023104826
v -33.48844185346994 103.40937118088476 -36.73645264499855
v -44.60819323140896 113.33451489251478 -36.64893446551439
v -44.41044344873393 111.94353663142238 -32.889543707281085
v -42.2159218473512 124.46995606059718 -32.310933864859294
v -46.968340481095254 126.4661101627911 -31.165533525527188
v -42.27127913286526 122.77848559515016 -28.599591166374715
v -47.011079436892594 124.70104299752705 -27.516045837603986
v -40.48796616961727 120.46816499306681 -34.74618816152384
v -40.32847418802122 118.56058074875686 -31.08979559834461
v -51.28024122480147 117.10040001381657 -37.06393887906982
v -53.4265718980092 120.74739132739136 -34.832941352250096
v -50.394479956687086 119.99557875096107 -41.43583841090719
v -52.795811222084005 123.17010343780117 -38.9954954822083
v -42.882979001472265 125.80915144305426 -35.68035048023093
v -47.86494713455022 127.68748316438608 -34.63773073419977
v -40.81413269312573 121.88201369783663 -38.34039847969411
v -46.672470443959334 117.9607644528189 -41.73641255151846
v -46.577720128483634 115.32494204917724 -38.01352700808736
v -40.80031675747155 141.03601929972345 -33.98820776617519
v -38.1659229058469 140.4225540920596 -35.415746960603315
v -40.11085949487735 145.19138082695696 -37.69161855105585
v -37.01735547595183 142.3860927737157 -38.343411936456455
v -43.696752848458786 141.9281117570523 -34.34859962093628
v -44.65725363568022 144.36332936552586 -36.82847131659447
v -49.787942092485245 136.223382200345 -38.11637303402274
v -48.03815403861267 136.2860878142332 -42.221041572519425
v -51.52170260925834 131.59582023195492 -39.21901218766379
v -49.81938028714159 131.26539851272412 -43.57416035207541
v -42.457999248247845 116.6583902860024 -37.12703094057234
v -42.38094670519633 114.29234349045457 -33.71626692254484
v -46.9664420047219 112.80916315028546 -34.44125216908779
v -44.493430341226784 135.48284009098538 -44.40627281219831
v -43.06824609414738 140.12527071306863 -43.4964750914532
v -40.74741458636958 134.3123420938412 -44.18246155083187
v -38.98206306275426 138.8455790215965 -42.63295900365089
v -41.74327380928505 144.90686393585077 -41.72697738514152
v -40.11085949487735 145.19138082695696 -37.69161855105585
v -38.07118059070112 142.90910200957367 -41.822489202778186
v -37.01735547595183 142.3860927737157 -38.343411936456455
v -45.163767209741884 144.3472141427459 -40.1468258498863
v -44.65725363568022 144.36332936552586 -36.82847131659447
v -46.169608252005816 140.6821777064597 -41.17490326812863
v -47.66344930407585 140.84016782776627 -37.395855130323554
v -51.99355345542671 124.84155824644898 -32.256656058716096
v -52.11112181949838 122.80985270512316 -28.584995851757803
v -53.377856140642805 118.24632948101205 -31.20135986535233
v -51.39186990985707 114.36842056814349 -33.294716255103054
v -46.29001127546969 130.21311069142013 -45.70174875182023
v -48.98258173051907 123.89577000414529 -44.774188971107336
v -51.699240568248165 125.94313546989333 -42.622369956941604
v -41.4532219702703 137.44381737067275 -33.3327483439221
v -42.61141937388777 133.13273726889324 -33.911247620320964
v -38.071984255648005 136.92770279799885 -35.70545345722044
v -39.00979172980394 132.44613069063757 -36.43347081536909
v -47.127086530788574 134.70879162795848 -34.29143193209228
v -45.53928373969532 138.92914963347974 -34.08103044202452
v -37.886446998483365 132.99063090624858 -40.87813074223252
v -36.63507505700701 138.01113560894447 -39.83279109132826
v -46.89316220826437 122.31761311092755 -24.378155687487194
v -42.499216867989624 120.14706060142385 -25.580293372979995
v -52.414267265759925 120.23478221168179 -25.205838633585607
v -52.11112181949838 122.80985270512316 -28.584995851757803
v -52.414267265759925 120.23478221168179 -25.205838633585607
v -53.707734580095135 115.96797892600196 -27.03309935793875
v -51.33719181174235 112.035704073469 -28.59697569349292
v -46.86744230720048 110.03709223183701 -29.732171946975882
v -42.40400392765446 111.713747426769 -29.60787153099789
v -40.388152280000604 115.66074639621527 -27.805314872426866
v -42.64094635340182 117.95704164983238 -24.321305928257402
v -47.53013221807653 120.5485262663152 -23.534146378707437
v -52.080066773662224 118.94821980619002 -22.225562436100073
v -52.080066773662224 118.94821980619002 -22.225562436100073
v -53.148130667690324 115.1410423298728 -22.114425439030622
v -50.60660313047177 111.08354775737087 -22.471600595234037
v -46.55477762086959 108.29804400140766 -23.497617157561834
v -42.70609784449897 109.1232754824774 -25.227825749743094
v -40.430960044379134 113.02770115028315 -25.057104060895
v -42.61465351306283 118.69073981587792 -40.59805251171587
v -45.431334400857885 121.81703108666413 -44.9268083477508
v -44.195515652917194 128.73285104609567 -34.75250704947092
v -40.14198523629899 127.67177338731798 -38.17360450941841
v -52.10378618322722 126.32774009213915 -36.15416536977517
v -44.014721607278496 126.06074015390178 -36.971729482210534
v -49.139604154261036 128.0054698127692 -36.58012160667178
v -41.088248872360204 123.78765679860707 -40.0456970216157
v -48.43528786050353 130.30297281593187 -35.21928886477407
v -39.72249846656931 127.70702382388626 -42.753491044818816
v -41.98886964197116 121.73084864875447 -43.31489532063771
v -42.407689320354116 128.45862873844348 -45.486000530428
v -52.51249648038656 127.76160640917044 -39.48484672905554
v -39.72249846656931 127.70702382388626 -42.753491044818816
v -41.98886964197116 121.73084864875447 -43.31489532063771
v 9.676779269420404 88.04170849721552 -31.2418059386123
v 12.604353339957328 86.0970309416065 -32.699280040239415
v 11.27104452001501 91.7705344528209 -35.934849656742955
v 14.287214431461456 87.23335865715372 -36.742144091871864
v 6.430729653274231 89.79208256960464 -31.743054220929814
v 6.145678573181559 92.58912282036003 -35.0241293717948
v -2.2292909976714945 78.83939300291536 -40.5577722223445
v -3.7727111717255344 79.83613690603165 -36.140141240592705
v 0.9328640303359341 83.72654260632973 -39.764194648001876
v -0.9995291139983147 84.4832601877686 -35.44547750285407
v 9.73590213300215 89.63845746934732 -40.899152624746165
v 11.27104452001501 91.7705344528209 -35.934849656742955
v 12.665016203596327 87.05754742508726 -40.15282843804857
v 14.287214431461456 87.23335865715372 -36.742144091871864
v 5.8995425177105645 91.18256755604875 -39.462489724193254
v 6.145678573181559 92.58912282036003 -35.0241293717948
v 5.1501995425883225 81.0797304444013 -41.7662412539483
v 2.0794615834092696 75.93081538271447 -42.63982354759226
v 7.147104851504348 85.00604026194563 -41.3055108215972
v 10.923372001327355 82.77063973776626 -40.19687499031882
v 9.004104706448395 78.8157724603783 -40.94628632087027
v 7.50837476905107 84.02061036963428 -29.625267859016557
v 5.839423875364699 80.10567363752835 -29.385825770273478
v 11.703634373521613 81.92539216065889 -32.28534596960364
v 10.01116666476684 77.90235588712993 -32.10654101227315
v 1.2513489721327815 82.7404059339787 -30.82917877652079
v 3.49407914480585 86.52362077249305 -31.063225660339235
v 3.54115977056642 87.39445881459467 -39.49331360286097
v 1.4757745873190977 88.6970784753921 -35.45990137930571
v 11.779139050697136 77.48169232093183 -37.15663407547972
v 13.684945523263345 81.89410921776299 -36.92371078239087
v -5.68561799999906 71.43307063490813 -16.696085510954134
v 0.7003633374083318 69.41079483917821 -16.640138541644287
v -3.756909963474266 73.8471357776795 -20.11491977889386
v 2.4024224445446816 72.01227468628159 -19.915586866757636
v 2.853792762587478 58.23173928064912 -18.15923895712227
v -2.3468189718071457 56.1849285543959 -17.625279521729553
v 4.152210238251243 60.6130300672502 -23.340817367866087
v -1.644457888267226 58.40952938254778 -24.569603354852767
v 4.530968007104047 64.26426741575882 -17.341693497242343
v 5.920265171790636 66.6962393112761 -21.162164260708636
v 1.3421768273214907 83.9124044466444 -8.085078742567628
v 8.804055205060589 82.28657529533663 -10.005611235252546
v 0.8951431685055482 80.79267772126762 -10.934478920944192
v 7.499757378114793 78.83340959681144 -13.24338423112645
v -1.3920268739550465 81.07635812842332 -2.0393616372728296
v -3.014449501979403 78.5176968327891 -4.995947619575242
v -0.7825991537008115 77.41873900435114 3.7200143847353067
v -1.3920268739550465 81.07635812842332 -2.0393616372728296
v -2.939029384769837 74.46233583302717 0.30308743650272696
v -3.014449501979403 78.5176968327891 -4.995947619575242
v 11.331791207599968 72.04066361280914 6.129179521702712
v 4.717505927963458 73.79002712320246 7.052060939208109
v 7.959982647969069 68.04489372683997 1.30194915427154
v 1.85336361199934 70.15823074838424 2.699965900738805
v 16.146793981865418 73.09494344925687 0.2598144994039364
v 12.85875163684166 69.38612171110196 -4.1643398502391795
v 12.971992295907176 73.67237562885148 -10.228758181547011
v 15.953784337691747 77.88276647573727 -5.843259268501162
v -6.050833636105505 70.92178959438475 -15.843919625581357
v 0.5646328208514451 68.57116417766959 -16.359785501338564
v -10.666107587353109 68.23798516766439 -17.327909201479976
v -10.382243154824973 68.4599475680854 -14.273901578056082
v -11.384532144071747 63.12394076386658 -17.253858912956908
v -10.858990255950827 63.655209032794986 -12.019773585871121
v -10.666107587353109 68.23798516766439 -17.327909201479976
v -10.382243154824973 68.4599475680854 -14.273901578056082
v -8.105975010895262 58.46872623334947 -17.20706788977114
v -7.367666492605952 59.02221687072631 -11.183475102455398
v -1.5012888719052242 56.38866538017017 -12.002003320214133
v 3.0907040517700963 58.02539936342455 -14.310704333621745
v 4.414135861984526 63.38663277541034 -15.73571960877187
v -4.570801192309371 65.44217337057256 -35.1364704607588
v -1.5270504408213803 70.12926977084359 -41.165104260756266
v 0.4350147501325736 63.56101667825559 -34.705533537739655
v 2.976962266456237 68.1295598925098 -40.386455319888164
v -5.5118948217387995 73.73958070270547 -39.5352232080808
v 2.332320845620922 73.84662651216269 -31.829927393244674
v -2.622606972027846 76.45326555798118 -32.89917666030555
v 3.710740963466227 75.20161553011934 -29.69484876424724
v -2.095843803936093 76.86654426881874 -29.916851223288663
v 6.451712283054668 70.18854877850055 -34.06982919349437
v 6.843943899672276 69.61444491815968 -31.248262445536128
v -1.2143414408144135 78.4761745445404 -31.506668480010024
v 3.122152898387723 75.94706506054916 -29.98811868838914
v 7.979451406218232 73.22605389619746 -32.894324113218175
v 9.232307217907913 72.43412680347585 -38.028217874984364
v 6.520140567768022 67.86408252939904 -37.96880737969299
v 6.5112626646844305 73.61403005084802 -41.437331611982344
v -5.960526088744704 75.99579738914628 -36.28153896943737
v -7.886259555872774 69.98932575225703 -33.82608943770896
v -6.708129557892211 74.52457878863741 -31.752628334222678
v 5.192481840644479 64.78256114531126 -33.703834660331104
v -4.3451423701288405 73.63670044363319 -15.70668908472129
v 2.176160834447824 70.90852386219285 -17.24987831430243
v -8.236395512664956 71.42935688707894 -11.257778617814884
v -8.329689822207998 66.77900782467827 -7.181785877406185
v -8.236395512664956 71.42935688707894 -11.257778617814884
v -4.553857915309322 62.13311667335475 -5.3457083878944065
v 1.3905583071087015 59.842072690029916 -7.094709005461347
v 5.580133462940019 61.00862754157531 -11.11245413275437
v 6.451550039403548 65.56976773220029 -15.309172918831127
v -16.891169924625864 89.93816988573798 -22.700084445180188
v -23.034145487759076 91.65071852062647 -22.909540712665308
v -17.935711327868127 88.01357583193338 -17.74191418219945
v -23.865307366722853 89.68601808162308 -17.932307861062768
v -13.356367827694928 84.56668336530213 -24.478526465727874
v -14.22319183383053 82.27900356943812 -19.438619707594423
v -10.587229501388363 106.78292569945556 -30.253538275630987
v -7.4429504766022205 105.00516197244657 -31.847287734020078
v -9.404965562590778 110.65983258317576 -35.67613549661051
v -5.678701018355271 106.48481112615057 -36.028880249790916
v -14.059220221727989 108.28940313583199 -31.119469648933183
v -14.688506918431719 111.086051375599 -34.65653544518174
v -14.924862116108622 79.1063904847984 -26.845429491100465
v -15.697275248722582 76.60191448086638 -21.617927424528943
v -19.76548368764942 76.89991711155272 -28.421270808274375
v -20.54889608691087 74.19201328634522 -23.162122731201364
v -10.376749504961376 108.92296381188554 -40.213032435094796
v -9.404965562590778 110.65983258317576 -35.67613549661051
v -6.809937196100031 106.43943638226158 -39.62419712283304
v -5.678701018355271 106.48481112615057 -36.028880249790916
v -14.775766627705304 109.95672012255692 -39.03726938446033
v -14.688506918431719 111.086051375599 -34.65653544518174
v -19.600223597442174 101.13822182707771 -39.263357837338326
v -14.841152267611571 99.22852447290421 -41.151822911512454
v -23.292121591904962 94.33725611652892 -39.99381169384732
v -18.773734642349787 91.89621125811254 -41.8224182558988
v -26.02886058224476 88.72167537644205 -37.75180257443493
v -22.099307723508097 85.46918646602064 -39.44427244265112
v -27.720494547926968 85.61880573354384 -33.13155054297139
v -24.13715572812773 81.55893015268063 -34.692282008548936
v -13.123512992700386 103.80127586851414 -40.97911528607376
v -8.485272342648738 101.66689752444424 -39.71265651487713
v -10.306481350364706 97.09222670852542 -40.18945500247033
v -8.370592857365049 100.51184466938005 -31.209597328284808
v -12.829433014654889 102.15864546892749 -28.297422483744292
v -9.896675931327096 96.3602348909896 -30.972727496266064
v -14.430681196994295 98.37025568440869 -28.11938248866568
v -19.480145495932682 101.07848024297803 -30.001695447099173
v -16.940260944622683 104.74337241094827 -30.22964276067521
v -17.09629285452224 105.75688680881827 -38.73724074453678
v -19.213223348214377 106.76290145488855 -34.785292374488414
v -21.715477964416205 102.22635231175391 -35.20912999316123
v -5.757993337651973 100.54224691193956 -36.382333776704655
v -7.8902475190694235 95.76098364075136 -36.071225002702015
v -16.66739563896797 73.90694731799283 -15.986299119847429
v -16.941887181136526 72.31114569806806 -11.524195267605712
v -21.474678577814725 71.10977860452414 -16.755649710452403
v -21.265459853966693 69.98486985669545 -9.187511553481707
v -20.33088517897322 93.08069566126916 -9.495263681272604
v -23.77407381253404 88.45185029072805 -11.848915431121434
v -23.54119324911725 90.57726243215319 -3.48942683137723
v -27.662891755024027 85.85549749925698 -6.66243651734958
v -24.808546210609443 96.32645665052836 -35.66096309158805
v -17.275226275464142 93.28870245901273 -29.323517520724273
v -12.055294177284466 90.52306078472988 -32.012271717779484
v -17.082333346050483 83.59443411687252 -39.12851565278663
v -13.559530149248875 83.95148455038509 -36.50456881904145
v -18.74253232501808 79.8034414057975 -34.61908175061739
v -14.59257850654327 81.23831537978316 -32.5936402623428
v -22.18360471165462 95.78993027996378 -31.22185729895559
v -13.619339595212102 89.78974207069055 -40.94262245319124
v -10.910133125973124 89.14467664592003 -37.11360075683066
v 21.505515053729642 121.00243922970047 13.400186385184758
v 17.003687716705635 124.47254490205657 13.861754764216718
v 17.44258086278202 116.26044777245735 18.28518221656164
v 12.697573188056092 119.72306209255333 18.54111979552334
v 12.51587786185777 127.50298081168705 13.312477576961284
v 8.115884760008836 122.85764351928978 17.883181675158156
v 20.951917537644643 129.04122754288383 9.27543609826379
v 25.22031379930169 125.49706158742651 8.598843298409017
v 28.81887224916568 130.02087178235158 4.062265900103974
v 33.162448364893216 126.40764389198186 2.9688497339965707
v 32.49929178669885 134.67018338752646 0.03932489873493594
v 36.44990071585714 131.02051047345185 -0.9401905786505012
v 0.4364658490888651 135.9089427939453 8.610721581833015
v -3.9007671730502906 131.4522359335092 12.439238406638749
v 4.245287243906201 133.20881906646963 10.798860574494682
v -0.12508776448719772 128.89803928076802 15.005820040234543
v -7.6659890539663245 134.2972601074573 9.966058163982172
v -3.336020850046065 138.60220264372225 6.38991549406021
v 4.540129084238805 140.2289112313774 4.964459567117672
v 8.380169548965513 137.52005848358135 6.676942861678407
v -13.918901222311423 146.39911831931218 -2.0005796604279134
v -18.032672320366586 142.40912086164238 0.45429774119169686
v -10.448716342393517 144.01698220128407 1.2833103766494673
v -14.507230407175378 139.72805344537818 4.135590672103067
v -21.311468241722814 104.38264603829933 9.07240576910818
v -19.4152688653572 101.90905638210374 0.18136847611015572
v -16.80727561204973 102.89868129180303 11.800104288449882
v -17.86642960933549 101.90226587677962 1.9110103615364058
v -0.4215649270161652 83.9134773109655 1.1818782525998914
v 2.4182956880377597 86.80619564943257 -5.375234700219533
v -0.7546933807653922 86.06785920504748 3.4132469655029087
v 0.21386825303846724 89.33321742144086 -1.93194191397231
v -30.412841149778593 116.2082824249654 -4.905845638934321
v -27.024942602325147 117.91651215497072 -10.171496727229957
v -28.55027783170803 115.4408466225385 -2.752606645430493
v -24.023461653337304 116.59697430982348 -7.870624201238007
v -18.386348563323242 113.06247831459983 -7.637353997901198
v -26.181659384946464 115.46181138824052 -9.38620513469813
v -21.233020663095594 111.18452779915292 -10.447513123080906
v 8.973928001861395 85.3679307886185 -7.163176892559101
v 15.766280421003461 82.4670653470485 -4.723310395455783
v 19.446116820676355 78.62417629426423 1.030160207414034
v 16.146793981865418 73.09494344925687 0.2598144994039364
v 18.988280260795356 76.61167517780493 6.267605318434381
v 15.22503275727796 76.89390462389636 13.170337985603773
v 18.988280260795356 76.61167517780493 6.267605318434381
v 8.80674568144971 78.49714674707079 13.909641112676656
v 2.5413170050861336 81.6831606477559 10.585523511034939
v -0.4215649270161652 83.9134773109655 1.1818782525998914
v -0.7546933807653922 86.06785920504748 3.4132469655029087
v 0.9859643827852924 86.89675189196295 13.032062878715013
v -2.0676910455310678 86.71553661588466 3.6967620199487032
v -3.590007837954209 88.51634200632996 14.419159803056877
v 1.1812742707249873 96.41575230954831 23.720039970026114
v 5.771118299378071 92.88824519427553 21.983250591931586
v -24.43554217224294 101.05578734292286 2.4784492129656304
v -21.370165585910865 100.8461843584517 -3.141604891579674
v -29.125922692820016 105.75047114287509 5.62107279367997
v -32.97107667082959 102.35064563268253 0.8438541594663507
v -28.740146593440265 98.0846851262405 -1.4960859960709065
v -16.46650431429064 111.01696248123736 18.649867165239602
v -12.363018174197528 107.83146960150685 20.441243160770593
v -30.750624239502624 112.48093970956566 2.364937207929289
v -29.61189218880048 114.51185274166352 -4.262412430970094
v -34.6400615304015 108.6056651361668 -1.6461746212318547
v -33.589994205182165 112.04386891934527 -6.380715140812929
v -33.55998348814016 118.23087711065824 -2.9473821771920874
v -32.38082477278883 115.10791990348989 -9.200331431985381
v -29.163126698663394 117.5063926989959 1.7597786596605942
v -30.412841149778593 116.2082824249654 -4.905845638934321
v -29.679560834278195 123.52652090390777 5.168851756334532
v -25.851056173214157 121.46194441149896 8.918871037898839
v 51.95113402071175 109.01014601107642 -30.10187771523878
v 51.9871263351024 101.9918717534126 -28.62526999773905
v 51.663156167122416 116.93392215823607 -31.386703144627376
v 51.58268995168085 123.76752043360452 -32.85391155538339
v 49.3822831149899 110.33413760185016 -39.92494585872229
v 49.92162585028449 102.85562101148768 -37.85585823163792
v 46.350247838256834 113.12061186339407 -12.182442814985146
v 50.15622197080677 115.21051252797423 -21.19245042182579
v 18.407626808905302 102.3999665662632 -37.81623461295318
v 15.901106305721928 108.42825926479877 -37.38272525715392
v 28.44422959876733 110.2288567578056 -48.35792670293709
v 35.86015478163077 111.43669807774396 -49.73089604729388
v 31.154936515242127 100.95900286844571 -46.49740962518066
v 38.09656100673459 102.15105994551925 -47.52217859184584
v 25.38198208651509 119.53222377424244 -48.7754140249838
v 45.04452419196826 102.71637311644884 -44.94630539644773
v 43.51120988191535 111.27131427033602 -47.17897381364221
v 45.04452419196826 102.71637311644884 -44.94630539644773
v 43.51120988191535 111.27131427033602 -47.17897381364221
v 47.8500070844025 52.83552054641265 -26.06782000123946
v 41.839417028722565 141.12560257316923 -47.47566781673613
v 48.78326265372025 138.38428016741568 -43.80299481825132
v 39.05147659220636 134.7280329865741 -46.64247607825496
v 47.12663691518928 132.10529743399184 -42.29418596866585
v 0.1262558418220019 103.97922935930455 1.958526150611823
v 1.2776129749741407 104.93080442017026 2.0376585252790713
v 2.495332001393158 100.71771761748991 2.0914764958223797
v 3.034965164342711 101.88052085044943 1.9193817304882592
v 10.268630222092156 103.5527611519685 -14.627387079962439
v 11.558652583651513 98.82384541878292 -12.0815617525867
v 7.979987489295042 103.56084972749215 -11.188224382877596
v 9.74951693787687 99.02242451704483 -8.864744819355572
v 3.9976503599834228 114.02540073969396 -16.789422807135026
v 1.4460553474567366 119.48944178365471 -19.715804612395445
v 7.491506540904126 114.8617447021756 -21.502516671337265
v 5.649372122132055 120.74717163848341 -25.4679171740457
v 9.04937531199535 108.96020812215309 -17.843639844214444
v 12.217473579050942 102.87162509179497 -18.445270872825454
v 11.612721331968887 108.30114730963834 -22.690069494551032
v -25.464369929161084 129.41082322575087 -16.762130670860248
v -29.400447699608954 135.55545944799718 -16.610786894467097
v -23.61042244473015 130.79202726755435 -20.33319663397731
v -27.194474531931945 137.68095652588872 -20.134585640898873
v -19.043781676202897 126.05884942487381 -18.153972620708714
v -20.650462585809976 125.20486601319993 -14.35073450597923
v -12.483263932564318 119.01932702084639 -7.815651782266218
v -16.247204190185993 122.06047688373181 -11.16535797701588
v -10.823713899940124 119.25190219648549 -11.12255206233122
v -14.453698386058544 122.81138750771109 -14.615674854603796
v -7.21142043960713 115.78684304464025 -7.886077200298862
v -9.35260431031747 115.03838696250223 -4.765797664661712
v -3.635764026193989 112.38042063083014 -4.771183882269661
v -5.317652177680397 112.58663387927854 -1.6893303024863582
v 0.7279171798614303 105.90256549716838 1.1926527714236244
v 4.9468864811561195 101.17045951047835 0.243934969220033
v 1.7650225900364913 104.1165860346881 -0.9217938385232929
v -1.6969778032073357 118.23544796187525 -15.208751385217816
v 1.1168562642104751 113.27765147980392 -12.462472772191994
v -4.67957265278961 116.90399625879321 -11.397233918853303
v -1.5667764666215458 112.47141065564631 -8.752851297931883
v -5.403462337664504 122.15110596825471 -19.193976093745015
v -8.525887813484896 120.27553859297038 -15.438333845495325
v -12.196180101462694 123.90842167273318 -18.68319008043312
v -9.339604843782606 125.50175158212646 -22.990405480637527
v -18.17519584700368 134.97150165727007 -28.10638060848335
v -13.747819761967536 129.43307736081007 -26.36455279760225
v -21.129300438283806 132.46286181626792 -24.26411359397602
v -16.645066347067285 127.37607725144855 -22.195715080229647
v -21.14051886677486 142.95477994845334 -27.380559991613048
v -24.419936542187468 140.1236904690347 -23.729945612967832
v 6.179372122746264 108.6640088178815 -13.854438717293085
v -0.3696442815281751 108.84432767601534 -2.292599338919156
v -2.0551295866069936 109.35087688957546 0.18240472823839138
v 42.58185077528247 30.57206106387295 -33.621498697933816
v 44.173897727260616 30.654336629029274 -36.853745769083446
v 44.798564903850256 32.75569529108256 -39.76800589663968
v 47.27113076190881 37.0577497207037 -42.169724715768666
v 44.08175156672088 37.00544315151943 -41.49459585448477
v 45.809517802700746 42.74074415630454 -42.129872302525364
v 42.310507807341395 42.064125403534426 -41.65409601732383
v 35.70213873627382 66.00444732548836 -35.492213689597705
v 39.64347591967575 66.68718638421764 -36.080516494159895
v 36.83331473666624 58.43857852659633 -36.370777971699866
v 40.864717932937495 58.88841898390682 -36.87287849223545
v 34.95192947862573 42.048566239095805 -26.21291539076509
v 37.134815651869836 41.41545506265642 -23.1655580479766
v 32.47665100958543 55.73864560040835 -22.637692305175985
v 33.65823215828087 48.69966363873927 -23.860248495731103
v 35.02774618142596 55.702918764805105 -19.43205572005395
v 35.95206982242206 48.435465631422566 -20.74873632732943
v 44.196496686107864 48.92431402265165 -40.76939575657073
v 40.31286592242661 47.9342686141065 -40.58418756262218
v 19.442079446924353 114.80566425378598 -44.299486130071344
v 16.161984553909416 123.02046506156552 -42.60605706316185
v 13.792725274618094 115.20420789099917 -35.731883646894055
v 18.778436863924217 88.68504358821242 -17.444634900253984
v 20.863220481529094 85.72301163783044 -18.239447059213628
v 20.3477183156839 86.83448293023878 -13.889929821631014
v 22.75805617369046 84.55919441830463 -14.54391943805053
v 38.09188919100886 53.01443174368764 -38.22814090053398
v 42.11786781302032 53.857700671133685 -38.45729648115915
v 9.400275060375412 88.32295376703058 -4.0260051173085065
v 5.333763527271163 90.63042753205895 -3.3345998292732517
v -12.233159096465814 102.80981780051198 -2.084101405735429
v -7.502032435724471 104.63838194210088 -0.36124963683845324
v -5.583390963796743 98.9546036449586 -2.5892555587822517
v -3.319111965123697 101.01801354604642 0.0454684257135925
v -20.130863889677578 117.20899807957534 -6.453542813781195
v -15.754519838726718 114.61314756425037 -5.1246570030448275
v -23.57198067575739 119.74923342518571 -9.604625796277283
v -32.01859828812047 125.47379132764985 -17.247697285981474
v -36.52942519620741 130.19904137353961 -14.249083574215659
v -30.81199219704446 126.76009978018138 -14.353272147747155
v -35.167884662122525 131.63018661884993 -11.588040952841608
v 22.20380799517403 80.89429806737489 13.438890760336005
v 22.18371386151052 80.5996776677007 8.676892975503872
v 14.937596652131283 85.94076932081187 21.511662546538545
v 20.2243618747427 83.12352461257714 18.891772792677664
v 42.46872472476858 96.12428770701706 -7.779868906374312
v 43.19961222843111 101.90517410312106 -6.649951137976549
v 24.67946952486206 85.42999778531056 -7.5585746402719005
v 20.66591967239856 86.61585931910932 -6.152617102196085
v 22.469787821837034 85.58058203025911 -10.494080883197565
v 19.728388598119427 87.22781654443811 -9.97410912956801
v 27.984037548538826 84.7919375914644 -8.702193016614245
v 25.303524197537186 83.792852154278 -11.438698865455123
v 31.336325198886943 84.00669623380887 -10.435326652665454
v 28.146403929256085 82.28906911723283 -12.587776650955115
v 35.34397441494896 92.10469330137207 -0.5711792311848027
v 31.89441536949953 89.66326583223562 2.6900929984239528
v 33.15948597704397 89.00996441446681 -3.304339846662097
v 29.758871967690137 87.36772945571735 -0.4972951972650792
v 28.443894618581947 86.7009223650708 6.140258360061287
v 29.28956145648378 89.72082496356398 10.62042179640458
v 33.1783241003852 93.32391423240823 6.153510042181191
v 36.60061359291467 96.2690658423184 2.224159319228005
v 39.81662200934343 98.94251066267108 -2.007642943180029
v 38.66399328423192 94.17521200297688 -3.905532889030135
v 32.28240752857536 99.55102835140383 9.703546871921938
v 28.497193351254793 94.8525780523158 14.986693811051177
v 35.97914015687582 103.4275503909604 5.004868230936937
v 39.547600392929695 106.81971717677384 0.23297318437655612
v 36.288738681809136 38.33050080537372 -32.507254212096704
v 38.8207188566799 34.562209708632395 -33.864879597452564
v 30.15261325300959 62.90775605451529 -26.005068768640047
v 36.82977164403104 46.48430702430835 -38.27642996401724
v 34.665861670613666 44.79326761957187 -34.615481903333134
v 35.022179401892075 51.81118484497233 -35.84395330370091
v 34.17322256285452 43.27378575868917 -30.408065779298365
v 14.44789570616523 97.03596989454826 -18.53113387823209
v 13.394475496424118 102.12997863882505 -23.106386362491577
v 13.19449425150654 108.55382540801641 -29.149921231405834
v 21.085573485098067 95.66229540638447 -37.08455217561429
v 41.60191982172201 32.98667450604678 -36.92744519720016
v 40.92873708197298 32.38591888626685 -34.849254721401
v 42.26777168678993 33.962803536385834 -38.89524535638607
v 13.131239410719713 98.3072811326945 -15.29599001820174
v 42.775207825294395 109.95288458033245 -5.124460532575775
v 52.06575343194781 130.43571064031653 -34.52071489645055
v 53.65770740502139 136.79279950323405 -36.71970634953143
v 49.978525412742265 122.87389793642123 -22.03835886589874
v 51.08100395372425 130.57628911741136 -24.612764658807002
v 53.79652048740595 137.6217805602991 -27.673368682969055
v 44.85015448093044 122.10188057585893 -10.990091181479675
v 47.44040439917911 131.3450586842552 -14.857834558061672
v 50.682677045025244 139.60200857383492 -18.006455248759014
v 40.584256075622726 127.21634595786553 -4.570943499017865
v 42.93055950133401 133.8825353632485 -7.970786485681234
v 43.81161103280651 143.13157013827845 -9.787882484829083
v -32.73200108786342 127.35474092982449 2.6810944185490824
v -36.675355517327326 122.67456240385906 -2.616311152701788
v -7.660750749285267 159.06363924579745 -15.811631588845833
v -11.73971110755232 157.9827006587422 -20.583464032893453
v -11.69845420660566 155.2981302326266 -12.375805314013792
v -16.072815691245456 154.13217712339173 -16.956672289380442
v -23.439390449160022 147.3726498645983 -11.50613445279259
v -19.27644126503206 148.16935055931245 -6.887727458078237
v -19.81936461090148 150.67851396750575 -13.872477922400583
v -15.612895863733982 151.61138146739134 -9.383520107809817
v -27.305493886241074 143.57068514701197 -9.080452537713455
v -23.085862781113605 144.30089806237334 -4.209178275374159
v -35.13421749372244 132.045920123026 -0.7748478498765565
v -37.04183407674653 133.17805762294367 -6.227995963623262
v -38.47085224588265 128.39540870103366 -4.627813638017674
v -38.92361749884332 130.93017730273837 -9.02773328197483
v -31.546549821140296 139.19964843253442 -6.6997295036352735
v -28.07420436541021 139.51762398744734 -1.4922909544701222
v -16.061975923007758 154.52709879924464 -26.01022892505501
v -20.0961917853209 150.9667379190709 -22.37033126792795
v -26.585398122159873 144.05438427317463 -16.244839073728947
v -23.554472998530493 147.4321307096124 -19.119969679659206
v -29.253994724747393 140.80718365105128 -13.450077245538672
v -26.585398122159873 144.05438427317463 -16.244839073728947
v -29.253994724747393 140.80718365105128 -13.450077245538672
v -7.2535546590290885 161.8135166175513 -24.905927274899355
v -2.7372478140353422 162.83704219220823 -20.084672277252913
v -11.376848681455385 158.13187839702005 -30.345060209497248
v 11.114677300981409 114.78051946414416 -27.741938675514817
v 10.43136119543498 121.36280453694297 -32.93362448173823
v -14.290724670875113 137.63313440172095 -32.1391699985883
v -17.171935456087777 146.20918894595027 -31.187705482313643
v -10.03538521115286 141.0724533213819 -36.28872195988017
v -12.760805792071281 149.54560114641916 -35.38751414620194
v -16.061975923007758 154.52709879924464 -26.01022892505501
v -11.376848681455385 158.13187839702005 -30.345060209497248
v -3.1962106639821997 164.82530399632668 -29.625242743512796
v 3.5833086317031473 168.06780008313046 -27.259545085858477
v -7.363564167044618 160.80558533675054 -34.26376292512989
v 7.8883393984582835 127.33439983929165 -36.23133145904723
v 2.790652311795558 125.99842149055031 -29.47267202432616
v -1.6763701270715075 130.24586463636015 -32.70417734768704
v 3.438116185708699 133.36263826458173 -38.76242402534154
v 12.862501276258296 130.37623282933373 -42.777334767312425
v 19.085781181037312 134.8094899024521 -47.466716003103556
v -5.474251959781256 144.64687350997792 -40.61382846553817
v -8.382749362090923 152.67163404827164 -39.332655712895864
v -7.363564167044618 160.80558533675054 -34.26376292512989
v 23.940358229967018 153.16097532042775 -49.99143945479595
v 29.263040080966793 148.16842466861243 -49.75903414485185
v 18.320907924640785 146.64050001805424 -48.41721259591167
v 25.104382374780926 140.55694265027626 -48.48142870546233
v 19.191449809354417 157.19379651491792 -49.77951822486298
v 13.883784531262108 151.8010413115071 -48.65163075856509
v 15.118452744773538 161.58178915465973 -48.72965939697698
v 9.537687792472799 157.00757336324105 -47.78493378979453
v 5.980783945865582 161.78508186393498 -45.748592930671116
v 11.32176820629984 165.28129618476834 -46.21275796885208
v 0.368678642028879 166.205502342756 -36.67174099310805
v 5.359165545357449 169.4732628461923 -36.11341696344648
v 3.11310129254219 165.21606627311257 -42.158039485620094
v 7.979045957078526 168.03096923040349 -42.170774391112204
v 34.11448194424626 141.99862955181575 -49.082998701947055
v 39.05147659220636 134.7280329865741 -46.64247607825496
v 41.839417028722565 141.12560257316923 -47.47566781673613
v 13.313970872068548 141.66402662928908 -47.774932725593324
v 7.896051579202831 136.80710385556407 -44.00436871660058
v -2.8222705275628392 162.8280429460714 -39.118043237386566
v 1.7471735464199867 159.197585117291 -45.37782795166726
v 4.838175646360295 153.17250533901603 -47.54157048779335
v 8.727548797088282 147.17758203259726 -48.05643655551779
v -0.36655272222608914 148.8736741679414 -44.952017054503045
v 3.3971136609265535 142.4750672186717 -44.85522336547173
v -3.0016355280110254 155.91427457576444 -43.33908755759812
v -11.193207355310372 137.1866610965522 7.39530413866742
v -6.940911080943508 141.37973035714106 4.025952090713895
v 3.868184054459533 126.01839144750099 16.943873882760116
v 8.250662518123013 130.45059645631227 12.324484391857034
v 21.995676034768124 112.56182871695356 17.175329856073773
v 25.963910288551684 117.32922986177407 12.362732812421854
v -5.016911948368772 123.86449005177214 18.825920299099295
v -1.0051987839753114 120.98761874155842 20.97469182520044
v -15.808214109070255 132.7738846458161 10.424163442075995
v -18.93677419300984 135.45069323959206 6.934864844649442
v 16.117838445241397 139.0055661614451 3.9545577682022817
v 19.494248398795918 143.06262344054008 0.4268172696650758
v 12.32504215078105 141.7486509476626 2.803711914364577
v 16.228521256049667 145.83455766000364 -0.832323309213379
v 0.9408554806508 149.6990248311031 -2.142284033654118
v 4.5879558763415815 153.54146449679553 -5.122547488575787
v -2.6280695113231296 152.25040375238456 -4.394741283570919
v 1.479240045126975 156.17607676756182 -7.41219579559171
v -25.710780244586697 109.59779633624966 11.427123054134146
v -20.230587603137966 115.27145703257621 17.637864839443562
v -28.099742541979218 114.9757577684556 6.439094060174296
v -23.201375882602107 119.32380446814207 14.150330753387703
v 12.772416582563077 110.76118301601724 22.50700118861034
v 17.50471710987008 107.18796877327449 21.676059413821744
v 28.19057831997131 138.37055716669437 0.9223456907051428
v 24.60166895147688 133.57452037480166 4.955473015101404
v 36.6291873740544 139.22858165737696 -4.015098039097563
v 31.703077750935883 143.64808599419146 -3.205670995683338
v 20.6295779183262 149.7400593797518 -4.234494079256592
v 27.470447222948827 153.42069768054105 -7.881042386278356
v 16.645858522074608 153.36313404354638 -6.13046365367261
v 21.814711089734033 159.29681312116097 -10.493546700846622
v 23.56728668516334 141.1154999519129 0.9368939559431695
v 20.27743615904516 136.55893129310994 4.881320095507242
v 26.20569029139341 146.17462162236686 -2.985551204845617
v 12.44256239821682 148.73584728625428 -2.4260349962384815
v 8.51199268457255 144.4577453901255 1.2696957915679619
v 8.330986585816056 151.40396506831138 -3.8493106874636034
v 4.658950198410842 147.11723415975825 -0.409636462903503
v 7.5506129073338 156.5451059041614 -7.544175406162516
v 6.4398676446267125 159.6725418639731 -10.29529385584705
v -2.1544798130278906 158.30065804929228 -10.483542706763142
v 2.836830404304145 162.2440061342987 -14.376323998616815
v -6.444361035569425 154.2409089834828 -7.4365077211852775
v -3.9469818451178327 99.89211194444368 24.975105451028526
v -9.13322366459111 104.2233765353109 23.28982070543288
v -9.87919632084943 93.03017432056811 17.884726669219486
v -15.502302458859365 98.6638472700228 14.437187955535398
v 8.03687635899462 114.50368915453943 23.223511342058117
v 3.2601966654611303 117.71699096662027 22.125930604013785
v 25.54566496976377 99.70905543067414 18.13052402313653
v 29.561631698796546 104.86417326267464 12.65308601375008
v 33.51685916093248 109.32105159378878 7.372174544381036
v 37.26251066525904 113.1008423381914 2.3779653497790996
v 40.63250187156197 116.95852243136157 -3.165833906426318
v 37.27029071885332 122.1520513896078 0.3663548873522551
v 33.832032256200264 117.72421787692068 5.434107217306664
v 30.077395434305807 113.35311410063198 10.322195019771083
v -8.721646368614506 126.84708499337809 16.13126273057816
v -12.39307867121225 129.79324686694855 13.274427843258461
v -38.73230839138671 127.67296780268737 -18.10006868320307
v -34.682349512362045 123.41615032312771 -20.774918932430968
v -38.92361749884332 130.93017730273837 -9.02773328197483
v -41.60081641343067 128.16465818573974 -12.87290160345708
v -41.92210910690437 125.16392072039332 -8.319450551126346
v -41.60081641343067 128.16465818573974 -12.87290160345708
v -40.040731363412675 119.74677356744527 -7.049370107750685
v -36.5303761909272 115.7069238060141 -9.42536918567615
v -34.10754241738898 114.04141829028723 -13.841903775901326
v -29.59872210228037 119.81663523447614 -16.207570694386064
v -26.91157598687251 122.67188837310125 -13.254012730424467
v -19.573746305020755 104.55117305660238 -8.600302245596644
v -21.370165585910865 100.8461843584517 -3.141604891579674
v -23.387592409522384 102.10709795638158 -11.928061330485049
v -25.26498131719446 98.29911976254436 -6.693729964474174
v -29.61189218880048 114.51185274166352 -4.262412430970094
v -30.135291471675043 112.82783133010814 -11.663152285123914
v -25.302808949105852 108.41666733064972 -14.042242550379948
v -16.831003361271613 107.00437020956363 -6.679738435816386
v -25.26498131719446 98.29911976254436 -6.693729964474174
v -28.55027783170803 115.4408466225385 -2.752606645430493
v -37.16269239261324 121.40818373034432 -23.498444462193085
v -41.596123559379286 125.37547778863217 -21.214721444875337
v -45.205803382369005 124.91893797760652 -16.734329149088012
v -45.975217328024904 121.38867599171701 -12.809685942928665
v -43.5868885014372 116.28871680237921 -11.557992672326453
v -39.79469039487299 112.86712506844886 -13.709262468460247
v -36.47784176168544 112.64638329570816 -17.663194125150103
v -35.32920379526394 115.63007284508225 -21.4479905334251
v -32.71121260246793 117.38380958525843 -18.899731536127526
v 4.987017413634009 74.73793305874264 -16.133804003997067
v -1.7580517864048115 77.24897956660824 -13.744872469729923
v -5.510097982840674 75.14205336489701 -8.457053969204583
v -5.285751548344363 70.93647239950064 -3.510247079116139
v -1.4493302585816092 66.29217220174391 -1.072559245359777
v 4.552309890749873 64.01599374487463 -2.974732672632964
v 9.09170238914331 65.20620188169794 -8.22618339709318
v 9.750735838890927 69.43600643025829 -13.73432303069385
v -13.721864225258848 89.84517982674532 -12.421725135323706
v -10.731008311494183 93.99794620296092 -8.80574645984009
v -17.05014764566595 96.97069873326957 -5.880949017341277
v -20.38128280721442 94.56511841838696 -0.01119165886147755
v -23.54119324911725 90.57726243215319 -3.48942683137723
v -23.766067091474973 86.35595277978956 1.3828061821528213
v -20.38128280721442 94.56511841838696 -0.01119165886147755
v -20.571092550966476 90.65861223647879 5.321763855727348
v -16.63415186446302 84.96601685086347 7.699735933908517
v -20.13364443808191 80.99451508545515 3.7349337421484385
v -10.289398465504267 81.90874835572278 4.4185528750210725
v -14.221026702656513 78.16825407950957 0.6950760432793768
v -6.907494684357571 83.30262615460369 -1.9111252709135993
v -10.57319157783103 79.25428734883991 -4.714900176679608
v -9.849225001493318 83.85059105494176 -10.130175742492327
v -6.906003162765683 87.79352917125662 -6.84480749556199
v -33.589994205182165 112.04386891934527 -6.380715140812929
v 40.467781384082855 71.93321604527554 -15.48423604469879
v 35.747009016885535 70.13549835042943 -16.306747926993737
v 45.46171489703198 73.86396442897434 -17.766635567606002
v 40.467781384082855 71.93321604527554 -15.48423604469879
v 47.96982497735921 75.61216854930538 -22.799643832126815
v 48.20335382699511 76.66603458080952 -28.669521900120536
v 46.559448729891834 76.70533172694965 -32.73468081710054
v 46.559448729891834 76.70533172694965 -32.73468081710054
v 43.26012558903605 76.54667257669655 -35.41186114871771
v 29.18837707832725 71.39390044136601 -29.001979534252676
v 31.147304667593694 73.25683677031003 -32.82587075067355
v 38.47608861469588 75.6098490495729 -36.65882208489367
v 29.216162683377057 69.7983658528182 -25.427515991095436
v 34.0985383261405 74.33319212642078 -35.24479729290222
v -17.5600201806892 98.23984869549058 1.8676862348868015
v -16.830767300401526 100.33260793727844 3.2369521574567615
v -14.304071401306846 100.73386471310323 -3.8078477782364684
v -3.984803800416756 90.34919687057217 -3.47792203009747
v -4.149296576415 85.50351159317458 1.2610960135678324
v -6.907494684357571 83.30262615460369 -1.9111252709135993
v -7.295900472834994 97.235198311422 -4.809450406107426
v -1.8035811751920203 92.45202774017342 -1.7065221813116405
v -6.879116249432829 85.14918920588353 8.929090126843446
v -4.149296576415 85.50351159317458 1.2610960135678324
v -17.5600201806892 98.23984869549058 1.8676862348868015
v -18.03678888018984 95.08050588392798 9.696179393090627
v -16.830767300401526 100.33260793727844 3.2369521574567615
v -13.113242799134305 88.70264164980468 12.101721678882045
v -25.35814337124487 86.67299604128522 -13.425987820727002
v -19.4019021641203 84.94673390011079 -13.601261927191354
v -15.349050351259365 79.42200144280383 -14.867817530517115
v -19.997323397410625 83.10253796090613 -13.359533115573152
v -26.10392908348297 85.39679851776131 -12.418003599429024
v -15.763123003740514 77.46373224956858 -13.07022910299138
v -16.578754554802362 91.68862596934287 -28.082982012786047
v -17.692969066393136 91.01575528423469 -31.07160037748374
v -22.74773502823768 93.10005252526388 -28.270929133012864
v -23.115164811496108 93.44204891170055 -31.960422061027124
v -12.90973927753755 86.25514128225805 -29.992471164153542
v -13.347825463937381 87.13910415195494 -33.35419058241965
v -27.866213694506577 73.0978926527949 -16.655585632261158
v -31.47950185097394 77.96538038828024 -15.718096957722263
v -26.407838693588236 76.10998311090056 -23.41814281814166
v -30.026827989104873 80.67892549233287 -22.2053462760884
v -31.496985948622978 77.70872571098388 -8.21150161316602
v -27.4604177356182 72.49550824773978 -7.707444487932889
v -30.493582626685626 83.79509789108351 -14.301412486546013
v -29.019897078880998 86.49485563044615 -19.723337748257226
v -30.92012049999747 82.68125957492168 -10.271467163051904
v -30.493582626685626 83.79509789108351 -14.301412486546013
v -30.92012049999747 82.68125957492168 -10.271467163051904
v -26.86904191305392 92.03489336493666 -34.56447960111711
v -27.308766026878907 90.33828183034124 -30.308353787628086
v -13.559530149248875 83.95148455038509 -36.50456881904145
v -14.59257850654327 81.23831537978316 -32.5936402623428
v -17.39778402869156 85.2975108651363 -14.128967005192145
v -27.662891755024027 85.85549749925698 -6.66243651734958
v -27.85136627780191 81.67342190778999 -2.4863426230230115
v -23.813859361511753 76.57469928955285 -0.6731198009539536
v -18.01235960078208 73.69691692851896 -3.405651968317928
v -14.128518749026862 75.05425703133884 -8.026670348914571
v -13.412048852471322 79.56322862530855 -12.234365963422974
v -5.510097982840674 75.14205336489701 -8.457053969204583
v -5.9422575943696145 63.14078690755369 -30.148110930526315
v -9.109093589307673 67.79021242576343 -28.880497636191873
v -7.65868828467017 72.99809572527751 -26.694307900248585
v 3.2511011323906036 73.93693908831952 -24.62290033005688
v -2.5824369826669447 75.72443085963518 -24.83438866982342
v 6.786346451218478 68.23244277297943 -26.15641466363447
v -0.46980569837463904 60.8886816905881 -29.732008382132488
v 4.611444437097571 62.482829481728984 -28.488944042631207
v -10.327869482739425 65.56848015922517 -23.869214709389176
v -7.198267993575561 60.81648226174308 -24.816948963638257
v -8.979857695689226 71.03346139967458 -21.890619230806138
v -35.13611188174271 108.7065692208316 -13.314964263779492
v -29.552081249129436 104.85922089806024 -15.976238084501308
v -38.578745508006556 107.50226396984846 -9.28439815867403
v -39.25265653069443 103.98696869631286 -5.629919612783714
v -38.578745508006556 107.50226396984846 -9.28439815867403
v -36.9517045828195 98.90305643695002 -3.5204201378421907
v -32.76926455485031 95.157510536279 -5.447994757092182
v -29.224549387734356 95.16356855021304 -9.8698344788551
v -27.13348032444665 98.7074038886102 -14.301926948635408
v -28.889185912540754 83.22969949571409 -27.094253561921462
v -25.430539727553708 78.59121552811874 -28.47574405637376
v -27.898424901961256 88.66668750776756 -24.742821543382377
v -45.86916313590764 104.74067066534752 -17.193657184756187
v -45.38204466366892 122.1735036906726 -22.942982618610174
v -40.53911601734059 118.72931152451551 -24.904796144059716
v -49.16027324175535 121.22158058856664 -19.62278150334851
v -50.166313528778424 117.56237683987212 -16.99354198741592
v -49.16027324175535 121.22158058856664 -19.62278150334851
v -47.3596339109572 113.09494773122223 -15.938572871581211
v -43.41997630431254 109.8248603289706 -17.67285171747785
v -39.93099599166419 110.31174439517449 -20.89412554550041
v -38.56856838517703 112.95952550876237 -23.40721865873011
v -10.349204161604053 150.305667460087 -4.640835636767557
v 8.90272941869824 167.24536499575873 -19.213414487170674
v 13.753771531807285 163.2254764082479 -12.894945677427618
v -22.898061350957178 137.95252745272452 2.9738751811936197
v 57.30969065218079 162.38754236905112 -62.72162703668927
v 62.797217120200685 160.72364277768068 -58.07013982138844
v 53.327748517084764 157.32745296416277 -58.34214309445379
v 59.06703150728895 155.4271942648505 -53.705407466394526
v 67.8456810942135 160.83778189751155 -50.316748088069176
v 63.57925527414988 155.24122036201254 -46.664404721897384
v 69.29430117137667 163.5423379172173 -42.29147830005722
v 64.93377834702586 157.63554647910834 -38.60606260480667
v 66.9269593920696 168.36147485523333 -35.350886296592705
v 62.85081884893243 162.05950838591647 -31.280331843909448
v 44.20776948943261 175.9846642151059 -25.838726249573508
v 48.95831150158875 182.8778407621604 -30.59512782540821
v 37.86591365182674 180.00807219499904 -26.517927927913295
v 42.94103340657335 186.5790728710399 -31.71049261202717
v 50.74011764296647 171.6629447261031 -25.7808408014515
v 55.12057762119996 178.60805979605982 -30.455535159010115
v 61.36525155113716 173.97642678374456 -31.31960013150253
v 57.3991104782804 167.16107991669665 -26.945135738441543
v 51.255183934647356 165.32016192707306 -65.46131225328226
v 57.30969065218079 162.38754236905112 -62.72162703668927
v 47.41243842227312 160.29558313402833 -61.02076030890513
v 53.327748517084764 157.32745296416277 -58.34214309445379
v 36.51342171089089 167.1985249286767 -62.82168709976967
v 40.55035033838494 171.86778083093617 -67.1913202923556
v 41.85206144616851 163.63148340948499 -62.35226234362404
v 45.904593222908794 168.4261914443835 -66.70020870348303
v 26.42254121711461 175.55573163087314 -60.262526329434266
v 29.887770255541483 180.51925677242824 -64.50765879638203
v 31.412669076028685 171.0769920563417 -62.2817448839376
v 35.46643676718281 175.55653822685315 -66.77851827238774
v 55.11316748088582 149.60334238637932 -49.85935391983653
v 49.219860447741894 152.11122730759365 -54.228653004898156
v 59.61259861057201 149.15277675455994 -42.87316685401218
v 60.91828289305644 151.12048550571 -34.65071952374936
v 59.09145660126967 154.94668174949032 -26.81393797567909
v 32.5345950951924 173.71042928171852 -21.00086036434313
v 39.03788185848528 168.91264606019834 -20.158580751898892
v 45.944156908246434 164.5863686960289 -20.07644278763555
v 53.14524732626598 160.1681820458691 -21.561793634698418
v 43.406019040430245 155.55583122169776 -56.666620978794555
v 49.219860447741894 152.11122730759365 -54.228653004898156
v 37.888139158235504 159.13490770463744 -57.83950236115879
v 32.73369629621042 162.75312570360978 -58.233376161979464
v 27.627736584687675 166.62439575692628 -57.73351760037254
v 22.84705592852728 170.7833472244223 -55.97121187663547
v 22.80657431792444 179.8313058878503 -56.31688893682096
v 19.347272012259147 174.75393770540987 -52.37696011257075
v 26.702992015028677 178.67160081550844 -22.329418560736507
v 31.749715812629464 184.1146348024263 -28.28184075805811
v 20.518658532603137 181.75546011752914 -27.508309093137903
v 26.489879680644815 186.68789628819115 -32.382660992920044
v 45.27885160199162 147.06946843326685 -50.539068605912696
v 51.47532902478591 144.01614839036364 -46.57814860464965
v 56.2280733686752 142.938533608959 -39.651870886124684
v 57.09686660860616 144.39119243578264 -30.98025012629669
v 54.91256745479879 147.51600744897337 -22.3993964510053
v 33.63310700506928 161.7857996250554 -14.243589987796113
v 27.109545234135325 166.55972574539334 -15.681272909722729
v 40.7877169121113 157.46497288903862 -13.954138736171721
v 35.49280394715426 150.3401584894789 -8.199273478101173
v 48.58858035202079 152.63210050858956 -15.659168112419898
v 45.27885160199162 147.06946843326685 -50.539068605912696
v 38.72794590031245 149.7432715496363 -52.084140733309596
v 28.74129583072041 158.37424899859383 -53.72620912028756
v 33.8136514338898 154.23985566051635 -53.237843796581
v 19.29428919693079 166.20168727102308 -52.0475672650752
v 23.88746342240263 162.16301977226377 -53.43830359910564
v 15.669007844077722 169.97944765450353 -48.84308115851717
v 11.772580433088017 174.14069654080492 -38.04238320309233
v 13.151969587476255 172.65933643026932 -44.00842471876688
v 15.283226267123755 174.07426571124054 -23.852712538429113
v 20.640526914465838 171.0204849414707 -18.427764834145226
v 25.970255625445134 84.95024987183913 -34.008505558625345
v 28.361220254543028 79.40841574742437 -32.41403895366944
v 24.328811885039354 82.76674435967806 -27.657626092794935
v 26.917211807097868 77.95449367442473 -27.568531145720456
v 39.599158730477335 79.37689030850262 -13.731089402545843
v 34.79752270145077 76.22430489470135 -15.056756221011085
v 27.33532856160906 76.02729324099847 -24.031170695760558
v 39.599158730477335 79.37689030850262 -13.731089402545843
v 46.195451983831326 80.45061456375639 -16.15824110333582
v 42.480775799096435 86.47745132789548 -12.794322519654644
v 48.14417318592868 87.54717046390144 -16.914679668496646
v 49.74696217176705 82.20347695222887 -22.269891875847648
v 50.93740391190614 89.10978044128622 -23.915470110932503
v 49.904304768278 83.4490373917432 -29.41488025993969
v 49.92573257991928 89.7847833062047 -32.39452278536686
v 46.875220390569744 83.47035865671855 -34.25441048530477
v 46.124518814637895 89.30451300814235 -37.97788809723338
v 46.875220390569744 83.47035865671855 -34.25441048530477
v 42.26867957562048 83.12539057481654 -37.107342949858776
v 46.124518814637895 89.30451300814235 -37.97788809723338
v 40.738911976103836 88.8091666572707 -40.770561761127716
v 45.0639875336785 92.5395818991035 -12.71942746812193
v 49.70745425508187 94.26766557606369 -18.246676293731472
v 51.68981142942626 95.59643494324686 -26.782616216915002
v 49.947165515793834 96.30973687411584 -35.77783677293678
v 45.69406176271774 95.8821516014683 -42.18852837384698
v 45.69406176271774 95.8821516014683 -42.18852837384698
v 39.42063834244085 94.84726846361495 -44.69244486143211
v 23.53092729002163 89.58295091834724 -35.47445159220101
v 24.600541344043673 80.58006522479047 -23.238815536558675
v 25.55500060466101 78.79661071694966 -19.46197094503553
v 27.563568580840517 74.12190472627898 -20.39454019084682
v 27.79086806034692 78.66960208415097 -16.189359191224106
v 30.1316000626455 74.45071763100472 -17.42315860924855
v 37.96895268699639 86.76390063826422 -10.349700965340151
v 40.39840319661238 91.42027815413334 -8.998965952664099
v 34.911718764599655 83.02203665097815 -11.85557711169653
v 31.205592700183434 80.21719151009817 -13.852447609016831
v -32.055876817634605 136.93710061319743 -10.311605482854056
v -30.94085638782576 133.86380853790584 -13.772197701951235
v -27.089264236379766 128.50248704313745 -13.999760293209121
v -32.5737547889273 132.50431158604835 -11.01848825323871
v -28.501949140173384 128.0009223576818 -12.359915679499112
v -22.13707924189038 124.45635172704144 -11.881103651632454
v -23.585916836996404 124.04293491438727 -10.842037962113832
v -17.806939039310247 121.36767791623232 -9.029330538259492
v -14.213316382230772 118.38687494641377 -5.853381942379827
v -19.416397042631665 121.07004122701099 -8.05481595055415
v -15.800524415247196 118.24394611430604 -4.909729291099239
v -10.858717709512543 115.00301904861067 -3.288126105777094
v -11.642962995831535 116.11712337815936 -2.1003580189896747
v -7.035602685742138 112.5504344496707 -0.26594625736188693
v -8.717628284675246 112.53355653772397 0.011465870670523959
v -3.933338597033503 109.46977914669199 1.0754417573985737
v -1.2676031625121245 106.50101595938979 1.8175053658696843
v -5.743098605061268 109.36735541718956 1.1088212863546103
v -3.0367619450771866 106.2060801545549 1.990539310379253
v -32.055876817634605 136.93710061319743 -10.311605482854056
v -5.877577404637373 134.67901813237694 -35.11967341044858
v -10.058726554659508 131.7916363925092 -30.667021679666608
v -5.93142387499862 127.5549925891887 -27.584918540601485
v -1.9521099442695125 124.05721895260034 -23.60853942480381
v 3.3427262616084596 107.93941284743828 -10.281393317274736
v 5.361705358670262 102.90734800547114 -8.08517836953236
v 7.890315761492761 99.2112155718895 -5.486785390894224
v 3.72686471923931 103.75115107775598 -3.875569923050975
v 6.599998811425046 100.41083320382127 -2.1028973383062164
v 1.4034478627497702 108.35643998643408 -5.840945656123667
v 25.58295908527351 85.33339084588853 13.468925328781664
v 24.722909621239566 83.2469137227332 8.32556150386617
v 22.20380799517403 80.89429806737489 13.438890760336005
v -45.28042473857487 107.61861128817262 -22.224634957605858
v -44.746027041152296 110.25774276137655 -27.830306236375122
v -43.43822726107892 116.32212665358546 -36.71344690003129
v -33.59578498786908 100.8258168563415 -32.28132277315416
v -41.385058021913956 121.76322967732207 -35.529546626353934
v -38.824891452933414 127.23458257139737 -35.07680351340658
v -33.59518037801506 97.83021129327763 -26.84034518590517
v -34.046699770566164 94.54702085796575 -21.729836960347594
v -25.833514618748076 122.3737869461178 -37.050856341860054
v -28.380878797136216 116.78197016611533 -38.15563680441231
v -34.433986615087726 92.00278669904642 -16.996354598582837
v -33.02274869394196 92.17725609666593 -13.240102163249528
v -30.990130815694478 110.57822913030871 -39.71888544360331
v -51.99355345542671 124.84155824644898 -32.256656058716096
v -49.787942092485245 136.223382200345 -38.11637303402274
v -47.66344930407585 140.84016782776627 -37.395855130323554
v -52.10378618322722 126.32774009213915 -36.15416536977517
v -42.61465351306283 118.69073981587792 -40.59805251171587
v -42.457999248247845 116.6583902860024 -37.12703094057234
v -42.38094670519633 114.29234349045457 -33.71626692254484
v -36.63507505700701 138.01113560894447 -39.83279109132826
v -37.886446998483365 132.99063090624858 -40.87813074223252
v -42.40400392765446 111.713747426769 -29.60787153099789
v -42.70609784449897 109.1232754824774 -25.227825749743094
v -52.51249648038656 127.76160640917044 -39.48484672905554
v -51.52170260925834 131.59582023195492 -39.21901218766379
v 11.779139050697136 77.48169232093183 -37.15663407547972
v 9.232307217907913 72.43412680347585 -38.028217874984364
v -0.9995291139983147 84.4832601877686 -35.44547750285407
v 1.4757745873190977 88.6970784753921 -35.45990137930571
v 5.192481840644479 64.78256114531126 -33.703834660331104
v 4.611444437097571 62.482829481728984 -28.488944042631207
v -8.979857695689226 71.03346139967458 -21.890619230806138
v 13.684945523263345 81.89410921776299 -36.92371078239087
v 12.85875163684166 69.38612171110196 -4.1643398502391795
v 2.853792762587478 58.23173928064912 -18.15923895712227
v 3.0907040517700963 58.02539936342455 -14.310704333621745
v -6.708129557892211 74.52457878863741 -31.752628334222678
v -5.960526088744704 75.99579738914628 -36.28153896943737
v 6.520140567768022 67.86408252939904 -37.96880737969299
v -3.7727111717255344 79.83613690603165 -36.140141240592705
v -27.898424901961256 88.66668750776756 -24.742821543382377
v -29.019897078880998 86.49485563044615 -19.723337748257226
v -21.715477964416205 102.22635231175391 -35.20912999316123
v -19.213223348214377 106.76290145488855 -34.785292374488414
v -14.924862116108622 79.1063904847984 -26.845429491100465
v -5.757993337651973 100.54224691193956 -36.382333776704655
v -7.8902475190694235 95.76098364075136 -36.071225002702015
v -15.697275248722582 76.60191448086638 -21.617927424528943
v -16.66739563896797 73.90694731799283 -15.986299119847429
v -10.57319157783103 79.25428734883991 -4.714900176679608
v -14.128518749026862 75.05425703133884 -8.026670348914571
v -27.308766026878907 90.33828183034124 -30.308353787628086
v -26.86904191305392 92.03489336493666 -34.56447960111711
v -10.910133125973124 89.14467664592003 -37.11360075683066
v -24.808546210609443 96.32645665052836 -35.66096309158805
v 0.7480322355929943 142.86000034190724 2.9354531409726086
v 16.55528978243571 132.04316970861652 8.988335953824038
v 29.697686999845946 121.89584004580814 7.6240482742439575
v -6.555143200482654 148.14363957664543 -1.5619194910033372
v -17.86642960933549 101.90226587677962 1.9110103615364058
v -14.729913414947909 105.09016594400532 -3.956472891059786
v -19.4152688653572 101.90905638210374 0.18136847611015572
v 25.19805649892256 81.70719262988617 -15.262167216726876
v -20.0961917853209 150.9667379190709 -22.37033126792795
v -23.554472998530493 147.4321307096124 -19.119969679659206
v 35.19357880064812 87.77121928343692 -40.687077105505125
v 33.19351979026173 93.62192349114503 -43.89706569868781
v -37.04183407674653 133.17805762294367 -6.227995963623262
v 19.70903359691748 81.47448099938208 0.5449954653618179
v 21.60823827552326 81.96976994117655 4.82259859534992
v 26.62580604308835 85.30289284601417 1.9087799515775206
v 29.758871967690137 87.36772945571735 -0.4972951972650792
v 28.443894618581947 86.7009223650708 6.140258360061287
v 30.740823559985888 86.26708682200932 -6.1383872806355315
v 30.740823559985888 86.26708682200932 -6.1383872806355315
v 27.250377141633074 85.5881145187438 -4.307479288513215
v 29.702421718296325 86.19148214041346 -38.15676656147012
v 27.56687457763543 91.73597603582547 -40.76384662476204
v 5.980783945865582 161.78508186393498 -45.748592930671116
v 11.32176820629984 165.28129618476834 -46.21275796885208
v 19.347272012259147 174.75393770540987 -52.37696011257075
v 15.669007844077722 169.97944765450353 -48.84308115851717
v 17.62828289621623 177.8365857315062 -47.16649213183226
v 0.268957944205642 162.90628345217635 -42.3304941634161
v 0.268957944205642 162.90628345217635 -42.3304941634161
v -2.9425832765113853 145.59055946312074 0.8903959452587564
v 12.323168363501125 134.73968977416422 7.954342381616218
v -32.38082477278883 115.10791990348989 -9.200331431985381
v -34.10754241738898 114.04141829028723 -13.841903775901326
v -45.205803382369005 124.91893797760652 -16.734329149088012
v -36.47784176168544 112.64638329570816 -17.663194125150103
v 9.09170238914331 65.20620188169794 -8.22618339709318
v -2.0676910455310678 86.71553661588466 3.6967620199487032
v -16.941887181136526 72.31114569806806 -11.524195267605712
v 5.580133462940019 61.00862754157531 -11.11245413275437
v 4.152210238251243 60.6130300672502 -23.340817367866087
v -7.65868828467017 72.99809572527751 -26.694307900248585
v 21.461225568778314 183.1916515009965 -50.94794141821379
v 24.51805956737093 188.28058472170585 -54.58589331616418
v 22.80657431792444 179.8313058878503 -56.31688893682096
v 26.045045740846746 185.04711442585142 -60.0739859399874
v 25.477426237119083 98.71401291908693 -42.93425568550616
v -34.70386253618136 135.54682960442534 -5.470888955590027
v -33.802121016494404 132.14749281663455 -10.174273418517984
v 36.709003193920935 90.26770900858224 -5.976290016128245
v 34.37868919186625 86.61954339346434 -8.250134386546042
v -25.002960982523522 123.72244918178644 -11.187300559892497
v -29.614269817060645 127.80388209469987 -12.42562237520706
v -13.259936049526003 115.9680533157593 -3.173894799272339
v -17.401266830842427 118.28879197645072 -5.35893844404986
v -21.126790863007226 120.78556421059865 -8.377092604215237
v -10.844059059958331 111.80050736427232 -1.1942089535440914
v 1.2625755304043316 99.09625976280705 1.3786198787869033
v -1.3731073410404038 102.82438905522065 1.3097398342043673
v -4.894678258414725 105.62566585574038 1.3065086765265188
v -0.30667919489130213 96.67822017806704 0.30707926553770215
v -13.369491508346481 110.47604540470779 -3.883041765380706
v -7.942418528184437 108.6711718285794 0.058636868076857196
v -10.749318433113439 107.36359088215933 -2.261724062211172
v 25.58295908527351 85.33339084588853 13.468925328781664
v 24.69611863273372 89.21030984350793 18.610287039240845
v -31.97063864676628 135.6394878326026 0.14316786608606868
v -34.70386253618136 135.54682960442534 -5.470888955590027
v -6.62324350870023 114.84223763692933 23.150631628096946
v -10.57068029853534 117.71843082082817 21.015770041142527
v -20.95891167408795 127.25825290505736 11.59522526732192
v -24.27513867661132 129.83556628516888 8.318347348326544
v 7.319431015401709 104.32887297697792 25.36599959272025
v 12.068514180681928 100.67135563449054 24.257642896041347
v -2.4191457582755147 111.69606971542343 25.28730621206931
v 2.3876506941864153 107.8394494238692 26.5805705755113
v -14.207004506302518 121.39556025998098 18.94232117349282
v -17.614356921675572 124.879471628827 15.54818976590233
v -27.79549739840286 133.08822425719723 4.7957569791936345
v 20.81264880693103 93.50625545937591 22.189704147189325
v 14.031996530043031 85.75530657957518 -2.271034258420119
v 12.72355135761987 88.76944520901888 -1.2842376434815082
v 9.411637767358796 90.72378905803862 -1.6446346840753572
v 15.439288961477468 87.23049249353448 -0.04728943330078894
v 17.894439481628456 83.98821335692226 0.4866437159713797
v 6.479372406307872 92.87673023751134 -1.0495937758111702
v 17.609107685946043 88.7277068840479 -8.073075313714122
v 15.643028214801422 91.00420537214647 -10.006216687190403
v 17.84187960338761 88.5945998782198 -10.100798326200923
v 16.908375572068465 90.49312961300967 -11.917984291148626
v 8.652941417923978 94.27418964498602 0.39367205947350403
v 10.117764082416677 93.4718914530639 0.010934948111108483
v 10.79826330802546 91.23217867130847 -0.25618331833717806
v 12.795618466377158 90.15257845713532 -0.1728063632537465
v 11.587939194650465 92.59770893128571 -0.6516978341126315
v 14.617868051289342 89.32616649662701 -0.14173534717182162
v 9.039689009997069 92.36850281727338 -0.5578129286720559
v 7.391193398288581 94.32951541985673 0.14017691050979392
v 16.643183116484227 89.25053464739473 -6.224387761976645
v 14.761138182839584 91.60232462790657 -7.679857879009088
v 23.750027205381215 83.93055148192653 3.4010149508186256
v 22.94241423762582 82.60133200050008 5.847555382151983
v 17.853759050476988 87.78510155641725 -3.810042187859061
v 14.14372138625822 91.4524896455619 -4.913128703276845
v 12.643806461193401 91.41815546450412 -2.433047890278339
v 16.012014250699178 88.47788379196052 -1.199616180579481
v 19.387264939317735 85.49379607660462 0.8939089369600827
v 21.378383264543032 84.84255562515787 -0.3249201054130117
v 23.811511600530846 85.18697786423405 -2.402457052063313
v 18.372031831972638 88.85565744540294 -13.014339606453657
v 31.10325769689122 62.42872403674761 -22.312451766706257
v 33.62681782489983 62.598569220755984 -19.01941714188021
v 29.447906182151996 68.55520230395305 -21.69141005903994
v 31.896995808102886 68.76324805742635 -18.630087077738764
v 22.554434595994223 107.03720178086758 -44.176256146376
v 36.749237120454 82.28843162193354 -37.82676685946926
v 17.062775803224554 179.92326951675577 -41.11375471710296
v 17.770575390854535 180.99250665465408 -34.65921542679392
v 12.175881486223712 174.27800507316027 -30.971591527458806
v -1.2626308778487818 138.09246156954262 -40.03552463300336
v -2.8222705275628392 162.8280429460714 -39.118043237386566
v 22.81280728588145 186.9480930673692 -38.630765053473084
v 21.360035726488096 185.75201843139152 -44.69063388492979
v 32.187131339412986 80.65867935585385 -36.016472632788485
v 23.032436073295347 82.44446458525871 -18.861617717690436
v -29.224549387734356 95.16356855021304 -9.8698344788551
v -39.93099599166419 110.31174439517449 -20.89412554550041
v 20.278672035804753 83.93660627183034 2.3730149045073
v 17.690737022428095 86.40903536757561 0.9947228220472536
v 38.668502702209025 135.03347389617062 -3.838100326302232
v 11.578174663771339 156.15721924912674 -7.487685125513764
v 9.520612061981423 88.78752634083438 21.664615271039445
v 16.491842987662416 97.02521343792137 23.682625695737176
v 21.87965088366483 103.49827719520289 20.268181926180578
v 26.151982739012176 108.7236631776563 15.369407430894746
v 2.5066952033639467 93.50833506014517 -1.6630561318430892
v 3.9847382191938867 95.93014575508671 0.14453255476324217
v 5.03677149770992 97.24076331724612 1.0628449221698508
v 6.242975330360537 97.85761985440891 1.0985084759892052
v 7.567633824457795 97.18333102279293 0.2262456891669673
v 8.898638547842168 96.23121263643273 -1.4527861824752846
v 10.309364878254351 95.46860897364128 -3.7231940323612287
v 11.432050359424556 94.60630190508228 -6.985695294141699
v 12.938534720563954 94.71687777949832 -9.787888296582326
v 14.38695508661198 94.39983222662295 -12.461622449656327
v 15.680156297060625 93.4374728800905 -14.90566021025666
v 17.149930540550855 91.30918273059092 -16.330153010269562
v 34.911718764599655 83.02203665097815 -11.85557711169653
v 31.336325198886943 84.00669623380887 -10.435326652665454
v 21.756473483344347 83.5432835250026 3.4496173252995823
v 37.02109784430022 189.60409063847555 -33.85509551222586
v 22.08716103801372 146.28466447316953 -2.2772623477646015
v 26.045045740846746 185.04711442585142 -60.0739859399874
v 31.714647484380638 191.86940144663848 -37.27761987205304
v 24.77091339225168 190.99085712377217 -48.37024466380672
v 27.00258223906589 192.64446480772912 -42.72264872640565
v 69.29430117137667 163.5423379172173 -42.29147830005722
v 67.8456810942135 160.83778189751155 -50.316748088069176
v 66.9269593920696 168.36147485523333 -35.350886296592705
v 61.36525155113716 173.97642678374456 -31.31960013150253
v 62.797217120200685 160.72364277768068 -58.07013982138844
v 55.12057762119996 178.60805979605982 -30.455535159010115
v 57.30969065218079 162.38754236905112 -62.72162703668927
v 51.255183934647356 165.32016192707306 -65.46131225328226
v 45.904593222908794 168.4261914443835 -66.70020870348303
v 48.95831150158875 182.8778407621604 -30.59512782540821
v 40.55035033838494 171.86778083093617 -67.1913202923556
v 42.94103340657335 186.5790728710399 -31.71049261202717
v 35.46643676718281 175.55653822685315 -66.77851827238774
v 29.887770255541483 180.51925677242824 -64.50765879638203
v 37.02109784430022 189.60409063847555 -33.85509551222586
v 26.045045740846746 185.04711442585142 -60.0739859399874
v 24.51805956737093 188.28058472170585 -54.58589331616418
v 24.77091339225168 190.99085712377217 -48.37024466380672
v 31.714647484380638 191.86940144663848 -37.27761987205304
v 27.00258223906589 192.64446480772912 -42.72264872640565
f 1 3 2
f 3 4 2
f 5 6 3
f 6 4 3
f 4 7 2
f 7 8 2
f 6 9 4
f 9 7 4
f 10 12 11
f 12 13 11
f 14 15 12
f 15 13 12
f 16 18 17
f 18 19 17
f 18 21 20
f 21 22 20
f 23 25 24
f 24 21 23
f 26 28 27
f 28 20 27
f 29 31 30
f 31 32 30
f 33 35 34
f 35 36 34
f 37 39 38
f 39 40 38
f 28 19 20
f 19 18 20
f 41 43 42
f 43 44 42
f 27 45 26
f 45 46 26
f 47 49 48
f 48 50 47
f 51 53 52
f 52 54 51
f 55 56 53
f 53 51 55
f 57 56 58
f 56 55 58
f 59 57 60
f 57 58 60
f 61 63 62
f 63 64 62
f 65 67 66
f 67 68 66
f 43 41 6
f 41 9 6
f 8 31 2
f 31 29 2
f 10 11 46
f 11 26 46
f 14 17 15
f 17 19 15
f 26 11 28
f 11 13 28
f 19 28 15
f 28 13 15
f 69 70 27
f 70 45 27
f 27 20 69
f 20 22 69
f 57 59 71
f 59 72 71
f 73 75 74
f 75 68 74
f 76 78 77
f 77 79 76
f 80 82 81
f 82 83 81
f 16 23 21
f 21 18 16
f 82 80 32
f 80 30 32
f 44 76 79
f 79 42 44
f 84 86 85
f 86 87 85
f 88 90 89
f 90 91 89
f 90 88 87
f 88 85 87
f 92 94 93
f 93 96 95
f 97 99 98
f 99 100 98
f 101 103 102
f 103 104 102
f 105 107 106
f 107 108 106
f 109 110 105
f 110 107 105
f 111 113 112
f 113 114 112
f 115 117 116
f 117 118 116
f 112 114 116
f 114 115 116
f 119 121 120
f 121 122 120
f 119 123 121
f 123 124 121
f 125 117 126
f 117 115 126
f 127 129 128
f 129 130 128
f 113 111 131
f 111 132 131
f 133 135 134
f 135 136 134
f 133 134 137
f 134 138 137
f 107 139 108
f 139 140 108
f 118 141 116
f 141 142 116
f 116 142 112
f 142 143 112
f 112 143 111
f 143 144 111
f 132 111 145
f 111 144 145
f 107 110 139
f 110 146 139
f 147 149 148
f 149 150 148
f 148 151 147
f 151 152 147
f 153 155 154
f 155 156 154
f 155 157 156
f 157 158 156
f 159 161 160
f 161 162 160
f 159 160 154
f 160 153 154
f 163 165 164
f 165 166 164
f 167 164 168
f 164 166 168
f 169 171 170
f 171 172 170
f 173 170 174
f 170 172 174
f 175 173 176
f 173 174 176
f 177 175 178
f 175 176 178
f 179 180 163
f 180 165 163
f 136 135 162
f 135 160 162
f 157 155 138
f 155 137 138
f 160 135 153
f 135 133 153
f 155 153 137
f 153 133 137
f 119 120 147
f 120 149 147
f 147 152 119
f 152 123 119
f 130 129 181
f 129 182 181
f 114 183 115
f 183 126 115
f 184 186 185
f 186 187 185
f 113 131 188
f 131 189 188
f 106 190 105
f 190 191 105
f 109 105 192
f 105 191 192
f 114 113 183
f 113 188 183
f 181 182 184
f 182 186 184
f 193 195 194
f 195 196 194
f 196 197 194
f 197 198 194
f 191 190 194
f 190 193 194
f 198 192 194
f 192 191 194
f 181 183 130
f 183 188 130
f 183 181 126
f 181 184 126
f 126 184 125
f 184 185 125
f 189 128 188
f 128 130 188
f 199 200 198
f 200 192 198
f 201 193 202
f 193 190 202
f 203 205 204
f 205 206 204
f 207 208 203
f 208 205 203
f 209 211 210
f 211 212 210
f 203 204 213
f 204 214 213
f 203 213 207
f 213 215 207
f 211 209 216
f 209 217 216
f 218 220 219
f 220 221 219
f 222 223 218
f 223 220 218
f 224 226 225
f 226 227 225
f 228 217 229
f 217 230 229
f 231 233 232
f 233 234 232
f 235 237 236
f 237 238 236
f 235 236 239
f 236 240 239
f 232 241 231
f 241 225 231
f 225 241 224
f 241 242 224
f 243 244 210
f 244 245 210
f 210 245 209
f 245 246 209
f 217 209 230
f 209 246 230
f 247 227 248
f 227 249 248
f 250 252 251
f 252 253 251
f 251 254 250
f 254 255 250
f 233 256 234
f 256 257 234
f 206 205 258
f 205 259 258
f 260 261 258
f 261 206 258
f 244 262 245
f 262 263 245
f 245 263 246
f 263 264 246
f 246 264 230
f 264 265 230
f 230 265 229
f 265 266 229
f 205 208 259
f 208 267 259
f 238 237 257
f 237 234 257
f 240 242 239
f 242 241 239
f 234 237 232
f 237 235 232
f 241 232 239
f 232 235 239
f 218 219 250
f 219 252 250
f 255 222 250
f 222 218 250
f 259 268 258
f 268 269 258
f 258 269 260
f 269 270 260
f 262 271 263
f 271 272 263
f 272 273 263
f 273 264 263
f 273 274 264
f 274 265 264
f 274 275 265
f 275 266 265
f 267 276 259
f 276 268 259
f 228 277 217
f 277 216 217
f 216 278 211
f 278 248 211
f 279 251 280
f 251 253 280
f 281 243 212
f 243 210 212
f 213 214 282
f 214 283 282
f 284 215 282
f 215 213 282
f 279 282 285
f 282 283 285
f 280 284 279
f 284 282 279
f 286 288 287
f 288 278 287
f 226 289 227
f 289 249 227
f 248 278 247
f 278 288 247
f 212 211 249
f 211 248 249
f 281 212 289
f 212 249 289
f 278 216 287
f 216 277 287
f 290 291 280
f 291 284 280
f 225 227 231
f 227 247 231
f 251 279 254
f 279 285 254
f 256 233 286
f 233 288 286
f 231 247 233
f 247 288 233
f 292 294 293
f 294 295 293
f 292 296 294
f 296 297 294
f 298 300 299
f 300 301 299
f 302 304 303
f 304 305 303
f 302 303 306
f 303 307 306
f 300 298 308
f 298 309 308
f 310 308 311
f 308 312 311
f 313 315 314
f 315 316 314
f 314 317 313
f 317 318 313
f 319 300 310
f 300 308 310
f 319 320 300
f 320 301 300
f 312 321 311
f 321 322 311
f 323 325 324
f 325 326 324
f 327 329 328
f 329 330 328
f 324 326 331
f 326 332 331
f 305 304 322
f 304 311 322
f 307 320 306
f 320 319 306
f 311 304 310
f 304 302 310
f 319 310 306
f 310 302 306
f 292 293 313
f 293 315 313
f 318 296 313
f 296 292 313
f 333 335 334
f 335 336 334
f 337 338 333
f 338 335 333
f 339 341 340
f 341 342 340
f 343 345 344
f 345 346 344
f 347 348 343
f 348 345 343
f 336 349 334
f 349 350 334
f 323 324 351
f 324 352 351
f 353 323 354
f 323 351 354
f 355 357 356
f 357 358 356
f 355 356 359
f 356 360 359
f 359 360 328
f 360 361 328
f 328 361 327
f 361 362 327
f 331 363 324
f 363 352 324
f 364 366 365
f 366 367 365
f 309 298 365
f 298 368 365
f 369 371 370
f 371 372 370
f 373 374 369
f 374 371 369
f 370 375 369
f 375 376 369
f 369 376 373
f 376 377 373
f 378 380 379
f 380 367 379
f 368 298 381
f 298 299 381
f 380 309 367
f 309 365 367
f 368 382 365
f 382 364 365
f 381 383 368
f 383 382 368
f 366 384 367
f 384 379 367
f 385 351 386
f 351 352 386
f 354 351 387
f 351 385 387
f 388 356 389
f 356 358 389
f 390 360 388
f 360 356 388
f 391 361 390
f 361 360 390
f 392 362 391
f 362 361 391
f 386 352 393
f 352 363 393
f 375 317 376
f 317 314 376
f 316 377 314
f 377 376 314
f 380 378 312
f 378 321 312
f 380 312 309
f 312 308 309
f 394 396 395
f 396 397 395
f 398 399 394
f 399 396 394
f 400 402 401
f 402 403 401
f 400 404 402
f 404 405 402
f 406 408 407
f 408 409 407
f 410 412 411
f 412 413 411
f 410 411 414
f 411 415 414
f 416 418 417
f 418 419 417
f 420 422 421
f 422 423 421
f 424 417 425
f 417 426 425
f 427 429 428
f 429 430 428
f 430 431 428
f 431 432 428
f 433 416 424
f 416 417 424
f 433 434 416
f 434 435 416
f 425 426 436
f 426 437 436
f 438 440 439
f 440 441 439
f 412 425 413
f 425 436 413
f 415 434 414
f 434 433 414
f 425 412 424
f 412 410 424
f 433 424 414
f 424 410 414
f 428 400 427
f 400 401 427
f 428 432 400
f 432 404 400
f 442 444 443
f 444 445 443
f 446 418 435
f 418 416 435
f 447 430 448
f 430 429 448
f 449 451 450
f 451 452 450
f 431 430 453
f 430 447 453
f 426 454 437
f 454 455 437
f 417 419 426
f 419 454 426
f 456 458 457
f 458 459 457
f 457 459 460
f 459 461 460
f 457 462 456
f 462 463 456
f 464 466 465
f 466 467 465
f 468 470 469
f 470 471 469
f 469 472 468
f 472 473 468
f 474 475 468
f 475 470 468
f 476 478 477
f 478 479 477
f 480 482 481
f 482 483 481
f 337 333 484
f 333 485 484
f 486 484 487
f 484 485 487
f 488 490 489
f 490 491 489
f 491 493 492
f 493 494 492
f 495 485 334
f 485 333 334
f 350 496 334
f 496 495 334
f 350 498 497
f 498 499 497
f 500 501 343
f 501 347 343
f 344 502 343
f 502 500 343
f 339 503 344
f 503 502 344
f 340 504 339
f 504 503 339
f 505 507 506
f 507 508 506
f 508 509 506
f 509 510 506
f 480 481 511
f 481 512 511
f 513 511 514
f 511 515 514
f 516 517 480
f 517 482 480
f 518 520 519
f 520 521 519
f 522 524 523
f 524 525 523
f 526 527 522
f 527 524 522
f 528 529 104
f 529 102 104
f 530 531 97
f 531 99 97
f 532 533 528
f 533 529 528
f 103 534 104
f 534 535 104
f 104 535 528
f 535 530 528
f 528 530 532
f 530 97 532
f 90 536 91
f 536 537 91
f 538 540 539
f 540 541 539
f 539 93 538
f 93 542 538
f 543 544 541
f 544 539 541
f 533 532 545
f 532 546 545
f 98 546 97
f 546 532 97
f 93 539 92
f 539 544 92
f 56 57 547
f 57 71 547
f 25 52 53
f 53 24 25
f 62 64 83
f 64 81 83
f 53 56 24
f 56 547 24
f 78 48 49
f 49 77 78
f 22 21 547
f 21 24 547
f 70 69 72
f 69 71 72
f 547 71 22
f 71 69 22
f 548 550 549
f 550 551 549
f 550 100 551
f 100 99 551
f 552 554 553
f 554 555 553
f 556 558 557
f 558 559 557
f 560 562 561
f 562 563 561
f 556 565 564
f 565 566 564
f 567 569 568
f 569 570 568
f 569 567 571
f 567 572 571
f 573 575 574
f 575 576 574
f 575 573 577
f 573 578 577
f 577 578 579
f 578 580 579
f 555 582 581
f 582 583 581
f 584 586 585
f 586 587 585
f 588 589 584
f 589 586 584
f 589 588 590
f 588 591 590
f 592 594 593
f 594 595 593
f 596 597 592
f 597 594 592
f 558 556 598
f 556 564 598
f 599 600 583
f 600 581 583
f 601 5 602
f 5 3 602
f 603 602 1
f 602 3 1
f 604 606 605
f 606 607 605
f 608 610 609
f 610 611 609
f 1 604 603
f 604 605 603
f 612 613 37
f 613 39 37
f 614 616 615
f 616 617 615
f 606 618 607
f 618 619 607
f 542 621 620
f 621 622 620
f 623 625 624
f 625 626 624
f 627 628 610
f 628 611 610
f 629 630 495
f 630 485 495
f 631 633 632
f 633 634 632
f 635 491 636
f 491 492 636
f 637 489 635
f 489 491 635
f 638 640 639
f 640 641 639
f 642 643 499
f 643 497 499
f 502 644 500
f 644 645 500
f 646 647 101
f 647 103 101
f 648 650 649
f 650 651 649
f 652 653 648
f 653 650 648
f 654 655 652
f 655 653 652
f 656 658 657
f 658 659 657
f 660 661 657
f 661 662 657
f 657 662 656
f 662 663 656
f 664 665 663
f 665 656 663
f 666 662 667
f 662 661 667
f 668 663 666
f 663 662 666
f 669 664 668
f 664 663 668
f 36 670 34
f 670 671 34
f 67 672 68
f 672 74 68
f 673 674 35
f 674 36 35
f 66 68 675
f 68 75 675
f 619 618 627
f 618 628 627
f 676 674 73
f 674 75 73
f 674 676 36
f 676 670 36
f 89 678 677
f 678 89 91
f 678 91 679
f 91 537 679
f 536 90 680
f 90 87 680
f 674 673 75
f 673 675 75
f 681 34 682
f 34 671 682
f 33 34 683
f 34 681 683
f 684 677 565
f 677 678 565
f 565 678 566
f 678 679 566
f 534 103 685
f 103 647 685
f 531 686 99
f 686 551 99
f 686 687 551
f 687 549 551
f 531 530 688
f 530 535 688
f 686 531 689
f 531 688 689
f 689 690 686
f 690 687 686
f 534 691 535
f 691 688 535
f 689 688 692
f 688 691 692
f 692 693 689
f 693 690 689
f 694 695 691
f 695 692 691
f 695 696 692
f 696 693 692
f 697 526 698
f 526 522 698
f 699 701 700
f 701 702 700
f 703 705 704
f 705 706 704
f 707 703 708
f 703 704 708
f 709 711 710
f 711 712 710
f 713 707 714
f 707 708 714
f 700 702 715
f 702 716 715
f 717 718 703
f 718 705 703
f 703 707 717
f 707 719 717
f 720 721 570
f 721 568 570
f 700 722 699
f 722 723 699
f 715 724 700
f 724 722 700
f 562 725 563
f 725 726 563
f 727 729 728
f 729 730 728
f 728 730 731
f 730 732 731
f 722 733 723
f 733 734 723
f 724 735 722
f 735 733 722
f 736 737 726
f 737 563 726
f 737 736 738
f 736 739 738
f 740 95 741
f 95 740 621
f 729 742 730
f 742 743 730
f 744 732 743
f 732 730 743
f 745 747 746
f 747 748 746
f 749 751 750
f 751 752 750
f 753 752 754
f 752 751 754
f 755 757 756
f 757 758 756
f 96 760 759
f 760 761 759
f 762 763 741
f 763 740 741
f 747 762 748
f 762 741 748
f 755 733 764
f 733 735 764
f 753 765 752
f 765 766 752
f 767 750 766
f 750 752 766
f 766 768 767
f 768 769 767
f 765 770 766
f 770 768 766
f 771 479 772
f 479 478 772
f 773 471 774
f 471 470 774
f 458 456 775
f 456 776 775
f 471 773 777
f 773 778 777
f 779 780 771
f 780 479 771
f 781 783 782
f 783 784 782
f 785 787 786
f 787 788 786
f 789 791 790
f 791 792 790
f 790 516 789
f 516 480 789
f 793 458 794
f 458 775 794
f 466 464 795
f 464 796 795
f 797 466 798
f 466 795 798
f 799 801 800
f 801 802 800
f 795 796 803
f 796 804 803
f 798 795 805
f 795 803 805
f 784 806 799
f 806 801 799
f 783 807 784
f 807 806 784
f 808 806 809
f 806 807 809
f 786 788 810
f 788 811 810
f 788 812 811
f 812 813 811
f 787 814 788
f 814 812 788
f 815 817 816
f 817 818 816
f 508 817 509
f 817 815 509
f 819 459 793
f 459 458 793
f 459 819 461
f 819 820 461
f 821 822 667
f 822 666 667
f 823 668 822
f 668 666 822
f 824 669 823
f 669 668 823
f 691 534 825
f 534 685 825
f 691 825 694
f 825 826 694
f 824 823 827
f 823 828 827
f 829 830 469
f 830 472 469
f 469 471 829
f 471 777 829
f 639 831 638
f 831 832 638
f 833 834 639
f 834 831 639
f 711 835 712
f 835 836 712
f 837 835 698
f 835 711 698
f 838 837 522
f 837 698 522
f 522 523 838
f 523 839 838
f 840 841 638
f 841 640 638
f 842 844 843
f 844 845 843
f 846 493 490
f 493 491 490
f 493 847 494
f 847 848 494
f 494 848 842
f 848 844 842
f 492 494 849
f 494 842 849
f 513 518 789
f 518 791 789
f 511 512 515
f 512 850 515
f 511 513 480
f 513 789 480
f 518 513 520
f 513 514 520
f 519 851 518
f 851 791 518
f 852 832 853
f 832 831 853
f 854 836 855
f 836 835 855
f 835 837 855
f 837 856 855
f 837 838 856
f 838 857 856
f 838 839 857
f 839 858 857
f 859 860 852
f 860 832 852
f 336 335 861
f 335 862 861
f 863 342 864
f 342 341 864
f 864 341 865
f 341 346 865
f 865 346 866
f 346 345 866
f 866 345 867
f 345 348 867
f 861 868 336
f 868 349 336
f 869 870 442
f 870 871 442
f 442 871 444
f 871 872 444
f 873 875 874
f 875 876 874
f 876 877 874
f 877 878 874
f 877 879 878
f 879 880 878
f 879 881 880
f 881 882 880
f 883 884 869
f 884 870 869
f 493 846 847
f 846 885 847
f 50 887 886
f 886 47 50
f 54 889 888
f 888 51 54
f 51 888 890
f 890 55 51
f 55 890 891
f 891 58 55
f 891 892 58
f 892 60 58
f 893 894 61
f 894 63 61
f 67 65 895
f 65 896 895
f 894 897 63
f 897 609 63
f 895 898 67
f 898 672 67
f 897 899 609
f 899 608 609
f 900 902 901
f 902 631 901
f 903 884 904
f 884 905 904
f 906 902 870
f 902 871 870
f 633 631 906
f 631 902 906
f 633 906 907
f 906 903 907
f 906 870 903
f 870 884 903
f 908 909 879
f 909 881 879
f 508 507 908
f 507 909 908
f 910 912 911
f 912 818 911
f 875 910 876
f 910 911 876
f 877 876 913
f 876 911 913
f 913 911 817
f 911 818 817
f 913 908 877
f 908 879 877
f 817 508 913
f 508 908 913
f 914 397 915
f 397 396 915
f 915 396 916
f 396 399 916
f 915 917 914
f 917 918 914
f 916 919 915
f 919 917 915
f 920 922 921
f 922 923 921
f 920 921 924
f 921 925 924
f 926 928 927
f 928 929 927
f 926 440 928
f 440 409 928
f 927 930 926
f 930 931 926
f 440 926 441
f 926 931 441
f 440 438 409
f 438 407 409
f 927 929 932
f 929 933 932
f 934 935 918
f 935 914 918
f 932 936 927
f 936 930 927
f 449 421 451
f 421 423 451
f 420 937 422
f 937 938 422
f 939 940 925
f 940 924 925
f 941 869 443
f 869 442 443
f 873 874 942
f 874 943 942
f 943 874 944
f 874 878 944
f 878 880 944
f 880 945 944
f 880 882 945
f 882 946 945
f 947 883 941
f 883 869 941
f 862 948 385
f 948 387 385
f 949 364 950
f 364 382 950
f 950 382 951
f 382 383 951
f 371 952 372
f 952 953 372
f 374 954 371
f 954 952 371
f 955 366 949
f 366 364 949
f 384 366 956
f 366 955 956
f 950 957 949
f 957 958 949
f 957 950 959
f 950 951 959
f 325 953 326
f 953 952 326
f 326 952 332
f 952 954 332
f 958 330 949
f 330 955 949
f 955 330 956
f 330 329 956
f 958 359 330
f 359 328 330
f 959 357 957
f 357 355 957
f 957 355 958
f 355 359 958
f 960 166 961
f 166 165 961
f 168 166 962
f 166 960 962
f 963 172 964
f 172 171 964
f 174 172 965
f 172 963 965
f 176 174 966
f 174 965 966
f 966 967 176
f 967 178 176
f 961 165 968
f 165 180 968
f 422 969 423
f 969 970 423
f 969 422 971
f 422 938 971
f 394 395 920
f 395 922 920
f 394 920 398
f 920 924 398
f 970 408 423
f 408 451 423
f 970 928 408
f 928 409 408
f 929 969 933
f 969 971 933
f 969 929 970
f 929 928 970
f 451 408 452
f 408 406 452
f 139 163 140
f 163 164 140
f 140 164 972
f 164 167 972
f 141 169 142
f 169 170 142
f 142 170 143
f 170 173 143
f 173 175 143
f 175 144 143
f 175 177 144
f 177 145 144
f 146 179 139
f 179 163 139
f 154 156 182
f 156 186 182
f 195 151 196
f 151 148 196
f 148 150 196
f 150 197 196
f 156 158 186
f 158 187 186
f 161 159 127
f 159 129 127
f 159 154 129
f 154 182 129
f 973 269 974
f 269 268 974
f 975 270 973
f 270 269 973
f 976 272 977
f 272 271 977
f 978 273 976
f 273 272 976
f 979 274 978
f 274 273 978
f 980 275 979
f 275 274 979
f 974 268 981
f 268 276 981
f 476 477 704
f 477 708 704
f 704 706 476
f 706 982 476
f 812 814 699
f 814 701 699
f 813 812 723
f 812 699 723
f 734 983 723
f 983 813 723
f 811 813 984
f 813 983 984
f 477 479 985
f 479 780 985
f 986 988 987
f 988 989 987
f 987 989 990
f 989 991 990
f 990 991 992
f 991 993 992
f 992 993 994
f 993 995 994
f 996 998 997
f 998 999 997
f 1000 996 1001
f 996 997 1001
f 1002 1003 1001
f 1003 1000 1001
f 1004 1006 1005
f 1006 1007 1005
f 1008 1010 1009
f 1010 1011 1009
f 1012 1014 1013
f 1014 1015 1013
f 1016 989 1017
f 989 988 1017
f 1018 991 1016
f 991 989 1016
f 1019 993 1018
f 993 991 1018
f 1020 995 1019
f 995 993 1019
f 998 996 1021
f 996 1022 1021
f 1022 996 1023
f 996 1000 1023
f 1023 1000 1024
f 1000 1003 1024
f 995 1020 1003
f 1020 1024 1003
f 1006 1025 1007
f 1025 1026 1007
f 1010 1008 1027
f 1008 1028 1027
f 1014 1012 1029
f 1012 1030 1029
f 1012 1031 1030
f 1031 1032 1030
f 1033 1035 1034
f 1035 1036 1034
f 1037 548 1038
f 548 549 1038
f 1017 1037 1016
f 1037 1038 1016
f 1038 549 1039
f 549 687 1039
f 1016 1038 1018
f 1038 1039 1018
f 1018 1039 1019
f 1039 1040 1019
f 1039 687 1040
f 687 690 1040
f 1019 1040 1020
f 1040 1041 1020
f 1040 690 1041
f 690 693 1041
f 800 802 1042
f 802 1043 1042
f 1042 1043 1022
f 1043 1021 1022
f 1044 1045 1042
f 1045 800 1042
f 1023 1044 1022
f 1044 1042 1022
f 1046 696 1044
f 696 1045 1044
f 1024 1046 1023
f 1046 1044 1023
f 696 1046 693
f 1046 1041 693
f 1020 1041 1024
f 1041 1046 1024
f 761 1047 759
f 1047 1048 759
f 1025 1048 1026
f 1048 1047 1026
f 745 746 1049
f 746 1050 1049
f 1049 1050 1028
f 1050 1027 1028
f 751 749 1051
f 749 1052 1051
f 1051 1052 1030
f 1052 1029 1030
f 754 751 1053
f 751 1051 1053
f 1030 1032 1051
f 1032 1053 1051
f 756 758 1054
f 758 1055 1054
f 1035 1033 1056
f 1033 1057 1056
f 1056 1057 983
f 1057 984 983
f 1058 1060 1059
f 1060 1061 1059
f 1062 886 887
f 887 1063 1062
f 895 896 1061
f 896 1059 1061
f 1061 1064 895
f 1064 898 895
f 1065 1067 1066
f 1067 1068 1066
f 1066 1068 1069
f 1068 1070 1069
f 1069 1070 1071
f 1070 1072 1071
f 1071 1072 1073
f 1072 1074 1073
f 1075 1077 1076
f 1077 1078 1076
f 1069 890 888
f 888 1066 1069
f 1071 891 890
f 890 1069 1071
f 1073 892 891
f 891 1071 1073
f 1076 894 893
f 893 1075 1076
f 1066 888 889
f 889 1065 1066
f 1067 1079 1068
f 1079 1080 1068
f 1068 1080 1070
f 1080 1081 1070
f 1070 1081 1072
f 1081 1082 1072
f 1072 1082 1074
f 1082 1083 1074
f 1077 1084 1078
f 1084 1085 1078
f 1086 86 1058
f 86 1060 1058
f 1060 1087 1061
f 1087 1064 1061
f 1088 1090 1089
f 1090 1091 1089
f 1092 1093 1067
f 1093 1079 1067
f 1062 1063 1094
f 1063 1095 1094
f 707 713 719
f 713 1096 719
f 1097 1099 1098
f 1099 1100 1098
f 1098 1100 1101
f 1100 1102 1101
f 1103 1105 1104
f 1105 1106 1104
f 1104 1106 1107
f 1106 1108 1107
f 1107 1108 1109
f 1108 1110 1109
f 1111 1113 1112
f 1113 1114 1112
f 568 1097 567
f 1097 1098 567
f 1101 572 1098
f 572 567 1098
f 574 1103 573
f 1103 1104 573
f 1107 578 1104
f 578 573 1104
f 1109 580 1107
f 580 578 1107
f 1112 1114 553
f 1114 552 553
f 600 1111 581
f 1111 1112 581
f 1097 568 1115
f 568 721 1115
f 729 727 1116
f 727 1117 1116
f 555 581 553
f 581 1112 553
f 738 1118 737
f 1118 1119 737
f 585 560 584
f 560 561 584
f 593 1117 592
f 1117 727 592
f 592 727 596
f 727 728 596
f 598 1120 558
f 1120 1121 558
f 558 1121 559
f 1121 1122 559
f 561 563 1119
f 563 737 1119
f 1118 591 1119
f 591 588 1119
f 1121 1123 1122
f 1123 1124 1122
f 1125 599 1123
f 599 583 1123
f 1120 1125 1121
f 1125 1123 1121
f 586 577 587
f 577 579 587
f 589 575 586
f 575 577 586
f 590 576 589
f 576 575 589
f 594 569 595
f 569 571 595
f 569 594 570
f 594 597 570
f 582 1124 583
f 1124 1123 583
f 642 1126 643
f 1126 1127 643
f 718 716 705
f 716 702 705
f 501 500 1128
f 500 645 1128
f 1087 1060 84
f 1060 86 84
f 1129 1130 108
f 1130 106 108
f 201 1131 193
f 1131 195 193
f 192 200 109
f 200 1132 109
f 151 1133 152
f 1133 1134 152
f 109 1132 110
f 1132 1135 110
f 972 1129 140
f 1129 108 140
f 110 1135 146
f 1135 1136 146
f 1137 1138 149
f 1138 150 149
f 152 1134 123
f 1134 124 123
f 1139 1140 179
f 1140 180 179
f 122 1137 120
f 1137 149 120
f 1130 202 106
f 202 190 106
f 197 1141 198
f 1141 199 198
f 261 1142 206
f 1142 204 206
f 254 1143 255
f 1143 1144 255
f 204 1142 214
f 1142 1145 214
f 1146 1147 215
f 1147 207 215
f 1147 1148 207
f 1148 208 207
f 1149 1150 252
f 1150 253 252
f 255 1144 222
f 1144 223 222
f 208 1148 267
f 1148 1151 267
f 221 1149 219
f 1149 252 219
f 1151 1152 267
f 1152 276 267
f 214 1145 283
f 1145 1153 283
f 253 1150 280
f 1150 290 280
f 1153 1154 283
f 1154 285 283
f 291 1146 284
f 1146 215 284
f 285 1154 254
f 1154 1143 254
f 1155 1156 316
f 1156 377 316
f 317 1157 318
f 1157 1158 318
f 374 1159 954
f 1159 1160 954
f 325 323 1161
f 323 353 1161
f 1162 1155 315
f 1155 316 315
f 318 1158 296
f 1158 297 296
f 295 1162 293
f 1162 315 293
f 349 1163 350
f 1163 498 350
f 1164 1165 331
f 1165 363 331
f 1166 1167 372
f 1167 370 372
f 1156 1168 377
f 1168 373 377
f 1167 1169 370
f 1169 375 370
f 1168 1159 373
f 1159 374 373
f 375 1169 317
f 1169 1157 317
f 395 397 1170
f 397 1171 1170
f 431 1172 432
f 1172 1173 432
f 940 1174 924
f 1174 398 924
f 1175 1176 427
f 1176 429 427
f 432 1173 404
f 1173 405 404
f 1177 1178 399
f 1178 916 399
f 403 1175 401
f 1175 427 401
f 883 947 1179
f 947 1180 1179
f 1181 1182 922
f 1182 923 922
f 448 429 1183
f 429 1176 1183
f 453 1184 431
f 1184 1172 431
f 809 807 1185
f 807 474 1185
f 796 462 804
f 462 1186 804
f 464 463 796
f 463 462 796
f 460 1186 457
f 1186 462 457
f 465 1187 464
f 1187 463 464
f 456 463 776
f 463 1187 776
f 807 783 474
f 783 475 474
f 468 473 474
f 473 1185 474
f 1188 982 787
f 982 814 787
f 982 1188 476
f 1188 478 476
f 901 631 1189
f 631 1190 1189
f 843 1191 842
f 1191 849 842
f 1095 1090 655
f 1090 1192 655
f 596 728 1193
f 728 731 1193
f 1193 1194 596
f 1194 597 596
f 1078 1085 1195
f 1085 1196 1195
f 1197 833 641
f 833 639 641
f 497 643 1198
f 643 1199 1198
f 1200 1202 1201
f 660 657 659
f 1094 1095 654
f 1095 655 654
f 658 1203 659
f 1204 1205 1201
f 665 664 646
f 664 647 646
f 685 647 669
f 647 664 669
f 1206 1195 1207
f 1195 1196 1207
f 757 1208 758
f 1208 1209 758
f 1210 1212 1211
f 1212 1055 1211
f 757 1213 1208
f 1214 765 753
f 1215 1188 785
f 1188 787 785
f 772 478 1215
f 478 1188 1215
f 1216 475 781
f 475 783 781
f 774 470 1216
f 470 475 1216
f 669 824 685
f 824 825 685
f 825 824 826
f 824 827 826
f 840 860 1217
f 860 1218 1217
f 853 831 1219
f 831 834 1219
f 1218 860 1220
f 860 859 1220
f 862 335 948
f 335 338 948
f 1163 349 1221
f 349 868 1221
f 1179 905 883
f 905 884 883
f 902 900 871
f 900 872 871
f 907 903 1222
f 903 904 1222
f 935 1171 914
f 1171 397 914
f 1178 1223 916
f 1223 919 916
f 868 393 1221
f 393 1224 1221
f 1160 1225 954
f 1225 332 954
f 1226 1166 953
f 1166 372 953
f 1161 1226 325
f 1226 953 325
f 1225 1164 332
f 1164 331 332
f 1170 1181 395
f 1181 922 395
f 1174 1177 398
f 1177 399 398
f 1136 1139 146
f 1139 179 146
f 197 150 1141
f 150 1138 1141
f 195 1131 151
f 1131 1133 151
f 706 701 982
f 701 814 982
f 1227 1229 1228
f 1229 1230 1228
f 1229 1227 1210
f 1227 1212 1210
f 758 1209 1055
f 1209 1211 1055
f 1079 101 1080
f 101 102 1080
f 1080 102 1081
f 102 529 1081
f 1081 529 1082
f 529 533 1082
f 1082 533 1083
f 533 545 1083
f 1084 543 1085
f 543 541 1085
f 1207 1196 1231
f 1196 540 1231
f 680 87 1086
f 87 86 1086
f 626 653 1192
f 653 655 1192
f 1093 646 1079
f 646 101 1079
f 1232 1099 1115
f 1232 1233 1099
f 1194 720 597
f 720 570 597
f 705 702 706
f 702 701 706
f 1234 1235 658
f 1235 1203 658
f 1093 1092 1234
f 1092 1235 1234
f 1234 665 1093
f 665 646 1093
f 658 656 1234
f 656 665 1234
f 1236 1102 1237
f 1102 1100 1237
f 1099 1233 1100
f 1233 1237 1100
f 1238 1108 1239
f 1108 1106 1239
f 1105 1240 1106
f 1240 1239 1106
f 1241 1110 1238
f 1110 1108 1238
f 1242 554 1243
f 554 552 1243
f 1243 552 1244
f 552 1114 1244
f 1243 634 1242
f 634 1245 1242
f 1238 636 1241
f 636 1246 1241
f 1239 635 1238
f 635 636 1238
f 1240 637 1239
f 637 635 1239
f 1113 1247 1114
f 1247 1244 1114
f 1244 632 1243
f 632 634 1243
f 1233 641 1237
f 641 640 1237
f 1237 640 1236
f 640 841 1236
f 1247 1248 1244
f 1248 632 1244
f 1128 645 1249
f 645 1250 1249
f 1251 709 1252
f 709 710 1252
f 1232 1197 1233
f 1197 641 1233
f 714 1251 713
f 1251 1252 713
f 517 516 1253
f 516 1254 1253
f 1253 1254 778
f 1254 777 778
f 527 526 1255
f 526 1256 1255
f 1255 1256 779
f 1256 780 779
f 509 1257 510
f 1257 1258 510
f 820 819 1259
f 819 1260 1259
f 1260 815 1259
f 815 816 1259
f 1257 509 1260
f 509 815 1260
f 793 1257 819
f 1257 1260 819
f 1261 1262 829
f 1262 830 829
f 829 777 1261
f 777 1254 1261
f 516 790 1254
f 790 1261 1254
f 1263 1256 697
f 1256 526 697
f 1250 645 1264
f 645 644 1264
f 1257 793 1258
f 793 794 1258
f 790 792 1261
f 792 1262 1261
f 667 1250 821
f 1250 1264 821
f 985 780 1263
f 780 1256 1263
f 1249 1250 661
f 1250 667 661
f 1096 713 1252
f 1099 1097 1115
f 661 660 1249
f 1202 1127 1126
f 496 1265 495
f 1265 629 495
f 1265 1266 629
f 1266 1267 629
f 1266 1265 1268
f 1265 1269 1268
f 1267 1270 629
f 1270 630 629
f 1271 1273 1272
f 1273 1274 1272
f 1275 1277 1276
f 1277 1278 1276
f 1276 1278 1279
f 1278 1280 1279
f 1267 1281 1270
f 1281 1282 1270
f 1283 1271 1284
f 1271 1272 1284
f 1200 1285 1127
f 1127 1202 1200
f 1127 1286 643
f 1286 1199 643
f 557 684 556
f 684 565 556
f 1287 1283 1288
f 1283 1284 1288
f 1282 1281 1275
f 1281 1277 1275
f 1289 1279 1290
f 1279 1280 1290
f 649 651 1271
f 651 1273 1271
f 1291 1292 1287
f 1287 1290 1291
f 1277 1266 1278
f 1266 1268 1278
f 1266 1277 1267
f 1277 1281 1267
f 1287 1292 649
f 1292 1293 649
f 1274 1273 1294
f 1273 651 1294
f 1295 1296 614
f 1296 616 614
f 38 40 601
f 40 5 601
f 615 617 612
f 617 613 612
f 1089 1091 1297
f 1091 1298 1297
f 1231 540 1299
f 540 538 1299
f 1299 538 620
f 538 542 620
f 1296 50 616
f 50 48 616
f 39 44 40
f 44 43 40
f 29 30 604
f 30 606 604
f 40 43 5
f 43 6 5
f 611 64 609
f 64 63 609
f 2 29 1
f 29 604 1
f 1085 541 1196
f 541 540 1196
f 616 48 617
f 48 78 617
f 81 628 80
f 628 618 80
f 897 894 1300
f 894 1076 1300
f 80 618 30
f 618 606 30
f 39 613 44
f 613 76 44
f 93 95 542
f 95 621 542
f 1063 1091 1095
f 1091 1090 1095
f 625 650 626
f 650 653 626
f 64 611 81
f 611 628 81
f 78 76 617
f 76 613 617
f 725 622 726
f 622 621 726
f 726 621 736
f 621 740 736
f 756 734 755
f 734 733 755
f 1301 1302 1054
f 1302 1303 1054
f 763 739 740
f 739 736 740
f 764 1213 755
f 1213 757 755
f 768 742 769
f 742 1304 769
f 742 768 743
f 768 770 743
f 743 770 744
f 770 1305 744
f 1296 1295 1298
f 1295 1297 1298
f 1296 1298 887
f 887 50 1296
f 1302 1301 1306
f 1301 1307 1306
f 1227 1307 1212
f 1307 1301 1212
f 734 756 1303
f 756 1054 1303
f 1212 1301 1055
f 1301 1054 1055
f 1063 887 1298
f 1298 1091 1063
f 1076 1078 1300
f 1078 1195 1300
f 899 897 1308
f 897 1300 1308
f 1308 1300 1206
f 1300 1195 1206
f 1309 1192 1088
f 1192 1090 1088
f 765 1214 770
f 1214 1305 770
f 624 626 1309
f 626 1192 1309
f 1294 651 625
f 651 650 625
f 1116 1304 729
f 1304 742 729
f 861 862 386
f 862 385 386
f 389 863 388
f 863 864 388
f 388 864 390
f 864 865 390
f 390 865 391
f 865 866 391
f 391 866 392
f 866 867 392
f 868 861 393
f 861 386 393
f 443 918 941
f 918 917 941
f 934 918 445
f 918 443 445
f 943 930 942
f 930 936 942
f 944 931 943
f 931 930 943
f 441 931 945
f 931 944 945
f 946 439 945
f 439 441 945
f 947 919 1180
f 919 1223 1180
f 917 919 941
f 919 947 941
f 961 848 960
f 848 847 960
f 847 885 960
f 885 962 960
f 521 520 964
f 520 963 964
f 520 514 963
f 514 965 963
f 514 515 965
f 515 966 965
f 515 850 966
f 850 967 966
f 1310 845 968
f 845 844 968
f 968 844 961
f 844 848 961
f 974 852 973
f 852 853 973
f 973 853 975
f 853 1219 975
f 977 854 976
f 854 855 976
f 855 856 976
f 856 978 976
f 856 857 978
f 857 979 978
f 857 858 979
f 858 980 979
f 1220 859 1311
f 859 981 1311
f 981 859 974
f 859 852 974
f 393 363 1224
f 363 1165 1224
f 968 180 1310
f 180 1140 1310
f 981 276 1311
f 276 1152 1311
f 798 1045 797
f 1045 696 797
f 496 350 1198
f 350 497 1198
f 1269 1312 1268
f 1312 1313 1268
f 1278 1268 1280
f 1268 1313 1280
f 1291 1290 1313
f 1290 1280 1313
f 1289 1290 1288
f 1290 1287 1288
f 584 561 588
f 561 1119 588
f 96 93 94
f 94 760 96
f 453 923 1184
f 923 1182 1184
f 453 447 923
f 447 921 923
f 448 925 447
f 925 921 447
f 1183 939 448
f 939 925 448
f 454 449 455
f 449 450 455
f 421 449 419
f 449 454 419
f 418 420 419
f 420 421 419
f 420 418 937
f 418 446 937
f 696 695 797
f 695 1314 797
f 800 1045 805
f 1045 798 805
f 984 1315 811
f 1315 810 811
f 477 985 708
f 985 714 708
f 1251 714 1263
f 714 985 1263
f 697 709 1263
f 709 1251 1263
f 709 697 711
f 697 698 711
f 95 96 741
f 96 748 741
f 96 759 748
f 759 746 748
f 759 1048 746
f 1048 1050 746
f 1027 1050 1025
f 1050 1048 1025
f 1027 1025 1010
f 1025 1006 1010
f 1010 1006 1011
f 1006 1004 1011
f 344 346 339
f 346 341 339
f 644 502 1316
f 502 503 1316
f 1264 644 1317
f 644 1316 1317
f 1317 1318 1264
f 1318 821 1264
f 822 821 1319
f 821 1318 1319
f 1319 828 822
f 828 823 822
f 467 466 1314
f 466 797 1314
f 630 1320 485
f 1320 487 485
f 638 832 840
f 832 860 840
f 1248 1190 632
f 1190 631 632
f 907 1245 633
f 1245 634 633
f 630 1270 1320
f 1270 1321 1320
f 1270 1282 1321
f 1282 1322 1321
f 1323 1322 1275
f 1322 1282 1275
f 849 1246 492
f 1246 636 492
f 1324 1323 1276
f 1323 1275 1276
f 1325 1324 1279
f 1324 1276 1279
f 1326 1325 1289
f 1325 1279 1289
f 1327 1326 1288
f 1326 1289 1288
f 1288 1284 1327
f 1284 1328 1327
f 1284 1272 1328
f 1272 1329 1328
f 1272 1274 1329
f 1274 1330 1329
f 1330 1274 1331
f 1274 1294 1331
f 625 623 1294
f 623 1331 1294
f 1067 1065 1092
f 1065 1332 1092
f 1333 1235 1332
f 1235 1092 1332
f 1235 1333 1203
f 654 652 1204
f 648 1205 652
f 1205 1204 652
f 1200 1293 1285
f 1293 1292 1285
f 1291 1313 1312
f 1312 1334 1291
f 1198 1269 496
f 1269 1265 496
f 1198 1199 1269
f 1199 1312 1269
f 1334 1312 1286
f 1312 1199 1286
f 1334 1285 1292
f 1292 1291 1334
f 1127 1285 1286
f 1285 1334 1286
f 1205 648 1293
f 648 649 1293
f 1293 1200 1205
f 1200 1201 1205
f 649 1271 1287
f 1271 1283 1287
f 806 808 801
f 808 1315 801
f 984 802 1315
f 802 801 1315
f 802 984 1043
f 984 1057 1043
f 1043 1057 1021
f 1057 1033 1021
f 1034 998 1033
f 998 1021 1033
f 998 1034 999
f 1034 1335 999
f 782 784 1336
f 784 799 1336
f 800 805 799
f 805 1336 799
f 1303 1056 734
f 1056 983 734
f 1302 1035 1303
f 1035 1056 1303
f 1035 1302 1036
f 1302 1306 1036
f 994 995 1002
f 995 1003 1002
f 1013 1337 1012
f 1337 1031 1012
f 1338 1335 1036
f 1335 1034 1036
f 1339 1340 1307
f 1340 1306 1307
f 1228 1339 1227
f 1339 1307 1227
f 1340 1338 1306
f 1338 1036 1306
f 1341 1343 1342
f 1343 1344 1342
f 1342 1344 1345
f 1344 1346 1345
f 1345 1346 1347
f 1347 1346 1348
f 1348 1346 1349
f 1346 1350 1349
f 1349 1350 1351
f 1350 1352 1351
f 1351 1352 1353
f 1353 1352 1354
f 1352 1355 1354
f 1354 1355 1356
f 1356 1355 1357
f 1357 1355 1358
f 1355 1359 1358
f 1358 1359 1360
f 503 504 506
f 504 505 506
f 506 510 503
f 510 1316 503
f 510 1258 1316
f 1258 1317 1316
f 483 482 912
f 482 818 912
f 517 816 482
f 816 818 482
f 816 517 1259
f 517 1253 1259
f 525 524 851
f 524 791 851
f 527 792 524
f 792 791 524
f 792 527 1262
f 527 1255 1262
f 907 1222 487
f 1222 486 487
f 487 1320 907
f 1320 1245 907
f 1320 1321 1245
f 1321 1242 1245
f 1321 1322 1242
f 1322 554 1242
f 1189 1190 1191
f 1190 849 1191
f 1246 849 1248
f 849 1190 1248
f 1241 1246 1247
f 1246 1248 1247
f 1110 1241 1113
f 1241 1247 1113
f 840 1217 489
f 1217 488 489
f 841 840 637
f 840 489 637
f 1236 841 1240
f 841 637 1240
f 1102 1236 1105
f 1236 1240 1105
f 778 820 1253
f 820 1259 1253
f 773 461 778
f 461 820 778
f 779 830 1255
f 830 1262 1255
f 771 472 779
f 472 830 779
f 1258 794 1317
f 794 1318 1317
f 794 775 1318
f 775 1319 1318
f 775 776 1319
f 776 828 1319
f 776 1187 828
f 1187 827 828
f 826 827 465
f 827 1187 465
f 465 467 826
f 467 694 826
f 695 694 1314
f 694 467 1314
f 774 460 773
f 460 461 773
f 1186 460 1216
f 460 774 1216
f 804 1186 781
f 1186 1216 781
f 803 804 782
f 804 781 782
f 805 803 1336
f 803 782 1336
f 772 473 771
f 473 472 771
f 1215 1185 772
f 1185 473 772
f 1185 1215 809
f 1215 785 809
f 786 808 785
f 808 809 785
f 1315 808 810
f 808 786 810
f 1101 1102 1103
f 1102 1105 1103
f 572 1101 574
f 1101 1103 574
f 574 576 572
f 576 571 572
f 595 571 590
f 571 576 590
f 590 591 595
f 591 593 595
f 1117 593 1118
f 593 591 1118
f 1116 1117 738
f 1117 1118 738
f 738 739 1116
f 739 1304 1116
f 769 1304 763
f 1304 739 763
f 767 769 762
f 769 763 762
f 750 767 747
f 767 762 747
f 750 747 749
f 747 745 749
f 1049 1052 745
f 1052 749 745
f 1052 1049 1029
f 1049 1028 1029
f 1008 1014 1028
f 1014 1029 1028
f 1014 1008 1015
f 1008 1009 1015
f 582 555 1324
f 555 1323 1324
f 1124 582 1325
f 582 1324 1325
f 1122 1124 1326
f 1124 1325 1326
f 559 1122 1327
f 1122 1326 1327
f 1327 1328 559
f 1328 557 559
f 1328 1329 557
f 1329 684 557
f 1329 1330 684
f 1330 677 684
f 1331 89 1330
f 89 677 1330
f 623 88 1331
f 88 89 1331
f 624 85 623
f 85 88 623
f 1309 84 624
f 84 85 624
f 1088 1087 1309
f 1087 84 1309
f 1089 1064 1088
f 1064 1087 1088
f 1064 1089 898
f 1089 1297 898
f 1295 672 1297
f 672 898 1297
f 614 74 1295
f 74 672 1295
f 74 614 73
f 614 615 73
f 73 615 676
f 615 612 676
f 37 670 612
f 670 676 612
f 38 671 37
f 671 670 37
f 671 38 682
f 38 601 682
f 681 682 602
f 682 601 602
f 683 681 603
f 681 602 603
f 603 605 683
f 605 33 683
f 605 607 33
f 607 35 33
f 607 619 35
f 619 673 35
f 627 675 619
f 675 673 619
f 610 66 627
f 66 675 627
f 66 610 65
f 610 608 65
f 899 896 608
f 896 65 608
f 1231 680 1207
f 680 1086 1207
f 620 622 537
f 622 679 537
f 562 560 564
f 560 598 564
f 1109 1110 1111
f 1110 1113 1111
f 580 1109 600
f 1109 1111 600
f 579 580 599
f 580 600 599
f 587 579 1125
f 579 599 1125
f 585 587 1120
f 587 1125 1120
f 560 585 598
f 585 1120 598
f 564 566 562
f 566 725 562
f 622 725 679
f 725 566 679
f 536 1299 537
f 1299 620 537
f 680 1231 536
f 1231 1299 536
f 1058 1206 1086
f 1206 1207 1086
f 1059 1308 1058
f 1308 1206 1058
f 896 899 1059
f 899 1308 1059
f 1322 1323 554
f 1323 555 554
f 1361 1362 1363
f 1363 1362 1364
f 1365 1363 1366
f 1366 1363 1364
f 1364 1362 1367
f 1367 1362 1368
f 1366 1364 1369
f 1369 1364 1367
f 1370 1371 1372
f 1372 1371 1373
f 1374 1372 1375
f 1375 1372 1373
f 1376 1377 1378
f 1378 1377 1379
f 1378 1380 1381
f 1381 1380 1382
f 1383 1384 1385
f 1384 1383 1381
f 1386 1387 1388
f 1388 1387 1380
f 1389 1390 1391
f 1391 1390 1392
f 1393 1394 1395
f 1395 1394 1396
f 1397 1398 1399
f 1399 1398 1400
f 1388 1380 1379
f 1379 1380 1378
f 1401 1402 1403
f 1403 1402 1404
f 1387 1386 1405
f 1405 1386 1406
f 1407 1408 1409
f 1408 1407 1410
f 1411 1412 1413
f 1412 1411 1414
f 1415 1413 1416
f 1413 1415 1411
f 1417 1418 1416
f 1416 1418 1415
f 1419 1420 1417
f 1417 1420 1418
f 1421 1422 1423
f 1423 1422 1424
f 1425 1426 1427
f 1427 1426 1428
f 1403 1366 1401
f 1401 1366 1369
f 1368 1362 1391
f 1391 1362 1389
f 1370 1406 1371
f 1371 1406 1386
f 1374 1375 1377
f 1377 1375 1379
f 1386 1388 1371
f 1371 1388 1373
f 1379 1375 1388
f 1388 1375 1373
f 1429 1387 1430
f 1430 1387 1405
f 1387 1429 1380
f 1380 1429 1382
f 1417 1431 1419
f 1419 1431 1432
f 1433 1434 1435
f 1435 1434 1428
f 1436 1437 1438
f 1437 1436 1439
f 1440 1441 1442
f 1442 1441 1443
f 1376 1381 1383
f 1381 1376 1378
f 1442 1392 1440
f 1440 1392 1390
f 1404 1439 1436
f 1439 1404 1402
f 1444 1445 1446
f 1446 1445 1447
f 1448 1449 1450
f 1450 1449 1451
f 1450 1447 1448
f 1448 1447 1445
f 1452 1453 1454
f 1453 1455 1456
f 1457 1458 1459
f 1459 1458 1460
f 1461 1462 1463
f 1463 1462 1464
f 1465 1466 1467
f 1467 1466 1468
f 1469 1465 1470
f 1470 1465 1467
f 1471 1472 1473
f 1473 1472 1474
f 1475 1476 1477
f 1477 1476 1478
f 1472 1476 1474
f 1474 1476 1475
f 1479 1480 1481
f 1481 1480 1482
f 1479 1481 1483
f 1483 1481 1484
f 1485 1486 1477
f 1477 1486 1475
f 1487 1488 1489
f 1489 1488 1490
f 1473 1491 1471
f 1471 1491 1492
f 1493 1494 1495
f 1495 1494 1496
f 1493 1497 1494
f 1494 1497 1498
f 1467 1468 1499
f 1499 1468 1500
f 1478 1476 1501
f 1501 1476 1502
f 1476 1472 1502
f 1502 1472 1503
f 1472 1471 1503
f 1503 1471 1504
f 1492 1505 1471
f 1471 1505 1504
f 1467 1499 1470
f 1470 1499 1506
f 1507 1508 1509
f 1509 1508 1510
f 1508 1507 1511
f 1511 1507 1512
f 1513 1514 1515
f 1515 1514 1516
f 1515 1516 1517
f 1517 1516 1518
f 1519 1520 1521
f 1521 1520 1522
f 1519 1514 1520
f 1520 1514 1513
f 1523 1524 1525
f 1525 1524 1526
f 1527 1528 1524
f 1524 1528 1526
f 1529 1530 1531
f 1531 1530 1532
f 1533 1534 1530
f 1530 1534 1532
f 1535 1536 1533
f 1533 1536 1534
f 1537 1538 1535
f 1535 1538 1536
f 1539 1523 1540
f 1540 1523 1525
f 1496 1522 1495
f 1495 1522 1520
f 1517 1498 1515
f 1515 1498 1497
f 1520 1513 1495
f 1495 1513 1493
f 1515 1497 1513
f 1513 1497 1493
f 1479 1507 1480
f 1480 1507 1509
f 1507 1479 1512
f 1512 1479 1483
f 1490 1541 1489
f 1489 1541 1542
f 1474 1475 1543
f 1543 1475 1486
f 1544 1545 1546
f 1546 1545 1547
f 1473 1548 1491
f 1491 1548 1549
f 1466 1465 1550
f 1550 1465 1551
f 1469 1552 1465
f 1465 1552 1551
f 1474 1543 1473
f 1473 1543 1548
f 1541 1544 1542
f 1542 1544 1546
f 1553 1554 1555
f 1555 1554 1556
f 1556 1554 1557
f 1557 1554 1558
f 1551 1554 1550
f 1550 1554 1553
f 1558 1554 1552
f 1552 1554 1551
f 1541 1490 1543
f 1543 1490 1548
f 1543 1486 1541
f 1541 1486 1544
f 1486 1485 1544
f 1544 1485 1545
f 1549 1548 1488
f 1488 1548 1490
f 1559 1558 1560
f 1560 1558 1552
f 1561 1562 1553
f 1553 1562 1550
f 1563 1564 1565
f 1565 1564 1566
f 1567 1563 1568
f 1568 1563 1565
f 1569 1570 1571
f 1571 1570 1572
f 1563 1573 1564
f 1564 1573 1574
f 1563 1567 1573
f 1573 1567 1575
f 1571 1576 1569
f 1569 1576 1577
f 1578 1579 1580
f 1580 1579 1581
f 1582 1578 1583
f 1583 1578 1580
f 1584 1585 1586
f 1586 1585 1587
f 1588 1589 1577
f 1577 1589 1590
f 1591 1592 1593
f 1593 1592 1594
f 1595 1596 1597
f 1597 1596 1598
f 1595 1599 1596
f 1596 1599 1600
f 1592 1591 1601
f 1601 1591 1585
f 1585 1584 1601
f 1601 1584 1602
f 1603 1570 1604
f 1604 1570 1605
f 1570 1569 1605
f 1605 1569 1606
f 1577 1590 1569
f 1569 1590 1606
f 1607 1608 1587
f 1587 1608 1609
f 1610 1611 1612
f 1612 1611 1613
f 1611 1610 1614
f 1614 1610 1615
f 1593 1594 1616
f 1616 1594 1617
f 1566 1618 1565
f 1565 1618 1619
f 1620 1618 1621
f 1621 1618 1566
f 1604 1605 1622
f 1622 1605 1623
f 1605 1606 1623
f 1623 1606 1624
f 1606 1590 1624
f 1624 1590 1625
f 1590 1589 1625
f 1625 1589 1626
f 1565 1619 1568
f 1568 1619 1627
f 1598 1617 1597
f 1597 1617 1594
f 1600 1599 1602
f 1602 1599 1601
f 1594 1592 1597
f 1597 1592 1595
f 1601 1599 1592
f 1592 1599 1595
f 1578 1610 1579
f 1579 1610 1612
f 1615 1610 1582
f 1582 1610 1578
f 1619 1618 1628
f 1628 1618 1629
f 1618 1620 1629
f 1629 1620 1630
f 1622 1623 1631
f 1631 1623 1632
f 1632 1623 1633
f 1633 1623 1624
f 1633 1624 1634
f 1634 1624 1625
f 1634 1625 1635
f 1635 1625 1626
f 1627 1619 1636
f 1636 1619 1628
f 1588 1577 1637
f 1637 1577 1576
f 1576 1571 1638
f 1638 1571 1608
f 1639 1640 1611
f 1611 1640 1613
f 1641 1572 1603
f 1603 1572 1570
f 1573 1642 1574
f 1574 1642 1643
f 1644 1642 1575
f 1575 1642 1573
f 1639 1645 1642
f 1642 1645 1643
f 1640 1639 1644
f 1644 1639 1642
f 1646 1647 1648
f 1648 1647 1638
f 1586 1587 1649
f 1649 1587 1609
f 1608 1607 1638
f 1638 1607 1648
f 1572 1609 1571
f 1571 1609 1608
f 1641 1649 1572
f 1572 1649 1609
f 1638 1647 1576
f 1576 1647 1637
f 1650 1640 1651
f 1651 1640 1644
f 1585 1591 1587
f 1587 1591 1607
f 1611 1614 1639
f 1639 1614 1645
f 1616 1646 1593
f 1593 1646 1648
f 1591 1593 1607
f 1607 1593 1648
f 1652 1653 1654
f 1654 1653 1655
f 1652 1654 1656
f 1656 1654 1657
f 1658 1659 1660
f 1660 1659 1661
f 1662 1663 1664
f 1664 1663 1665
f 1662 1666 1663
f 1663 1666 1667
f 1660 1668 1658
f 1658 1668 1669
f 1670 1671 1668
f 1668 1671 1672
f 1673 1674 1675
f 1675 1674 1676
f 1674 1673 1677
f 1677 1673 1678
f 1679 1670 1660
f 1660 1670 1668
f 1679 1660 1680
f 1680 1660 1661
f 1672 1671 1681
f 1681 1671 1682
f 1683 1684 1685
f 1685 1684 1686
f 1687 1688 1689
f 1689 1688 1690
f 1684 1691 1686
f 1686 1691 1692
f 1665 1682 1664
f 1664 1682 1671
f 1667 1666 1680
f 1680 1666 1679
f 1671 1670 1664
f 1664 1670 1662
f 1679 1666 1670
f 1670 1666 1662
f 1652 1673 1653
f 1653 1673 1675
f 1678 1673 1656
f 1656 1673 1652
f 1693 1694 1695
f 1695 1694 1696
f 1697 1693 1698
f 1698 1693 1695
f 1699 1700 1701
f 1701 1700 1702
f 1703 1704 1705
f 1705 1704 1706
f 1707 1703 1708
f 1708 1703 1705
f 1696 1694 1709
f 1709 1694 1710
f 1683 1711 1684
f 1684 1711 1712
f 1713 1714 1683
f 1683 1714 1711
f 1715 1716 1717
f 1717 1716 1718
f 1715 1719 1716
f 1716 1719 1720
f 1719 1688 1720
f 1720 1688 1721
f 1688 1687 1721
f 1721 1687 1722
f 1691 1684 1723
f 1723 1684 1712
f 1724 1725 1726
f 1726 1725 1727
f 1669 1725 1658
f 1658 1725 1728
f 1729 1730 1731
f 1731 1730 1732
f 1733 1729 1734
f 1734 1729 1731
f 1730 1729 1735
f 1735 1729 1736
f 1729 1733 1736
f 1736 1733 1737
f 1738 1739 1740
f 1740 1739 1727
f 1728 1741 1658
f 1658 1741 1659
f 1740 1727 1669
f 1669 1727 1725
f 1728 1725 1742
f 1742 1725 1724
f 1741 1728 1743
f 1743 1728 1742
f 1726 1727 1744
f 1744 1727 1739
f 1745 1746 1711
f 1711 1746 1712
f 1714 1747 1711
f 1711 1747 1745
f 1748 1749 1716
f 1716 1749 1718
f 1750 1748 1720
f 1720 1748 1716
f 1751 1750 1721
f 1721 1750 1720
f 1752 1751 1722
f 1722 1751 1721
f 1746 1753 1712
f 1712 1753 1723
f 1735 1736 1677
f 1677 1736 1674
f 1676 1674 1737
f 1737 1674 1736
f 1740 1672 1738
f 1738 1672 1681
f 1740 1669 1672
f 1672 1669 1668
f 1754 1755 1756
f 1756 1755 1757
f 1758 1754 1759
f 1759 1754 1756
f 1760 1761 1762
f 1762 1761 1763
f 1760 1762 1764
f 1764 1762 1765
f 1766 1767 1768
f 1768 1767 1769
f 1770 1771 1772
f 1772 1771 1773
f 1770 1774 1771
f 1771 1774 1775
f 1776 1777 1778
f 1778 1777 1779
f 1780 1781 1782
f 1782 1781 1783
f 1784 1785 1777
f 1777 1785 1786
f 1787 1788 1789
f 1789 1788 1790
f 1790 1788 1791
f 1791 1788 1792
f 1793 1784 1776
f 1776 1784 1777
f 1793 1776 1794
f 1794 1776 1795
f 1785 1796 1786
f 1786 1796 1797
f 1798 1799 1800
f 1800 1799 1801
f 1772 1773 1785
f 1785 1773 1796
f 1775 1774 1794
f 1794 1774 1793
f 1785 1784 1772
f 1772 1784 1770
f 1793 1774 1784
f 1784 1774 1770
f 1788 1787 1760
f 1760 1787 1761
f 1788 1760 1792
f 1792 1760 1764
f 1802 1803 1804
f 1804 1803 1805
f 1806 1795 1778
f 1778 1795 1776
f 1807 1808 1790
f 1790 1808 1789
f 1809 1810 1811
f 1811 1810 1812
f 1791 1813 1790
f 1790 1813 1807
f 1786 1797 1814
f 1814 1797 1815
f 1777 1786 1779
f 1779 1786 1814
f 1816 1817 1818
f 1818 1817 1819
f 1817 1820 1819
f 1819 1820 1821
f 1817 1816 1822
f 1822 1816 1823
f 1824 1825 1826
f 1826 1825 1827
f 1828 1829 1830
f 1830 1829 1831
f 1829 1828 1832
f 1832 1828 1833
f 1834 1828 1835
f 1835 1828 1830
f 1836 1837 1838
f 1838 1837 1839
f 1840 1841 1842
f 1842 1841 1843
f 1697 1844 1693
f 1693 1844 1845
f 1846 1847 1844
f 1844 1847 1845
f 1848 1849 1850
f 1850 1849 1851
f 1851 1852 1853
f 1853 1852 1854
f 1855 1694 1845
f 1845 1694 1693
f 1710 1694 1856
f 1856 1694 1855
f 1710 1857 1858
f 1858 1857 1859
f 1860 1703 1861
f 1861 1703 1707
f 1704 1703 1862
f 1862 1703 1860
f 1699 1704 1863
f 1863 1704 1862
f 1700 1699 1864
f 1864 1699 1863
f 1865 1866 1867
f 1867 1866 1868
f 1868 1866 1869
f 1869 1866 1870
f 1840 1871 1841
f 1841 1871 1872
f 1873 1874 1871
f 1871 1874 1875
f 1876 1840 1877
f 1877 1840 1842
f 1878 1879 1880
f 1880 1879 1881
f 1882 1883 1884
f 1884 1883 1885
f 1886 1882 1887
f 1887 1882 1884
f 1888 1464 1889
f 1889 1464 1462
f 1890 1457 1891
f 1891 1457 1459
f 1892 1888 1893
f 1893 1888 1889
f 1463 1464 1894
f 1894 1464 1895
f 1464 1888 1895
f 1895 1888 1890
f 1888 1892 1890
f 1890 1892 1457
f 1450 1451 1896
f 1896 1451 1897
f 1898 1899 1900
f 1900 1899 1901
f 1899 1898 1453
f 1453 1898 1902
f 1903 1901 1904
f 1904 1901 1899
f 1893 1905 1892
f 1892 1905 1906
f 1458 1457 1906
f 1906 1457 1892
f 1453 1452 1899
f 1899 1452 1904
f 1416 1907 1417
f 1417 1907 1431
f 1385 1413 1412
f 1413 1385 1384
f 1422 1443 1424
f 1424 1443 1441
f 1413 1384 1416
f 1416 1384 1907
f 1438 1409 1408
f 1409 1438 1437
f 1382 1907 1381
f 1381 1907 1384
f 1430 1432 1429
f 1429 1432 1431
f 1907 1382 1431
f 1431 1382 1429
f 1908 1909 1910
f 1910 1909 1911
f 1910 1911 1460
f 1460 1911 1459
f 1912 1913 1914
f 1914 1913 1915
f 1916 1917 1918
f 1918 1917 1919
f 1920 1921 1922
f 1922 1921 1923
f 1916 1924 1925
f 1925 1924 1926
f 1927 1928 1929
f 1929 1928 1930
f 1929 1931 1927
f 1927 1931 1932
f 1933 1934 1935
f 1935 1934 1936
f 1935 1937 1933
f 1933 1937 1938
f 1937 1939 1938
f 1938 1939 1940
f 1915 1941 1942
f 1942 1941 1943
f 1944 1945 1946
f 1946 1945 1947
f 1948 1944 1949
f 1949 1944 1946
f 1949 1950 1948
f 1948 1950 1951
f 1952 1953 1954
f 1954 1953 1955
f 1956 1952 1957
f 1957 1952 1954
f 1918 1958 1916
f 1916 1958 1924
f 1959 1943 1960
f 1960 1943 1941
f 1961 1962 1365
f 1365 1962 1363
f 1963 1361 1962
f 1962 1361 1363
f 1964 1965 1966
f 1966 1965 1967
f 1968 1969 1970
f 1970 1969 1971
f 1361 1963 1964
f 1964 1963 1965
f 1972 1397 1973
f 1973 1397 1399
f 1974 1975 1976
f 1976 1975 1977
f 1966 1967 1978
f 1978 1967 1979
f 1902 1980 1981
f 1981 1980 1982
f 1983 1984 1985
f 1985 1984 1986
f 1987 1970 1988
f 1988 1970 1971
f 1989 1855 1990
f 1990 1855 1845
f 1991 1992 1993
f 1993 1992 1994
f 1995 1996 1851
f 1851 1996 1852
f 1997 1995 1849
f 1849 1995 1851
f 1998 1999 2000
f 2000 1999 2001
f 2002 1859 2003
f 2003 1859 1857
f 1862 1860 2004
f 2004 1860 2005
f 2006 1461 2007
f 2007 1461 1463
f 2008 2009 2010
f 2010 2009 2011
f 2012 2008 2013
f 2013 2008 2010
f 2014 2012 2015
f 2015 2012 2013
f 2016 2017 2018
f 2018 2017 2019
f 2020 2017 2021
f 2021 2017 2022
f 2017 2016 2022
f 2022 2016 2023
f 2024 2023 2025
f 2025 2023 2016
f 2026 2027 2022
f 2022 2027 2021
f 2028 2026 2023
f 2023 2026 2022
f 2029 2028 2024
f 2024 2028 2023
f 1396 1394 2030
f 2030 1394 2031
f 1427 1428 2032
f 2032 1428 1434
f 2033 1395 2034
f 2034 1395 1396
f 1426 2035 1428
f 1428 2035 1435
f 1979 1987 1978
f 1978 1987 1988
f 2036 1433 2034
f 2034 1433 1435
f 2034 1396 2036
f 2036 1396 2030
f 1449 2037 2038
f 2038 1451 1449
f 2038 2039 1451
f 1451 2039 1897
f 1896 2040 1450
f 1450 2040 1447
f 2034 1435 2033
f 2033 1435 2035
f 2041 2042 1394
f 1394 2042 2031
f 1393 2043 1394
f 1394 2043 2041
f 2044 1925 2037
f 2037 1925 2038
f 1925 1926 2038
f 2038 1926 2039
f 1894 2045 1463
f 1463 2045 2007
f 1891 1459 2046
f 2046 1459 1911
f 2046 1911 2047
f 2047 1911 1909
f 1891 2048 1890
f 1890 2048 1895
f 2046 2049 1891
f 1891 2049 2048
f 2049 2046 2050
f 2050 2046 2047
f 1894 1895 2051
f 2051 1895 2048
f 2049 2052 2048
f 2048 2052 2051
f 2052 2049 2053
f 2053 2049 2050
f 2054 2051 2055
f 2055 2051 2052
f 2055 2052 2056
f 2056 2052 2053
f 2057 2058 1886
f 1886 2058 1882
f 2059 2060 2061
f 2061 2060 2062
f 2063 2064 2065
f 2065 2064 2066
f 2067 2068 2063
f 2063 2068 2064
f 2069 2070 2071
f 2071 2070 2072
f 2073 2074 2067
f 2067 2074 2068
f 2060 2075 2062
f 2062 2075 2076
f 2077 2063 2078
f 2078 2063 2065
f 2063 2077 2067
f 2067 2077 2079
f 2080 1930 2081
f 2081 1930 1928
f 2060 2059 2082
f 2082 2059 2083
f 2075 2060 2084
f 2084 2060 2082
f 1922 1923 2085
f 2085 1923 2086
f 2087 2088 2089
f 2089 2088 2090
f 2088 2091 2090
f 2090 2091 2092
f 2082 2083 2093
f 2093 2083 2094
f 2084 2082 2095
f 2095 2082 2093
f 2096 2086 2097
f 2097 2086 1923
f 2097 2098 2096
f 2096 2098 2099
f 2100 2101 1455
f 1455 1981 2100
f 2089 2090 2102
f 2102 2090 2103
f 2104 2103 2092
f 2092 2103 2090
f 2105 2106 2107
f 2107 2106 2108
f 2109 2110 2111
f 2111 2110 2112
f 2113 2114 2112
f 2112 2114 2111
f 2115 2116 2117
f 2117 2116 2118
f 1456 2119 2120
f 2120 2119 2121
f 2122 2101 2123
f 2123 2101 2100
f 2107 2108 2122
f 2122 2108 2101
f 2115 2124 2093
f 2093 2124 2095
f 2113 2112 2125
f 2125 2112 2126
f 2127 2126 2110
f 2110 2126 2112
f 2126 2127 2128
f 2128 2127 2129
f 2125 2126 2130
f 2130 2126 2128
f 2131 2132 1839
f 1839 2132 1838
f 2133 2134 1831
f 1831 2134 1830
f 1818 2135 1816
f 1816 2135 2136
f 1831 2137 2133
f 2133 2137 2138
f 2139 2131 2140
f 2140 2131 1839
f 2141 2142 2143
f 2143 2142 2144
f 2145 2146 2147
f 2147 2146 2148
f 2149 2150 2151
f 2151 2150 2152
f 2150 2149 1876
f 1876 2149 1840
f 2153 2154 1818
f 1818 2154 2135
f 1826 2155 1824
f 1824 2155 2156
f 2157 2158 1826
f 1826 2158 2155
f 2159 2160 2161
f 2161 2160 2162
f 2155 2163 2156
f 2156 2163 2164
f 2158 2165 2155
f 2155 2165 2163
f 2144 2159 2166
f 2166 2159 2161
f 2143 2144 2167
f 2167 2144 2166
f 2168 2169 2166
f 2166 2169 2167
f 2146 2170 2148
f 2148 2170 2171
f 2148 2171 2172
f 2172 2171 2173
f 2147 2148 2174
f 2174 2148 2172
f 2175 2176 2177
f 2177 2176 2178
f 1868 1869 2177
f 2177 1869 2175
f 2179 2153 1819
f 1819 2153 1818
f 1819 1821 2179
f 2179 1821 2180
f 2181 2027 2182
f 2182 2027 2026
f 2183 2182 2028
f 2028 2182 2026
f 2184 2183 2029
f 2029 2183 2028
f 2051 2185 1894
f 1894 2185 2045
f 2051 2054 2185
f 2185 2054 2186
f 2184 2187 2183
f 2183 2187 2188
f 2189 1829 2190
f 2190 1829 1832
f 1829 2189 1831
f 1831 2189 2137
f 1999 1998 2191
f 2191 1998 2192
f 2193 1999 2194
f 2194 1999 2191
f 2071 2072 2195
f 2195 2072 2196
f 2197 2058 2195
f 2195 2058 2071
f 2198 1882 2197
f 2197 1882 2058
f 1882 2198 1883
f 1883 2198 2199
f 2200 1998 2201
f 2201 1998 2000
f 2202 2203 2204
f 2204 2203 2205
f 2206 1850 1853
f 1853 1850 1851
f 1853 1854 2207
f 2207 1854 2208
f 1854 2202 2208
f 2208 2202 2204
f 1852 2209 1854
f 1854 2209 2202
f 1873 2149 1878
f 1878 2149 2151
f 1871 1875 1872
f 1872 1875 2210
f 1871 1840 1873
f 1873 1840 2149
f 1878 1880 1873
f 1873 1880 1874
f 1879 1878 2211
f 2211 1878 2151
f 2212 2213 2192
f 2192 2213 2191
f 2214 2215 2196
f 2196 2215 2195
f 2195 2215 2197
f 2197 2215 2216
f 2197 2216 2198
f 2198 2216 2217
f 2198 2217 2199
f 2199 2217 2218
f 2219 2212 2220
f 2220 2212 2192
f 1696 2221 1695
f 1695 2221 2222
f 2223 2224 1702
f 1702 2224 1701
f 2224 2225 1701
f 1701 2225 1706
f 2225 2226 1706
f 1706 2226 1705
f 2226 2227 1705
f 1705 2227 1708
f 2221 1696 2228
f 2228 1696 1709
f 2229 1802 2230
f 2230 1802 2231
f 1802 1804 2231
f 2231 1804 2232
f 2233 2234 2235
f 2235 2234 2236
f 2236 2234 2237
f 2237 2234 2238
f 2237 2238 2239
f 2239 2238 2240
f 2239 2240 2241
f 2241 2240 2242
f 2243 2229 2244
f 2244 2229 2230
f 1853 2207 2206
f 2206 2207 2245
f 1410 2246 2247
f 2246 1410 1407
f 1414 2248 2249
f 2248 1414 1411
f 1411 2250 2248
f 2250 1411 1415
f 1415 2251 2250
f 2251 1415 1418
f 2251 1418 2252
f 2252 1418 1420
f 2253 1421 2254
f 2254 1421 1423
f 1427 2255 1425
f 1425 2255 2256
f 2254 1423 2257
f 2257 1423 1969
f 2255 1427 2258
f 2258 1427 2032
f 2257 1969 2259
f 2259 1969 1968
f 2260 2261 2262
f 2262 2261 1991
f 2263 2264 2244
f 2244 2264 2265
f 2266 2230 2262
f 2262 2230 2231
f 1993 2266 1991
f 1991 2266 2262
f 1993 2267 2266
f 2266 2267 2263
f 2266 2263 2230
f 2230 2263 2244
f 2268 2239 2269
f 2269 2239 2241
f 1868 2268 1867
f 1867 2268 2269
f 2270 2271 2272
f 2272 2271 2178
f 2235 2236 2270
f 2270 2236 2271
f 2237 2273 2236
f 2236 2273 2271
f 2273 2177 2271
f 2271 2177 2178
f 2273 2237 2268
f 2268 2237 2239
f 2177 2273 1868
f 1868 2273 2268
f 2274 2275 1757
f 1757 2275 1756
f 2275 2276 1756
f 1756 2276 1759
f 2275 2274 2277
f 2277 2274 2278
f 2276 2275 2279
f 2279 2275 2277
f 2280 2281 2282
f 2282 2281 2283
f 2280 2284 2281
f 2281 2284 2285
f 2286 2287 2288
f 2288 2287 2289
f 2286 2288 1800
f 1800 2288 1769
f 2287 2286 2290
f 2290 2286 2291
f 1800 1801 2286
f 2286 1801 2291
f 1800 1769 1798
f 1798 1769 1767
f 2287 2292 2289
f 2289 2292 2293
f 2294 2278 2295
f 2295 2278 2274
f 2292 2287 2296
f 2296 2287 2290
f 1809 1811 1781
f 1781 1811 1783
f 1780 1782 2297
f 2297 1782 2298
f 2299 2285 2300
f 2300 2285 2284
f 2301 1803 2229
f 2229 1803 1802
f 2233 2302 2234
f 2234 2302 2303
f 2303 2304 2234
f 2234 2304 2238
f 2238 2304 2240
f 2240 2304 2305
f 2240 2305 2242
f 2242 2305 2306
f 2307 2301 2243
f 2243 2301 2229
f 2222 1745 2308
f 2308 1745 1747
f 2309 2310 1724
f 1724 2310 1742
f 2310 2311 1742
f 1742 2311 1743
f 1731 1732 2312
f 2312 1732 2313
f 1734 1731 2314
f 2314 1731 2312
f 2315 2309 1726
f 1726 2309 1724
f 1744 2316 1726
f 1726 2316 2315
f 2310 2309 2317
f 2317 2309 2318
f 2317 2319 2310
f 2310 2319 2311
f 1685 1686 2313
f 2313 1686 2312
f 1686 1692 2312
f 2312 1692 2314
f 2318 2309 1690
f 1690 2309 2315
f 2315 2316 1690
f 1690 2316 1689
f 2318 1690 1719
f 1719 1690 1688
f 2319 2317 1717
f 1717 2317 1715
f 2317 2318 1715
f 1715 2318 1719
f 2320 2321 1526
f 1526 2321 1525
f 1528 2322 1526
f 1526 2322 2320
f 2323 2324 1532
f 1532 2324 1531
f 1534 2325 1532
f 1532 2325 2323
f 1536 2326 1534
f 1534 2326 2325
f 2326 1536 2327
f 2327 1536 1538
f 2321 2328 1525
f 1525 2328 1540
f 1782 1783 2329
f 2329 1783 2330
f 2329 2331 1782
f 1782 2331 2298
f 1754 2280 1755
f 1755 2280 2282
f 1754 1758 2280
f 2280 1758 2284
f 2330 1783 1768
f 1768 1783 1811
f 2330 1768 2288
f 2288 1768 1769
f 2289 2293 2329
f 2329 2293 2331
f 2329 2330 2289
f 2289 2330 2288
f 1811 1812 1768
f 1768 1812 1766
f 1499 1500 1523
f 1523 1500 1524
f 1500 2332 1524
f 1524 2332 1527
f 1501 1502 1529
f 1529 1502 1530
f 1502 1503 1530
f 1530 1503 1533
f 1533 1503 1535
f 1535 1503 1504
f 1535 1504 1537
f 1537 1504 1505
f 1506 1499 1539
f 1539 1499 1523
f 1514 1542 1516
f 1516 1542 1546
f 1555 1556 1511
f 1511 1556 1508
f 1508 1556 1510
f 1510 1556 1557
f 1516 1546 1518
f 1518 1546 1547
f 1521 1487 1519
f 1519 1487 1489
f 1519 1489 1514
f 1514 1489 1542
f 2333 2334 1629
f 1629 2334 1628
f 2335 2333 1630
f 1630 2333 1629
f 2336 2337 1632
f 1632 2337 1631
f 2338 2336 1633
f 1633 2336 1632
f 2339 2338 1634
f 1634 2338 1633
f 2340 2339 1635
f 1635 2339 1634
f 2334 2341 1628
f 1628 2341 1636
f 1836 2064 1837
f 1837 2064 2068
f 2064 1836 2066
f 2066 1836 2342
f 2172 2059 2174
f 2174 2059 2061
f 2173 2083 2172
f 2172 2083 2059
f 2094 2083 2343
f 2343 2083 2173
f 2171 2344 2173
f 2173 2344 2343
f 1837 2345 1839
f 1839 2345 2140
f 2346 2347 2348
f 2348 2347 2349
f 2347 2350 2349
f 2349 2350 2351
f 2350 2352 2351
f 2351 2352 2353
f 2352 2354 2353
f 2353 2354 2355
f 2356 2357 2358
f 2358 2357 2359
f 2360 2361 2356
f 2356 2361 2357
f 2362 2361 2363
f 2363 2361 2360
f 2364 2365 2366
f 2366 2365 2367
f 2368 2369 2370
f 2370 2369 2371
f 2372 2373 2374
f 2374 2373 2375
f 2376 2377 2349
f 2349 2377 2348
f 2378 2376 2351
f 2351 2376 2349
f 2379 2378 2353
f 2353 2378 2351
f 2380 2379 2355
f 2355 2379 2353
f 2358 2381 2356
f 2356 2381 2382
f 2382 2383 2356
f 2356 2383 2360
f 2383 2384 2360
f 2360 2384 2363
f 2355 2363 2380
f 2380 2363 2384
f 2366 2367 2385
f 2385 2367 2386
f 2370 2387 2368
f 2368 2387 2388
f 2374 2389 2372
f 2372 2389 2390
f 2372 2390 2391
f 2391 2390 2392
f 2393 2394 2395
f 2395 2394 2396
f 2397 2398 1908
f 1908 2398 1909
f 2377 2376 2397
f 2397 2376 2398
f 2398 2399 1909
f 1909 2399 2047
f 2376 2378 2398
f 2398 2378 2399
f 2378 2379 2399
f 2399 2379 2400
f 2399 2400 2047
f 2047 2400 2050
f 2379 2380 2400
f 2400 2380 2401
f 2400 2401 2050
f 2050 2401 2053
f 2160 2402 2162
f 2162 2402 2403
f 2402 2382 2403
f 2403 2382 2381
f 2404 2402 2405
f 2405 2402 2160
f 2383 2382 2404
f 2404 2382 2402
f 2406 2404 2056
f 2056 2404 2405
f 2384 2383 2406
f 2406 2383 2404
f 2056 2053 2406
f 2406 2053 2401
f 2380 2384 2401
f 2401 2384 2406
f 2121 2119 2407
f 2407 2119 2408
f 2385 2386 2408
f 2408 2386 2407
f 2105 2409 2106
f 2106 2409 2410
f 2409 2388 2410
f 2410 2388 2387
f 2111 2411 2109
f 2109 2411 2412
f 2411 2390 2412
f 2412 2390 2389
f 2114 2413 2111
f 2111 2413 2411
f 2390 2411 2392
f 2392 2411 2413
f 2116 2414 2118
f 2118 2414 2415
f 2395 2416 2393
f 2393 2416 2417
f 2416 2343 2417
f 2417 2343 2344
f 2418 2419 2420
f 2420 2419 2421
f 2422 2247 2246
f 2247 2422 2423
f 2255 2421 2256
f 2256 2421 2419
f 2421 2255 2424
f 2424 2255 2258
f 2425 2426 2427
f 2427 2426 2428
f 2426 2429 2428
f 2428 2429 2430
f 2429 2431 2430
f 2430 2431 2432
f 2431 2433 2432
f 2432 2433 2434
f 2435 2436 2437
f 2437 2436 2438
f 2429 2248 2250
f 2248 2429 2426
f 2431 2250 2251
f 2250 2431 2429
f 2433 2251 2252
f 2251 2433 2431
f 2436 2253 2254
f 2253 2436 2435
f 2426 2249 2248
f 2249 2426 2425
f 2427 2428 2439
f 2439 2428 2440
f 2428 2430 2440
f 2440 2430 2441
f 2430 2432 2441
f 2441 2432 2442
f 2432 2434 2442
f 2442 2434 2443
f 2437 2438 2444
f 2444 2438 2445
f 2446 2418 1446
f 1446 2418 2420
f 2420 2421 2447
f 2447 2421 2424
f 2448 2449 2450
f 2450 2449 2451
f 2452 2427 2453
f 2453 2427 2439
f 2422 2454 2423
f 2423 2454 2455
f 2067 2079 2073
f 2073 2079 2456
f 2457 2458 2459
f 2459 2458 2460
f 2458 2461 2460
f 2460 2461 2462
f 2463 2464 2465
f 2465 2464 2466
f 2464 2467 2466
f 2466 2467 2468
f 2467 2469 2468
f 2468 2469 2470
f 2471 2472 2473
f 2473 2472 2474
f 1928 1927 2457
f 2457 1927 2458
f 2461 2458 1932
f 1932 2458 1927
f 1934 1933 2463
f 2463 1933 2464
f 2467 2464 1938
f 1938 2464 1933
f 2469 2467 1940
f 1940 2467 1938
f 2472 1913 2474
f 2474 1913 1912
f 1960 1941 2471
f 2471 1941 2472
f 2457 2475 1928
f 1928 2475 2081
f 2089 2476 2087
f 2087 2476 2477
f 1915 1913 1941
f 1941 1913 2472
f 2098 2097 2478
f 2478 2097 2479
f 1945 1944 1920
f 1920 1944 1921
f 1953 1952 2477
f 2477 1952 2087
f 1952 1956 2087
f 2087 1956 2088
f 1958 1918 2480
f 2480 1918 2481
f 1918 1919 2481
f 2481 1919 2482
f 1921 2479 1923
f 1923 2479 2097
f 2478 2479 1951
f 1951 2479 1948
f 2481 2482 2483
f 2483 2482 2484
f 2485 2483 1959
f 1959 2483 1943
f 2480 2481 2485
f 2485 2481 2483
f 1946 1947 1937
f 1937 1947 1939
f 1949 1946 1935
f 1935 1946 1937
f 1950 1949 1936
f 1936 1949 1935
f 1954 1955 1929
f 1929 1955 1931
f 1929 1930 1954
f 1954 1930 1957
f 1942 1943 2484
f 2484 1943 2483
f 2002 2003 2486
f 2486 2003 2487
f 2078 2065 2076
f 2076 2065 2062
f 1861 2488 1860
f 1860 2488 2005
f 2447 1444 2420
f 2420 1444 1446
f 2489 1468 2490
f 2490 1468 1466
f 1561 1553 2491
f 2491 1553 1555
f 1552 1469 1560
f 1560 1469 2492
f 1511 1512 2493
f 2493 1512 2494
f 1469 1470 2492
f 2492 1470 2495
f 2332 1500 2489
f 2489 1500 1468
f 1470 1506 2495
f 2495 1506 2496
f 2497 1509 2498
f 2498 1509 1510
f 1512 1483 2494
f 2494 1483 1484
f 2499 1539 2500
f 2500 1539 1540
f 1482 1480 2497
f 2497 1480 1509
f 2490 1466 1562
f 1562 1466 1550
f 1557 1558 2501
f 2501 1558 1559
f 1621 1566 2502
f 2502 1566 1564
f 1614 1615 2503
f 2503 1615 2504
f 1564 1574 2502
f 2502 1574 2505
f 2506 1575 2507
f 2507 1575 1567
f 2507 1567 2508
f 2508 1567 1568
f 2509 1612 2510
f 2510 1612 1613
f 1615 1582 2504
f 2504 1582 1583
f 1568 1627 2508
f 2508 1627 2511
f 1581 1579 2509
f 2509 1579 1612
f 2511 1627 2512
f 2512 1627 1636
f 1574 1643 2505
f 2505 1643 2513
f 1613 1640 2510
f 2510 1640 1650
f 2513 1643 2514
f 2514 1643 1645
f 1651 1644 2506
f 2506 1644 1575
f 1645 1614 2514
f 2514 1614 2503
f 2515 1676 2516
f 2516 1676 1737
f 1677 1678 2517
f 2517 1678 2518
f 1734 2314 2519
f 2519 2314 2520
f 1685 2521 1683
f 1683 2521 1713
f 2522 1675 2515
f 2515 1675 1676
f 1678 1656 2518
f 2518 1656 1657
f 1655 1653 2522
f 2522 1653 1675
f 1709 1710 2523
f 2523 1710 1858
f 2524 1691 2525
f 2525 1691 1723
f 2526 1732 2527
f 2527 1732 1730
f 2516 1737 2528
f 2528 1737 1733
f 2527 1730 2529
f 2529 1730 1735
f 2528 1733 2519
f 2519 1733 1734
f 1735 1677 2529
f 2529 1677 2517
f 1755 2530 1757
f 1757 2530 2531
f 1791 1792 2532
f 2532 1792 2533
f 2300 2284 2534
f 2534 2284 1758
f 2535 1787 2536
f 2536 1787 1789
f 1792 1764 2533
f 2533 1764 1765
f 2537 1759 2538
f 2538 1759 2276
f 1763 1761 2535
f 2535 1761 1787
f 2243 2539 2307
f 2307 2539 2540
f 2541 2282 2542
f 2542 2282 2283
f 1808 2543 1789
f 1789 2543 2536
f 1813 1791 2544
f 2544 1791 2532
f 2169 2545 2167
f 2167 2545 1834
f 2156 2164 1822
f 1822 2164 2546
f 1824 2156 1823
f 1823 2156 1822
f 1820 1817 2546
f 2546 1817 1822
f 1825 1824 2547
f 2547 1824 1823
f 1816 2136 1823
f 1823 2136 2547
f 2167 1834 2143
f 2143 1834 1835
f 1828 1834 1833
f 1833 1834 2545
f 2548 2147 2342
f 2342 2147 2174
f 2342 1836 2548
f 2548 1836 1838
f 2261 2549 1991
f 1991 2549 2550
f 2203 2202 2551
f 2551 2202 2209
f 2455 2015 2450
f 2450 2015 2552
f 1956 2553 2088
f 2088 2553 2091
f 2553 1956 2554
f 2554 1956 1957
f 2438 2555 2445
f 2445 2555 2556
f 2557 2001 2193
f 2193 2001 1999
f 1857 2558 2003
f 2003 2558 2559
f 2560 2561 2562
f 2020 2019 2017
f 2454 2014 2455
f 2455 2014 2015
f 2018 2019 2563
f 2564 2561 2565
f 2025 2006 2024
f 2024 2006 2007
f 2045 2029 2007
f 2007 2029 2024
f 2566 2567 2555
f 2555 2567 2556
f 2117 2118 2568
f 2568 2118 2569
f 2570 2571 2572
f 2572 2571 2415
f 2117 2568 2573
f 2574 2113 2125
f 2575 2145 2548
f 2548 2145 2147
f 2132 2575 1838
f 1838 2575 2548
f 2576 2141 1835
f 1835 2141 2143
f 2134 2576 1830
f 1830 2576 1835
f 2029 2045 2184
f 2184 2045 2185
f 2185 2186 2184
f 2184 2186 2187
f 2200 2577 2220
f 2220 2577 2578
f 2213 2579 2191
f 2191 2579 2194
f 2578 2580 2220
f 2220 2580 2219
f 2222 2308 1695
f 1695 2308 1698
f 2523 2581 1709
f 1709 2581 2228
f 2539 2243 2265
f 2265 2243 2244
f 2262 2231 2260
f 2260 2231 2232
f 2267 2582 2263
f 2263 2582 2264
f 2295 2274 2531
f 2531 2274 1757
f 2538 2276 2583
f 2583 2276 2279
f 2228 2581 1753
f 1753 2581 2584
f 2520 2314 2585
f 2585 2314 1692
f 2586 2313 2526
f 2526 2313 1732
f 2521 1685 2586
f 2586 1685 2313
f 2585 1692 2524
f 2524 1692 1691
f 2530 1755 2541
f 2541 1755 2282
f 2534 1758 2537
f 2537 1758 1759
f 2496 1506 2499
f 2499 1506 1539
f 1557 2501 1510
f 1510 2501 2498
f 1555 1511 2491
f 2491 1511 2493
f 2066 2342 2061
f 2061 2342 2174
f 2587 2588 2589
f 2589 2588 2590
f 2589 2570 2587
f 2587 2570 2572
f 2118 2415 2569
f 2569 2415 2571
f 2439 2440 1461
f 1461 2440 1462
f 2440 2441 1462
f 1462 2441 1889
f 2441 2442 1889
f 1889 2442 1893
f 2442 2443 1893
f 1893 2443 1905
f 2444 2445 1903
f 1903 2445 1901
f 2567 2591 2556
f 2556 2591 1900
f 2040 2446 1447
f 1447 2446 1446
f 1986 2552 2013
f 2013 2552 2015
f 2453 2439 2006
f 2006 2439 1461
f 2592 2475 2459
f 2592 2459 2593
f 2554 1957 2080
f 2080 1957 1930
f 2065 2066 2062
f 2062 2066 2061
f 2594 2018 2595
f 2595 2018 2563
f 2453 2594 2452
f 2452 2594 2595
f 2594 2453 2025
f 2025 2453 2006
f 2018 2594 2016
f 2016 2594 2025
f 2596 2597 2462
f 2462 2597 2460
f 2459 2460 2593
f 2593 2460 2597
f 2598 2599 2468
f 2468 2599 2466
f 2465 2466 2600
f 2600 2466 2599
f 2601 2598 2470
f 2470 2598 2468
f 2602 2603 1914
f 1914 2603 1912
f 2603 2604 1912
f 1912 2604 2474
f 2603 2602 1994
f 1994 2602 2605
f 2598 2601 1996
f 1996 2601 2606
f 2599 2598 1995
f 1995 2598 1996
f 2600 2599 1997
f 1997 2599 1995
f 2473 2474 2607
f 2607 2474 2604
f 2604 2603 1992
f 1992 2603 1994
f 2593 2597 2001
f 2001 2597 2000
f 2597 2596 2000
f 2000 2596 2201
f 2607 2604 2608
f 2608 2604 1992
f 2488 2609 2005
f 2005 2609 2610
f 2611 2612 2069
f 2069 2612 2070
f 2592 2593 2557
f 2557 2593 2001
f 2074 2073 2611
f 2611 2073 2612
f 1877 2613 1876
f 1876 2613 2614
f 2613 2138 2614
f 2614 2138 2137
f 1887 2615 1886
f 1886 2615 2616
f 2615 2139 2616
f 2616 2139 2140
f 1869 1870 2617
f 2617 1870 2618
f 2180 2619 2179
f 2179 2619 2620
f 2620 2619 2175
f 2175 2619 2176
f 2617 2620 1869
f 1869 2620 2175
f 2153 2179 2617
f 2617 2179 2620
f 2621 2189 2622
f 2622 2189 2190
f 2189 2621 2137
f 2137 2621 2614
f 1876 2614 2150
f 2150 2614 2621
f 2623 2057 2616
f 2616 2057 1886
f 2610 2624 2005
f 2005 2624 2004
f 2617 2618 2153
f 2153 2618 2154
f 2150 2621 2152
f 2152 2621 2622
f 2027 2181 2610
f 2610 2181 2624
f 2345 2623 2140
f 2140 2623 2616
f 2609 2021 2610
f 2610 2021 2027
f 2456 2612 2073
f 2459 2475 2457
f 2021 2609 2020
f 2562 2486 2487
f 1856 1855 2625
f 2625 1855 1989
f 2625 1989 2626
f 2626 1989 2627
f 2626 2628 2625
f 2625 2628 2629
f 2627 1989 2630
f 2630 1989 1990
f 2631 2632 2633
f 2633 2632 2634
f 2635 2636 2637
f 2637 2636 2638
f 2636 2639 2638
f 2638 2639 2640
f 2627 2630 2641
f 2641 2630 2642
f 2643 2644 2631
f 2631 2644 2632
f 2560 2487 2645
f 2487 2560 2562
f 2487 2003 2646
f 2646 2003 2559
f 1917 1916 2044
f 2044 1916 1925
f 2647 2648 2643
f 2643 2648 2644
f 2642 2635 2641
f 2641 2635 2637
f 2649 2650 2639
f 2639 2650 2640
f 2009 2631 2011
f 2011 2631 2633
f 2651 2647 2652
f 2647 2651 2650
f 2637 2638 2626
f 2626 2638 2628
f 2626 2627 2637
f 2637 2627 2641
f 2647 2009 2652
f 2652 2009 2653
f 2634 2654 2633
f 2633 2654 2011
f 2655 1974 2656
f 2656 1974 1976
f 1398 1961 1400
f 1400 1961 1365
f 1975 1972 1977
f 1977 1972 1973
f 2449 2657 2451
f 2451 2657 2658
f 2591 2659 1900
f 1900 2659 1898
f 2659 1980 1898
f 1898 1980 1902
f 2656 1976 1410
f 1410 1976 1408
f 1399 1400 1404
f 1404 1400 1403
f 1389 1964 1390
f 1390 1964 1966
f 1400 1365 1403
f 1403 1365 1366
f 1971 1969 1424
f 1424 1969 1423
f 1362 1361 1389
f 1389 1361 1964
f 2445 2556 1901
f 1901 2556 1900
f 1976 1977 1408
f 1408 1977 1438
f 1441 1440 1988
f 1988 1440 1978
f 2257 2660 2254
f 2254 2660 2436
f 1440 1390 1978
f 1978 1390 1966
f 1399 1404 1973
f 1973 1404 1436
f 1453 1902 1455
f 1455 1902 1981
f 2423 2455 2451
f 2451 2455 2450
f 1985 1986 2010
f 2010 1986 2013
f 1424 1441 1971
f 1971 1441 1988
f 1438 1977 1436
f 1436 1977 1973
f 2085 2086 1982
f 1982 2086 1981
f 2086 2096 1981
f 1981 2096 2100
f 2116 2115 2094
f 2094 2115 2093
f 2661 2414 2662
f 2662 2414 2663
f 2123 2100 2099
f 2099 2100 2096
f 2124 2115 2573
f 2573 2115 2117
f 2128 2129 2102
f 2102 2129 2664
f 2102 2103 2128
f 2128 2103 2130
f 2103 2104 2130
f 2130 2104 2665
f 2656 2658 2655
f 2655 2658 2657
f 2656 2247 2658
f 2247 2656 1410
f 2662 2666 2661
f 2661 2666 2667
f 2587 2572 2667
f 2667 2572 2661
f 2094 2663 2116
f 2116 2663 2414
f 2572 2415 2661
f 2661 2415 2414
f 2423 2658 2247
f 2658 2423 2451
f 2436 2660 2438
f 2438 2660 2555
f 2259 2668 2257
f 2257 2668 2660
f 2668 2566 2660
f 2660 2566 2555
f 2669 2448 2552
f 2552 2448 2450
f 2125 2130 2574
f 2574 2130 2665
f 1984 2669 1986
f 1986 2669 2552
f 2654 1985 2011
f 2011 1985 2010
f 2476 2089 2664
f 2664 2089 2102
f 2221 1746 2222
f 2222 1746 1745
f 1749 1748 2223
f 2223 1748 2224
f 1748 1750 2224
f 2224 1750 2225
f 1750 1751 2225
f 2225 1751 2226
f 1751 1752 2226
f 2226 1752 2227
f 2228 1753 2221
f 2221 1753 1746
f 1803 2301 2278
f 2278 2301 2277
f 2294 1805 2278
f 2278 1805 1803
f 2303 2302 2290
f 2290 2302 2296
f 2304 2303 2291
f 2291 2303 2290
f 1801 2305 2291
f 2291 2305 2304
f 2306 2305 1799
f 1799 2305 1801
f 2307 2540 2279
f 2279 2540 2583
f 2277 2301 2279
f 2279 2301 2307
f 2321 2320 2208
f 2208 2320 2207
f 2207 2320 2245
f 2245 2320 2322
f 1881 2324 1880
f 1880 2324 2323
f 1880 2323 1874
f 1874 2323 2325
f 1874 2325 1875
f 1875 2325 2326
f 1875 2326 2210
f 2210 2326 2327
f 2670 2328 2205
f 2205 2328 2204
f 2328 2321 2204
f 2204 2321 2208
f 2334 2333 2212
f 2212 2333 2213
f 2333 2335 2213
f 2213 2335 2579
f 2337 2336 2214
f 2214 2336 2215
f 2215 2336 2216
f 2216 2336 2338
f 2216 2338 2217
f 2217 2338 2339
f 2217 2339 2218
f 2218 2339 2340
f 2580 2671 2219
f 2219 2671 2341
f 2341 2334 2219
f 2219 2334 2212
f 1753 2584 1723
f 1723 2584 2525
f 2328 2670 1540
f 1540 2670 2500
f 2341 2671 1636
f 1636 2671 2512
f 2158 2157 2405
f 2405 2157 2056
f 1856 2558 1710
f 1710 2558 1857
f 2629 2628 2672
f 2672 2628 2673
f 2638 2640 2628
f 2628 2640 2673
f 2651 2673 2650
f 2650 2673 2640
f 2649 2648 2650
f 2650 2648 2647
f 1944 1948 1921
f 1921 1948 2479
f 1456 1454 1453
f 1454 1456 2120
f 1813 2544 2283
f 2283 2544 2542
f 1813 2283 1807
f 1807 2283 2281
f 1808 1807 2285
f 2285 1807 2281
f 2543 1808 2299
f 2299 1808 2285
f 1814 1815 1809
f 1809 1815 1810
f 1781 1779 1809
f 1809 1779 1814
f 1778 1779 1780
f 1780 1779 1781
f 1780 2297 1778
f 1778 2297 1806
f 2056 2157 2055
f 2055 2157 2674
f 2160 2165 2405
f 2405 2165 2158
f 2344 2171 2675
f 2675 2171 2170
f 1837 2068 2345
f 2345 2068 2074
f 2611 2623 2074
f 2074 2623 2345
f 2057 2623 2069
f 2069 2623 2611
f 2069 2071 2057
f 2057 2071 2058
f 1455 2101 1456
f 1456 2101 2108
f 1456 2108 2119
f 2119 2108 2106
f 2119 2106 2408
f 2408 2106 2410
f 2387 2385 2410
f 2410 2385 2408
f 2387 2370 2385
f 2385 2370 2366
f 2370 2371 2366
f 2366 2371 2364
f 1704 1699 1706
f 1706 1699 1701
f 2004 2676 1862
f 1862 2676 1863
f 2624 2677 2004
f 2004 2677 2676
f 2677 2624 2678
f 2678 2624 2181
f 2182 2679 2181
f 2181 2679 2678
f 2679 2182 2188
f 2188 2182 2183
f 1827 2674 1826
f 1826 2674 2157
f 1990 1845 2680
f 2680 1845 1847
f 1998 2200 2192
f 2192 2200 2220
f 2608 1992 2550
f 2550 1992 1991
f 2267 1993 2605
f 2605 1993 1994
f 1990 2680 2630
f 2630 2680 2681
f 2630 2681 2642
f 2642 2681 2682
f 2683 2635 2682
f 2682 2635 2642
f 2209 1852 2606
f 2606 1852 1996
f 2684 2636 2683
f 2683 2636 2635
f 2685 2639 2684
f 2684 2639 2636
f 2686 2649 2685
f 2685 2649 2639
f 2687 2648 2686
f 2686 2648 2649
f 2648 2687 2644
f 2644 2687 2688
f 2644 2688 2632
f 2632 2688 2689
f 2632 2689 2634
f 2634 2689 2690
f 2690 2691 2634
f 2634 2691 2654
f 1985 2654 1983
f 1983 2654 2691
f 2427 2452 2425
f 2425 2452 2692
f 2693 2692 2595
f 2595 2692 2452
f 2595 2563 2693
f 2014 2564 2012
f 2008 2012 2565
f 2565 2012 2564
f 2560 2645 2653
f 2653 2645 2652
f 2651 2672 2673
f 2672 2651 2694
f 2558 1856 2629
f 2629 1856 2625
f 2558 2629 2559
f 2559 2629 2672
f 2694 2646 2672
f 2672 2646 2559
f 2694 2652 2645
f 2652 2694 2651
f 2487 2646 2645
f 2645 2646 2694
f 2565 2653 2008
f 2008 2653 2009
f 2653 2565 2560
f 2560 2565 2561
f 2009 2647 2631
f 2631 2647 2643
f 2166 2161 2168
f 2168 2161 2675
f 2344 2675 2162
f 2162 2675 2161
f 2162 2403 2344
f 2344 2403 2417
f 2403 2381 2417
f 2417 2381 2393
f 2394 2393 2358
f 2358 2393 2381
f 2358 2359 2394
f 2394 2359 2695
f 2142 2696 2144
f 2144 2696 2159
f 2160 2159 2165
f 2165 2159 2696
f 2663 2094 2416
f 2416 2094 2343
f 2662 2663 2395
f 2395 2663 2416
f 2395 2396 2662
f 2662 2396 2666
f 2354 2362 2355
f 2355 2362 2363
f 2373 2372 2697
f 2697 2372 2391
f 2698 2396 2695
f 2695 2396 2394
f 2699 2667 2700
f 2700 2667 2666
f 2588 2587 2699
f 2699 2587 2667
f 2700 2666 2698
f 2698 2666 2396
f 2701 2702 2703
f 2703 2702 2704
f 2702 2705 2704
f 2704 2705 2706
f 2705 2707 2706
f 2707 2708 2706
f 2708 2709 2706
f 2706 2709 2710
f 2709 2711 2710
f 2710 2711 2712
f 2711 2713 2712
f 2713 2714 2712
f 2712 2714 2715
f 2714 2716 2715
f 2716 2717 2715
f 2717 2718 2715
f 2715 2718 2719
f 2718 2720 2719
f 1863 1866 1864
f 1864 1866 1865
f 1866 1863 1870
f 1870 1863 2676
f 1870 2676 2618
f 2618 2676 2677
f 1843 2272 1842
f 1842 2272 2178
f 1877 1842 2176
f 2176 1842 2178
f 2176 2619 1877
f 1877 2619 2613
f 1885 2211 1884
f 1884 2211 2151
f 1887 1884 2152
f 2152 1884 2151
f 2152 2622 1887
f 1887 2622 2615
f 2267 1847 2582
f 2582 1847 1846
f 1847 2267 2680
f 2680 2267 2605
f 2680 2605 2681
f 2681 2605 2602
f 2681 2602 2682
f 2682 2602 1914
f 2549 2551 2550
f 2550 2551 2209
f 2606 2608 2209
f 2209 2608 2550
f 2601 2607 2606
f 2606 2607 2608
f 2470 2473 2601
f 2601 2473 2607
f 2200 1849 2577
f 2577 1849 1848
f 2201 1997 2200
f 2200 1997 1849
f 2596 2600 2201
f 2201 2600 1997
f 2462 2465 2596
f 2596 2465 2600
f 2138 2613 2180
f 2180 2613 2619
f 2133 2138 1821
f 1821 2138 2180
f 2139 2615 2190
f 2190 2615 2622
f 2131 2139 1832
f 1832 2139 2190
f 2618 2677 2154
f 2154 2677 2678
f 2154 2678 2135
f 2135 2678 2679
f 2135 2679 2136
f 2136 2679 2188
f 2136 2188 2547
f 2547 2188 2187
f 2186 1825 2187
f 2187 1825 2547
f 1825 2186 1827
f 1827 2186 2054
f 2055 2674 2054
f 2054 2674 1827
f 2134 2133 1820
f 1820 2133 1821
f 2546 2576 1820
f 1820 2576 2134
f 2164 2141 2546
f 2546 2141 2576
f 2163 2142 2164
f 2164 2142 2141
f 2165 2696 2163
f 2163 2696 2142
f 2132 2131 1833
f 1833 2131 1832
f 2575 2132 2545
f 2545 2132 1833
f 2545 2169 2575
f 2575 2169 2145
f 2146 2145 2168
f 2168 2145 2169
f 2675 2170 2168
f 2168 2170 2146
f 2461 2463 2462
f 2462 2463 2465
f 1932 1934 2461
f 2461 1934 2463
f 1934 1932 1936
f 1936 1932 1931
f 1955 1950 1931
f 1931 1950 1936
f 1950 1955 1951
f 1951 1955 1953
f 2477 2478 1953
f 1953 2478 1951
f 2476 2098 2477
f 2477 2098 2478
f 2098 2476 2099
f 2099 2476 2664
f 2129 2123 2664
f 2664 2123 2099
f 2127 2122 2129
f 2129 2122 2123
f 2110 2107 2127
f 2127 2107 2122
f 2110 2109 2107
f 2107 2109 2105
f 2409 2105 2412
f 2412 2105 2109
f 2412 2389 2409
f 2409 2389 2388
f 2368 2388 2374
f 2374 2388 2389
f 2374 2375 2368
f 2368 2375 2369
f 1942 2684 1915
f 1915 2684 2683
f 2484 2685 1942
f 1942 2685 2684
f 2482 2686 2484
f 2484 2686 2685
f 1919 2687 2482
f 2482 2687 2686
f 2687 1919 2688
f 2688 1919 1917
f 2688 1917 2689
f 2689 1917 2044
f 2689 2044 2690
f 2690 2044 2037
f 2691 2690 1449
f 1449 2690 2037
f 1983 2691 1448
f 1448 2691 1449
f 1984 1983 1445
f 1445 1983 1448
f 2669 1984 1444
f 1444 1984 1445
f 2448 2669 2447
f 2447 2669 1444
f 2449 2448 2424
f 2424 2448 2447
f 2424 2258 2449
f 2449 2258 2657
f 2655 2657 2032
f 2032 2657 2258
f 1974 2655 1434
f 1434 2655 2032
f 1434 1433 1974
f 1974 1433 1975
f 1433 2036 1975
f 1975 2036 1972
f 1397 1972 2030
f 2030 1972 2036
f 1398 1397 2031
f 2031 1397 2030
f 2031 2042 1398
f 1398 2042 1961
f 2041 1962 2042
f 2042 1962 1961
f 2043 1963 2041
f 2041 1963 1962
f 1963 2043 1965
f 1965 2043 1393
f 1965 1393 1967
f 1967 1393 1395
f 1967 1395 1979
f 1979 1395 2033
f 1987 1979 2035
f 2035 1979 2033
f 1970 1987 1426
f 1426 1987 2035
f 1426 1425 1970
f 1970 1425 1968
f 2259 1968 2256
f 2256 1968 1425
f 2591 2567 2040
f 2040 2567 2446
f 1980 1897 1982
f 1982 1897 2039
f 1922 1924 1920
f 1920 1924 1958
f 2469 2471 2470
f 2470 2471 2473
f 1940 1960 2469
f 2469 1960 2471
f 1939 1959 1940
f 1940 1959 1960
f 1947 2485 1939
f 1939 2485 1959
f 1945 2480 1947
f 1947 2480 2485
f 1920 1958 1945
f 1945 1958 2480
f 1924 1922 1926
f 1926 1922 2085
f 1982 2039 2085
f 2085 2039 1926
f 1896 1897 2659
f 2659 1897 1980
f 2040 1896 2591
f 2591 1896 2659
f 2418 2446 2566
f 2566 2446 2567
f 2419 2418 2668
f 2668 2418 2566
f 2256 2419 2259
f 2259 2419 2668
f 2682 1914 2683
f 2683 1914 1915
